{
  "meta": {
    "goal": "flow",
    "score": 0.5872793272677653,
    "generated_at": "2026-04-12T20:38:16.397556+00:00",
    "optimizer_generations": 28,
    "audio_duration_secs": 12.0
  },
  "preset": {
    "master_gain": 0.770549,
    "spatial_mode": 1,
    "source_count": 8,
    "anchor_color": 1,
    "anchor_volume": 0.2767364,
    "environment": 0,
    "objects": [
      {
        "active": true,
        "color": 5,
        "x": -4.2719383,
        "y": 1.759244,
        "z": -5.0,
        "volume": 1.0,
        "reverb_send": 0.58197564,
        "bass_mod": {
          "kind": 4,
          "param_a": 40.0,
          "param_b": 0.4021173,
          "param_c": 0.8
        },
        "satellite_mod": {
          "kind": 4,
          "param_a": 22.987288,
          "param_b": 0.97969073,
          "param_c": 0.25672477
        },
        "movement": {
          "kind": 2,
          "radius": 0.0,
          "speed": 1.7562982,
          "phase": 3.9071486,
          "depth_min": 2.359212,
          "depth_max": 6.0,
          "reverb_min": 0.364916,
          "reverb_max": 0.0
        },
        "tint_freq": 7548.56,
        "tint_db": -3.0442262
      },
      {
        "active": false,
        "color": 2,
        "x": -2.73556,
        "y": -1.6201079,
        "z": 5.0,
        "volume": 0.25426644,
        "reverb_send": 0.44142443,
        "bass_mod": {
          "kind": 0,
          "param_a": 40.0,
          "param_b": 0.72691846,
          "param_c": 0.2566651
        },
        "satellite_mod": {
          "kind": 5,
          "param_a": 40.0,
          "param_b": 0.1965175,
          "param_c": 0.6470416
        },
        "movement": {
          "kind": 0,
          "radius": 0.0,
          "speed": 1.7503376,
          "phase": 3.2964315,
          "depth_min": 2.46706,
          "depth_max": 2.1281145,
          "reverb_min": 0.0,
          "reverb_max": 0.06634234
        },
        "tint_freq": 319.8752,
        "tint_db": 4.927038
      },
      {
        "active": true,
        "color": 1,
        "x": -1.3231757,
        "y": -3.0,
        "z": -2.2064974,
        "volume": 0.0,
        "reverb_send": 0.23938718,
        "bass_mod": {
          "kind": 2,
          "param_a": 3.0,
          "param_b": 0.76721805,
          "param_c": 0.44548094
        },
        "satellite_mod": {
          "kind": 0,
          "param_a": 9.011285,
          "param_b": 0.46079472,
          "param_c": 0.0
        },
        "movement": {
          "kind": 3,
          "radius": 3.9664664,
          "speed": 0.41595632,
          "phase": 1.9800831,
          "depth_min": 4.478732,
          "depth_max": 1.657329,
          "reverb_min": 0.18261215,
          "reverb_max": 0.8488007
        },
        "tint_freq": 0.0,
        "tint_db": 0.0
      },
      {
        "active": true,
        "color": 3,
        "x": -0.6667867,
        "y": 1.4314163,
        "z": 3.7477713,
        "volume": 1.0,
        "reverb_send": 0.56500983,
        "bass_mod": {
          "kind": 5,
          "param_a": 30.48721,
          "param_b": 0.32440683,
          "param_c": 0.26051703
        },
        "satellite_mod": {
          "kind": 2,
          "param_a": 0.0,
          "param_b": 1.0,
          "param_c": 0.05838864
        },
        "movement": {
          "kind": 1,
          "radius": 4.495006,
          "speed": 4.3899918,
          "phase": 3.2044444,
          "depth_min": 2.0080028,
          "depth_max": 5.701443,
          "reverb_min": 1.0,
          "reverb_max": 0.08702817
        },
        "tint_freq": 0.0,
        "tint_db": 0.0
      },
      {
        "active": false,
        "color": 4,
        "x": 5.0,
        "y": -3.0,
        "z": -3.241391,
        "volume": 0.6902822,
        "reverb_send": 0.3152012,
        "bass_mod": {
          "kind": 1,
          "param_a": 2.0,
          "param_b": 0.045803454,
          "param_c": 0.0
        },
        "satellite_mod": {
          "kind": 4,
          "param_a": 37.008224,
          "param_b": 1.0,
          "param_c": 0.0
        },
        "movement": {
          "kind": 4,
          "radius": 1.964968,
          "speed": 2.194552,
          "phase": 0.0,
          "depth_min": 3.4890594,
          "depth_max": 2.7350025,
          "reverb_min": 1.0,
          "reverb_max": 0.4518727
        },
        "tint_freq": 1840.8892,
        "tint_db": 4.210574
      },
      {
        "active": true,
        "color": 0,
        "x": 3.5380533,
        "y": -1.8281125,
        "z": -1.0634458,
        "volume": 0.9534995,
        "reverb_send": 0.8499472,
        "bass_mod": {
          "kind": 4,
          "param_a": 15.490136,
          "param_b": 0.2211618,
          "param_c": 0.46377203
        },
        "satellite_mod": {
          "kind": 0,
          "param_a": 17.142897,
          "param_b": 0.0,
          "param_c": 0.56246984
        },
        "movement": {
          "kind": 5,
          "radius": 0.5293122,
          "speed": 2.717545,
          "phase": 1.525568,
          "depth_min": 2.6350975,
          "depth_max": 2.2220273,
          "reverb_min": 0.949385,
          "reverb_max": 0.64336854
        },
        "tint_freq": 3415.2192,
        "tint_db": 1.0968691
      },
      {
        "active": false,
        "color": 3,
        "x": 5.0,
        "y": -1.214384,
        "z": -5.0,
        "volume": 1.0,
        "reverb_send": 0.28903943,
        "bass_mod": {
          "kind": 2,
          "param_a": 3.0,
          "param_b": 0.41779107,
          "param_c": 0.36398575
        },
        "satellite_mod": {
          "kind": 4,
          "param_a": 1.0,
          "param_b": 0.4635361,
          "param_c": 0.57626295
        },
        "movement": {
          "kind": 0,
          "radius": 5.0,
          "speed": 0.41314825,
          "phase": 2.3403933,
          "depth_min": 0.8960763,
          "depth_max": 6.0,
          "reverb_min": 0.8449026,
          "reverb_max": 0.41860902
        },
        "tint_freq": 6903.588,
        "tint_db": 6.0
      },
      {
        "active": false,
        "color": 4,
        "x": -5.0,
        "y": 0.26118946,
        "z": -1.8045889,
        "volume": 0.49657643,
        "reverb_send": 0.08170408,
        "bass_mod": {
          "kind": 0,
          "param_a": 6.0919595,
          "param_b": 0.25350085,
          "param_c": 0.5138398
        },
        "satellite_mod": {
          "kind": 0,
          "param_a": 0.0,
          "param_b": 0.98086,
          "param_c": 0.35299546
        },
        "movement": {
          "kind": 3,
          "radius": 1.3407364,
          "speed": 3.261159,
          "phase": 1.7459397,
          "depth_min": 2.3221772,
          "depth_max": 2.1910174,
          "reverb_min": 0.8230556,
          "reverb_max": 0.013082149
        },
        "tint_freq": 402.48358,
        "tint_db": 2.0412786
      }
    ]
  },
  "analysis": {
    "fhn_firing_rate": 2.6,
    "fhn_isi_cv": 0.24279976536143674,
    "dominant_freq_hz": 0.54931640625,
    "band_powers": {
      "delta": 0.5077636323548389,
      "theta": 0.14276587197861612,
      "alpha": 0.06927934672768389,
      "beta": 0.25574169433071237,
      "gamma": 0.0244494546081486
    }
  }
}