preset_id,profile,goal,replicate_index,score
p06_noise_random_pulse,adhd,deep_relaxation,0,0.478742102259708
p06_noise_random_pulse,adhd,deep_relaxation,1,0.493892260918802
p06_noise_random_pulse,adhd,deep_relaxation,2,0.479611664588753
p06_noise_random_pulse,adhd,deep_relaxation,3,0.346176910193955
p06_noise_random_pulse,adhd,deep_relaxation,4,0.463298405635305
p06_noise_random_pulse,adhd,deep_relaxation,5,0.469655430125253
p06_noise_random_pulse,adhd,deep_relaxation,6,0.452278039706451
p06_noise_random_pulse,adhd,deep_relaxation,7,0.444967635381764
p06_noise_random_pulse,adhd,deep_relaxation,8,0.429982394644970
p06_noise_random_pulse,adhd,deep_relaxation,9,0.448034016309037
p06_noise_random_pulse,adhd,deep_relaxation,10,0.529352538256962
p06_noise_random_pulse,adhd,deep_relaxation,11,0.458381147547787
p06_noise_random_pulse,adhd,deep_relaxation,12,0.476628211147399
p06_noise_random_pulse,adhd,deep_relaxation,13,0.382575256086146
p06_noise_random_pulse,adhd,deep_relaxation,14,0.504918410502945
p06_noise_random_pulse,adhd,deep_relaxation,15,0.397875578229407
p06_noise_random_pulse,adhd,deep_relaxation,16,0.456292516656509
p06_noise_random_pulse,adhd,deep_relaxation,17,0.448868832516333
p06_noise_random_pulse,adhd,deep_relaxation,18,0.436670377409607
p06_noise_random_pulse,adhd,deep_relaxation,19,0.476151774685580
p06_noise_random_pulse,adhd,deep_relaxation,20,0.361841157373727
p06_noise_random_pulse,adhd,deep_relaxation,21,0.496571904405627
p06_noise_random_pulse,adhd,deep_relaxation,22,0.482277056266813
p06_noise_random_pulse,adhd,deep_relaxation,23,0.380099882250508
p06_noise_random_pulse,adhd,deep_relaxation,24,0.484640401610841
p06_noise_random_pulse,adhd,deep_relaxation,25,0.395207708183343
p06_noise_random_pulse,adhd,deep_relaxation,26,0.443648400973436
p06_noise_random_pulse,adhd,deep_relaxation,27,0.545429176098178
p06_noise_random_pulse,adhd,deep_relaxation,28,0.384202930661827
p06_noise_random_pulse,adhd,deep_relaxation,29,0.511228717002088
p06_noise_random_pulse,adhd,deep_relaxation,30,0.497443223078187
p06_noise_random_pulse,adhd,deep_relaxation,31,0.472535437304345
p06_noise_random_pulse,adhd,deep_relaxation,32,0.516771740468184
p06_noise_random_pulse,adhd,deep_relaxation,33,0.505896066710804
p06_noise_random_pulse,adhd,deep_relaxation,34,0.414433119209498
p06_noise_random_pulse,adhd,deep_relaxation,35,0.490184868049139
p06_noise_random_pulse,adhd,deep_relaxation,36,0.434551648310515
p06_noise_random_pulse,adhd,deep_relaxation,37,0.385700659490418
p06_noise_random_pulse,adhd,deep_relaxation,38,0.483909329775095
p06_noise_random_pulse,adhd,deep_relaxation,39,0.452481764221903
p06_noise_random_pulse,adhd,deep_relaxation,40,0.490982530820713
p06_noise_random_pulse,adhd,deep_relaxation,41,0.477815890595101
p06_noise_random_pulse,adhd,deep_relaxation,42,0.593576737358652
p06_noise_random_pulse,adhd,deep_relaxation,43,0.501437046487691
p06_noise_random_pulse,adhd,deep_relaxation,44,0.378963768199920
p06_noise_random_pulse,adhd,deep_relaxation,45,0.510038694164680
p06_noise_random_pulse,adhd,deep_relaxation,46,0.534355619332916
p06_noise_random_pulse,adhd,deep_relaxation,47,0.487671150917148
p06_noise_random_pulse,adhd,deep_relaxation,48,0.398872973940194
p06_noise_random_pulse,adhd,deep_relaxation,49,0.471158634862740
p06_noise_random_pulse,adhd,deep_relaxation,50,0.492975461486258
p06_noise_random_pulse,adhd,deep_relaxation,51,0.455187197331152
p06_noise_random_pulse,adhd,deep_relaxation,52,0.386623164162563
p06_noise_random_pulse,adhd,deep_relaxation,53,0.493455312208699
p06_noise_random_pulse,adhd,deep_relaxation,54,0.421794724705407
p06_noise_random_pulse,adhd,deep_relaxation,55,0.479222417701063
p06_noise_random_pulse,adhd,deep_relaxation,56,0.477337650011390
p06_noise_random_pulse,adhd,deep_relaxation,57,0.557771881993134
p06_noise_random_pulse,adhd,deep_relaxation,58,0.534793884452315
p06_noise_random_pulse,adhd,deep_relaxation,59,0.371164343512026
p06_noise_random_pulse,adhd,deep_relaxation,60,0.510128536792954
p06_noise_random_pulse,adhd,deep_relaxation,61,0.536465466741134
p06_noise_random_pulse,adhd,deep_relaxation,62,0.553517391894051
p06_noise_random_pulse,adhd,deep_relaxation,63,0.525095226403394
p06_noise_random_walk,adhd,deep_relaxation,0,0.474772434788013
p06_noise_random_walk,adhd,deep_relaxation,1,0.411363715886452
p06_noise_random_walk,adhd,deep_relaxation,2,0.567802662387800
p06_noise_random_walk,adhd,deep_relaxation,3,0.436230713553308
p06_noise_random_walk,adhd,deep_relaxation,4,0.510578935230129
p06_noise_random_walk,adhd,deep_relaxation,5,0.564137793534958
p06_noise_random_walk,adhd,deep_relaxation,6,0.485706004886598
p06_noise_random_walk,adhd,deep_relaxation,7,0.445108255110692
p06_noise_random_walk,adhd,deep_relaxation,8,0.483290293758686
p06_noise_random_walk,adhd,deep_relaxation,9,0.509456374281064
p06_noise_random_walk,adhd,deep_relaxation,10,0.512204987106475
p06_noise_random_walk,adhd,deep_relaxation,11,0.593307491131621
p06_noise_random_walk,adhd,deep_relaxation,12,0.467986816681332
p06_noise_random_walk,adhd,deep_relaxation,13,0.490685201144584
p06_noise_random_walk,adhd,deep_relaxation,14,0.453562856908710
p06_noise_random_walk,adhd,deep_relaxation,15,0.421294205617626
p06_noise_random_walk,adhd,deep_relaxation,16,0.423119231077843
p06_noise_random_walk,adhd,deep_relaxation,17,0.499735970062298
p06_noise_random_walk,adhd,deep_relaxation,18,0.462194311988849
p06_noise_random_walk,adhd,deep_relaxation,19,0.489547344084455
p06_noise_random_walk,adhd,deep_relaxation,20,0.603983876268308
p06_noise_random_walk,adhd,deep_relaxation,21,0.476697626029878
p06_noise_random_walk,adhd,deep_relaxation,22,0.447654889358769
p06_noise_random_walk,adhd,deep_relaxation,23,0.468355127310282
p06_noise_random_walk,adhd,deep_relaxation,24,0.509010762428674
p06_noise_random_walk,adhd,deep_relaxation,25,0.555429747776580
p06_noise_random_walk,adhd,deep_relaxation,26,0.436406745539815
p06_noise_random_walk,adhd,deep_relaxation,27,0.394611942483182
p06_noise_random_walk,adhd,deep_relaxation,28,0.426899795424742
p06_noise_random_walk,adhd,deep_relaxation,29,0.426998902332421
p06_noise_random_walk,adhd,deep_relaxation,30,0.619790671388152
p06_noise_random_walk,adhd,deep_relaxation,31,0.498379431391604
p06_noise_random_walk,adhd,deep_relaxation,32,0.622094568421197
p06_noise_random_walk,adhd,deep_relaxation,33,0.518306146094987
p06_noise_random_walk,adhd,deep_relaxation,34,0.511378803244278
p06_noise_random_walk,adhd,deep_relaxation,35,0.530741121717351
p06_noise_random_walk,adhd,deep_relaxation,36,0.562289019014084
p06_noise_random_walk,adhd,deep_relaxation,37,0.525341606708210
p06_noise_random_walk,adhd,deep_relaxation,38,0.442920945699472
p06_noise_random_walk,adhd,deep_relaxation,39,0.556412352056393
p06_noise_random_walk,adhd,deep_relaxation,40,0.575856423388478
p06_noise_random_walk,adhd,deep_relaxation,41,0.439940817953454
p06_noise_random_walk,adhd,deep_relaxation,42,0.434547072951737
p06_noise_random_walk,adhd,deep_relaxation,43,0.585334281995560
p06_noise_random_walk,adhd,deep_relaxation,44,0.398238203982521
p06_noise_random_walk,adhd,deep_relaxation,45,0.515967910132720
p06_noise_random_walk,adhd,deep_relaxation,46,0.486218668086232
p06_noise_random_walk,adhd,deep_relaxation,47,0.417561383717643
p06_noise_random_walk,adhd,deep_relaxation,48,0.560241940896861
p06_noise_random_walk,adhd,deep_relaxation,49,0.528222209105070
p06_noise_random_walk,adhd,deep_relaxation,50,0.509958495153438
p06_noise_random_walk,adhd,deep_relaxation,51,0.458526622721911
p06_noise_random_walk,adhd,deep_relaxation,52,0.544832555772884
p06_noise_random_walk,adhd,deep_relaxation,53,0.499881934287343
p06_noise_random_walk,adhd,deep_relaxation,54,0.652999733390860
p06_noise_random_walk,adhd,deep_relaxation,55,0.410947990363418
p06_noise_random_walk,adhd,deep_relaxation,56,0.522616545285943
p06_noise_random_walk,adhd,deep_relaxation,57,0.463839142217712
p06_noise_random_walk,adhd,deep_relaxation,58,0.513033191925009
p06_noise_random_walk,adhd,deep_relaxation,59,0.464163197248041
p06_noise_random_walk,adhd,deep_relaxation,60,0.489652892992438
p06_noise_random_walk,adhd,deep_relaxation,61,0.421761849207559
p06_noise_random_walk,adhd,deep_relaxation,62,0.557066236193520
p06_noise_random_walk,adhd,deep_relaxation,63,0.471051448220367
p06_noise_room,adhd,deep_relaxation,0,0.591624649911391
p06_noise_room,adhd,deep_relaxation,1,0.494731021047788
p06_noise_room,adhd,deep_relaxation,2,0.589609908370113
p06_noise_room,adhd,deep_relaxation,3,0.509159625890989
p06_noise_room,adhd,deep_relaxation,4,0.471698817007548
p06_noise_room,adhd,deep_relaxation,5,0.535161483239048
p06_noise_room,adhd,deep_relaxation,6,0.472226227859109
p06_noise_room,adhd,deep_relaxation,7,0.653578705462433
p06_noise_room,adhd,deep_relaxation,8,0.478786179276042
p06_noise_room,adhd,deep_relaxation,9,0.641945024788252
p06_noise_room,adhd,deep_relaxation,10,0.441331258581614
p06_noise_room,adhd,deep_relaxation,11,0.503678608610441
p06_noise_room,adhd,deep_relaxation,12,0.548399884754068
p06_noise_room,adhd,deep_relaxation,13,0.582209913571748
p06_noise_room,adhd,deep_relaxation,14,0.521485289507023
p06_noise_room,adhd,deep_relaxation,15,0.524804140092724
p06_noise_room,adhd,deep_relaxation,16,0.592112198981762
p06_noise_room,adhd,deep_relaxation,17,0.431778115860688
p06_noise_room,adhd,deep_relaxation,18,0.596780600941767
p06_noise_room,adhd,deep_relaxation,19,0.558950767246677
p06_noise_room,adhd,deep_relaxation,20,0.546827281239453
p06_noise_room,adhd,deep_relaxation,21,0.507049430361931
p06_noise_room,adhd,deep_relaxation,22,0.402176106690024
p06_noise_room,adhd,deep_relaxation,23,0.609040520845136
p06_noise_room,adhd,deep_relaxation,24,0.554445613956599
p06_noise_room,adhd,deep_relaxation,25,0.472872509162049
p06_noise_room,adhd,deep_relaxation,26,0.593383785662978
p06_noise_room,adhd,deep_relaxation,27,0.507390388695435
p06_noise_room,adhd,deep_relaxation,28,0.547562211744157
p06_noise_room,adhd,deep_relaxation,29,0.500014645145051
p06_noise_room,adhd,deep_relaxation,30,0.502875359846898
p06_noise_room,adhd,deep_relaxation,31,0.491262368476937
p06_noise_room,adhd,deep_relaxation,32,0.537089093016745
p06_noise_room,adhd,deep_relaxation,33,0.446533766641623
p06_noise_room,adhd,deep_relaxation,34,0.411996637451471
p06_noise_room,adhd,deep_relaxation,35,0.558532777237149
p06_noise_room,adhd,deep_relaxation,36,0.452074899626151
p06_noise_room,adhd,deep_relaxation,37,0.547006092968952
p06_noise_room,adhd,deep_relaxation,38,0.567913765089008
p06_noise_room,adhd,deep_relaxation,39,0.462363803929838
p06_noise_room,adhd,deep_relaxation,40,0.563568160109425
p06_noise_room,adhd,deep_relaxation,41,0.550849767981702
p06_noise_room,adhd,deep_relaxation,42,0.442136212699257
p06_noise_room,adhd,deep_relaxation,43,0.662109905499176
p06_noise_room,adhd,deep_relaxation,44,0.582987960123345
p06_noise_room,adhd,deep_relaxation,45,0.480422401596450
p06_noise_room,adhd,deep_relaxation,46,0.584369697382855
p06_noise_room,adhd,deep_relaxation,47,0.547619352369925
p06_noise_room,adhd,deep_relaxation,48,0.652757443885238
p06_noise_room,adhd,deep_relaxation,49,0.558625611287060
p06_noise_room,adhd,deep_relaxation,50,0.605183754864293
p06_noise_room,adhd,deep_relaxation,51,0.496196359443824
p06_noise_room,adhd,deep_relaxation,52,0.587621536551132
p06_noise_room,adhd,deep_relaxation,53,0.583129751098648
p06_noise_room,adhd,deep_relaxation,54,0.617568838499544
p06_noise_room,adhd,deep_relaxation,55,0.464218909297113
p06_noise_room,adhd,deep_relaxation,56,0.511804187394504
p06_noise_room,adhd,deep_relaxation,57,0.569450974120147
p06_noise_room,adhd,deep_relaxation,58,0.622226028057184
p06_noise_room,adhd,deep_relaxation,59,0.510706370483040
p06_noise_room,adhd,deep_relaxation,60,0.516140278711711
p06_noise_room,adhd,deep_relaxation,61,0.502712175103015
p06_noise_room,adhd,deep_relaxation,62,0.657187051890249
p06_noise_room,adhd,deep_relaxation,63,0.578793146283125
p06_noise_static,adhd,deep_relaxation,0,0.486440511661626
p06_noise_static,adhd,deep_relaxation,1,0.405365842399785
p06_noise_static,adhd,deep_relaxation,2,0.548679909914601
p06_noise_static,adhd,deep_relaxation,3,0.451233562356592
p06_noise_static,adhd,deep_relaxation,4,0.570404319296054
p06_noise_static,adhd,deep_relaxation,5,0.521884950919717
p06_noise_static,adhd,deep_relaxation,6,0.483604983307391
p06_noise_static,adhd,deep_relaxation,7,0.400523369516317
p06_noise_static,adhd,deep_relaxation,8,0.430753290393136
p06_noise_static,adhd,deep_relaxation,9,0.539873890310141
p06_noise_static,adhd,deep_relaxation,10,0.357814949867131
p06_noise_static,adhd,deep_relaxation,11,0.559675932726367
p06_noise_static,adhd,deep_relaxation,12,0.579866688222911
p06_noise_static,adhd,deep_relaxation,13,0.513789407358196
p06_noise_static,adhd,deep_relaxation,14,0.409795529526865
p06_noise_static,adhd,deep_relaxation,15,0.503110924852628
p06_noise_static,adhd,deep_relaxation,16,0.505414281735821
p06_noise_static,adhd,deep_relaxation,17,0.476769235843316
p06_noise_static,adhd,deep_relaxation,18,0.527920447053801
p06_noise_static,adhd,deep_relaxation,19,0.408456818440829
p06_noise_static,adhd,deep_relaxation,20,0.626326768049110
p06_noise_static,adhd,deep_relaxation,21,0.489036019794734
p06_noise_static,adhd,deep_relaxation,22,0.430921907647708
p06_noise_static,adhd,deep_relaxation,23,0.478203208845566
p06_noise_static,adhd,deep_relaxation,24,0.546633396039651
p06_noise_static,adhd,deep_relaxation,25,0.445726364018241
p06_noise_static,adhd,deep_relaxation,26,0.618547962935075
p06_noise_static,adhd,deep_relaxation,27,0.468579756334079
p06_noise_static,adhd,deep_relaxation,28,0.483726506986726
p06_noise_static,adhd,deep_relaxation,29,0.622933087348266
p06_noise_static,adhd,deep_relaxation,30,0.531671504367109
p06_noise_static,adhd,deep_relaxation,31,0.533179177262756
p06_noise_static,adhd,deep_relaxation,32,0.534915790945308
p06_noise_static,adhd,deep_relaxation,33,0.557540332145874
p06_noise_static,adhd,deep_relaxation,34,0.476005088038349
p06_noise_static,adhd,deep_relaxation,35,0.513431606255861
p06_noise_static,adhd,deep_relaxation,36,0.514545884665974
p06_noise_static,adhd,deep_relaxation,37,0.561972732911733
p06_noise_static,adhd,deep_relaxation,38,0.511644002852595
p06_noise_static,adhd,deep_relaxation,39,0.586324917185818
p06_noise_static,adhd,deep_relaxation,40,0.484538639908463
p06_noise_static,adhd,deep_relaxation,41,0.570645487881202
p06_noise_static,adhd,deep_relaxation,42,0.428886325380715
p06_noise_static,adhd,deep_relaxation,43,0.381236277922549
p06_noise_static,adhd,deep_relaxation,44,0.456813318166622
p06_noise_static,adhd,deep_relaxation,45,0.469181619462599
p06_noise_static,adhd,deep_relaxation,46,0.594621836945509
p06_noise_static,adhd,deep_relaxation,47,0.511379018201650
p06_noise_static,adhd,deep_relaxation,48,0.443943744011582
p06_noise_static,adhd,deep_relaxation,49,0.596036867515249
p06_noise_static,adhd,deep_relaxation,50,0.465496272968734
p06_noise_static,adhd,deep_relaxation,51,0.464130672279916
p06_noise_static,adhd,deep_relaxation,52,0.555012363199568
p06_noise_static,adhd,deep_relaxation,53,0.608848963668611
p06_noise_static,adhd,deep_relaxation,54,0.470523687280270
p06_noise_static,adhd,deep_relaxation,55,0.463937226730452
p06_noise_static,adhd,deep_relaxation,56,0.507283051764518
p06_noise_static,adhd,deep_relaxation,57,0.477456258252748
p06_noise_static,adhd,deep_relaxation,58,0.578470689967335
p06_noise_static,adhd,deep_relaxation,59,0.473527968272596
p06_noise_static,adhd,deep_relaxation,60,0.429803292528731
p06_noise_static,adhd,deep_relaxation,61,0.454067961097115
p06_noise_static,adhd,deep_relaxation,62,0.503202601294517
p06_noise_static,adhd,deep_relaxation,63,0.427544154491313
p06_tone_control,adhd,deep_relaxation,0,0.385312062490847
p06_tone_control,adhd,deep_relaxation,1,0.391765688202761
p06_tone_control,adhd,deep_relaxation,2,0.379136066619828
p06_tone_control,adhd,deep_relaxation,3,0.383951133564303
p06_tone_control,adhd,deep_relaxation,4,0.380880947657939
p06_tone_control,adhd,deep_relaxation,5,0.398807825727519
p06_tone_control,adhd,deep_relaxation,6,0.359579401412403
p06_tone_control,adhd,deep_relaxation,7,0.393759390514364
p06_tone_control,adhd,deep_relaxation,8,0.369080169134406
p06_tone_control,adhd,deep_relaxation,9,0.370112865069882
p06_tone_control,adhd,deep_relaxation,10,0.381287910414867
p06_tone_control,adhd,deep_relaxation,11,0.378443172959686
p06_tone_control,adhd,deep_relaxation,12,0.366294299117891
p06_tone_control,adhd,deep_relaxation,13,0.385942563218064
p06_tone_control,adhd,deep_relaxation,14,0.375435454305793
p06_tone_control,adhd,deep_relaxation,15,0.369440892677190
p06_tone_control,adhd,deep_relaxation,16,0.364091684144569
p06_tone_control,adhd,deep_relaxation,17,0.360116398562729
p06_tone_control,adhd,deep_relaxation,18,0.395799389849364
p06_tone_control,adhd,deep_relaxation,19,0.368229587272006
p06_tone_control,adhd,deep_relaxation,20,0.379081603985512
p06_tone_control,adhd,deep_relaxation,21,0.387982228808922
p06_tone_control,adhd,deep_relaxation,22,0.375223053491681
p06_tone_control,adhd,deep_relaxation,23,0.356971833859296
p06_tone_control,adhd,deep_relaxation,24,0.391227202564828
p06_tone_control,adhd,deep_relaxation,25,0.366469215108552
p06_tone_control,adhd,deep_relaxation,26,0.369430716128405
p06_tone_control,adhd,deep_relaxation,27,0.373737572702368
p06_tone_control,adhd,deep_relaxation,28,0.375454227573274
p06_tone_control,adhd,deep_relaxation,29,0.405577347098916
p06_tone_control,adhd,deep_relaxation,30,0.366806362257602
p06_tone_control,adhd,deep_relaxation,31,0.376252983260914
p06_tone_control,adhd,deep_relaxation,32,0.384463958086018
p06_tone_control,adhd,deep_relaxation,33,0.370479620099256
p06_tone_control,adhd,deep_relaxation,34,0.364403146702874
p06_tone_control,adhd,deep_relaxation,35,0.378121883617103
p06_tone_control,adhd,deep_relaxation,36,0.392188411216189
p06_tone_control,adhd,deep_relaxation,37,0.378456277500637
p06_tone_control,adhd,deep_relaxation,38,0.382611874563698
p06_tone_control,adhd,deep_relaxation,39,0.377565744874921
p06_tone_control,adhd,deep_relaxation,40,0.386826946737300
p06_tone_control,adhd,deep_relaxation,41,0.375249190706103
p06_tone_control,adhd,deep_relaxation,42,0.387281070138526
p06_tone_control,adhd,deep_relaxation,43,0.375929842425622
p06_tone_control,adhd,deep_relaxation,44,0.385876710445558
p06_tone_control,adhd,deep_relaxation,45,0.381073281406025
p06_tone_control,adhd,deep_relaxation,46,0.384344171621829
p06_tone_control,adhd,deep_relaxation,47,0.392160940533352
p06_tone_control,adhd,deep_relaxation,48,0.384976769119447
p06_tone_control,adhd,deep_relaxation,49,0.388340929494662
p06_tone_control,adhd,deep_relaxation,50,0.379726893015301
p06_tone_control,adhd,deep_relaxation,51,0.370827001526859
p06_tone_control,adhd,deep_relaxation,52,0.374476647305835
p06_tone_control,adhd,deep_relaxation,53,0.379977464964867
p06_tone_control,adhd,deep_relaxation,54,0.373494252011362
p06_tone_control,adhd,deep_relaxation,55,0.386139239172193
p06_tone_control,adhd,deep_relaxation,56,0.378625020046388
p06_tone_control,adhd,deep_relaxation,57,0.363739361622368
p06_tone_control,adhd,deep_relaxation,58,0.391438092376097
p06_tone_control,adhd,deep_relaxation,59,0.368193397927435
p06_tone_control,adhd,deep_relaxation,60,0.382843425532778
p06_tone_control,adhd,deep_relaxation,61,0.369273995493825
p06_tone_control,adhd,deep_relaxation,62,0.384386035990553
p06_tone_control,adhd,deep_relaxation,63,0.378100627857704
p06_noise_random_pulse,adhd,deep_work,0,0.473287870108571
p06_noise_random_pulse,adhd,deep_work,1,0.476115384493628
p06_noise_random_pulse,adhd,deep_work,2,0.466437815972039
p06_noise_random_pulse,adhd,deep_work,3,0.451816006253399
p06_noise_random_pulse,adhd,deep_work,4,0.471860272468107
p06_noise_random_pulse,adhd,deep_work,5,0.479935279480804
p06_noise_random_pulse,adhd,deep_work,6,0.480044116262209
p06_noise_random_pulse,adhd,deep_work,7,0.463749960831614
p06_noise_random_pulse,adhd,deep_work,8,0.523719379851355
p06_noise_random_pulse,adhd,deep_work,9,0.499327637005773
p06_noise_random_pulse,adhd,deep_work,10,0.459168757549958
p06_noise_random_pulse,adhd,deep_work,11,0.550598187375260
p06_noise_random_pulse,adhd,deep_work,12,0.471330701808055
p06_noise_random_pulse,adhd,deep_work,13,0.523828288233104
p06_noise_random_pulse,adhd,deep_work,14,0.556095345763968
p06_noise_random_pulse,adhd,deep_work,15,0.514910135203611
p06_noise_random_pulse,adhd,deep_work,16,0.511879124440550
p06_noise_random_pulse,adhd,deep_work,17,0.516875319651050
p06_noise_random_pulse,adhd,deep_work,18,0.448018653515102
p06_noise_random_pulse,adhd,deep_work,19,0.476805601466491
p06_noise_random_pulse,adhd,deep_work,20,0.446921766353869
p06_noise_random_pulse,adhd,deep_work,21,0.423630589781219
p06_noise_random_pulse,adhd,deep_work,22,0.473310096860793
p06_noise_random_pulse,adhd,deep_work,23,0.495541095608198
p06_noise_random_pulse,adhd,deep_work,24,0.505073381723822
p06_noise_random_pulse,adhd,deep_work,25,0.528107841495481
p06_noise_random_pulse,adhd,deep_work,26,0.475452382354194
p06_noise_random_pulse,adhd,deep_work,27,0.564637425914759
p06_noise_random_pulse,adhd,deep_work,28,0.490940611029629
p06_noise_random_pulse,adhd,deep_work,29,0.398387057406349
p06_noise_random_pulse,adhd,deep_work,30,0.395178187592293
p06_noise_random_pulse,adhd,deep_work,31,0.342649687070671
p06_noise_random_pulse,adhd,deep_work,32,0.504694674082997
p06_noise_random_pulse,adhd,deep_work,33,0.503104347213817
p06_noise_random_pulse,adhd,deep_work,34,0.444069423515339
p06_noise_random_pulse,adhd,deep_work,35,0.491890448117724
p06_noise_random_pulse,adhd,deep_work,36,0.524113418694080
p06_noise_random_pulse,adhd,deep_work,37,0.492217260939252
p06_noise_random_pulse,adhd,deep_work,38,0.533419861030067
p06_noise_random_pulse,adhd,deep_work,39,0.537882304384778
p06_noise_random_pulse,adhd,deep_work,40,0.488530241737310
p06_noise_random_pulse,adhd,deep_work,41,0.500477251762637
p06_noise_random_pulse,adhd,deep_work,42,0.410413064776089
p06_noise_random_pulse,adhd,deep_work,43,0.459940103797987
p06_noise_random_pulse,adhd,deep_work,44,0.535058917506349
p06_noise_random_pulse,adhd,deep_work,45,0.418023224165140
p06_noise_random_pulse,adhd,deep_work,46,0.558788191886779
p06_noise_random_pulse,adhd,deep_work,47,0.489751449716194
p06_noise_random_pulse,adhd,deep_work,48,0.507060684738449
p06_noise_random_pulse,adhd,deep_work,49,0.471862817568426
p06_noise_random_pulse,adhd,deep_work,50,0.413764379800881
p06_noise_random_pulse,adhd,deep_work,51,0.471540876583314
p06_noise_random_pulse,adhd,deep_work,52,0.504032927490259
p06_noise_random_pulse,adhd,deep_work,53,0.558626908235963
p06_noise_random_pulse,adhd,deep_work,54,0.503128074957975
p06_noise_random_pulse,adhd,deep_work,55,0.470909054875489
p06_noise_random_pulse,adhd,deep_work,56,0.448082455902501
p06_noise_random_pulse,adhd,deep_work,57,0.395651657575111
p06_noise_random_pulse,adhd,deep_work,58,0.408198963801549
p06_noise_random_pulse,adhd,deep_work,59,0.543071114148914
p06_noise_random_pulse,adhd,deep_work,60,0.520365154579180
p06_noise_random_pulse,adhd,deep_work,61,0.367804017689315
p06_noise_random_pulse,adhd,deep_work,62,0.424257221014392
p06_noise_random_pulse,adhd,deep_work,63,0.433012044480891
p06_noise_random_walk,adhd,deep_work,0,0.336549138724096
p06_noise_random_walk,adhd,deep_work,1,0.341213793271213
p06_noise_random_walk,adhd,deep_work,2,0.361062446206849
p06_noise_random_walk,adhd,deep_work,3,0.504543474535421
p06_noise_random_walk,adhd,deep_work,4,0.323883736949533
p06_noise_random_walk,adhd,deep_work,5,0.304508989574460
p06_noise_random_walk,adhd,deep_work,6,0.303008172172582
p06_noise_random_walk,adhd,deep_work,7,0.360593202800900
p06_noise_random_walk,adhd,deep_work,8,0.443273936090597
p06_noise_random_walk,adhd,deep_work,9,0.377158936606781
p06_noise_random_walk,adhd,deep_work,10,0.347635679411850
p06_noise_random_walk,adhd,deep_work,11,0.364809889740066
p06_noise_random_walk,adhd,deep_work,12,0.361856698875078
p06_noise_random_walk,adhd,deep_work,13,0.401636400335024
p06_noise_random_walk,adhd,deep_work,14,0.329567696206326
p06_noise_random_walk,adhd,deep_work,15,0.347997318332628
p06_noise_random_walk,adhd,deep_work,16,0.355950965044385
p06_noise_random_walk,adhd,deep_work,17,0.406537004452089
p06_noise_random_walk,adhd,deep_work,18,0.335952506620393
p06_noise_random_walk,adhd,deep_work,19,0.352348149832926
p06_noise_random_walk,adhd,deep_work,20,0.311019354652554
p06_noise_random_walk,adhd,deep_work,21,0.377059984022031
p06_noise_random_walk,adhd,deep_work,22,0.374447318075919
p06_noise_random_walk,adhd,deep_work,23,0.319158714174455
p06_noise_random_walk,adhd,deep_work,24,0.362558041065921
p06_noise_random_walk,adhd,deep_work,25,0.321226738232992
p06_noise_random_walk,adhd,deep_work,26,0.331866627370871
p06_noise_random_walk,adhd,deep_work,27,0.321973682451912
p06_noise_random_walk,adhd,deep_work,28,0.332374172015303
p06_noise_random_walk,adhd,deep_work,29,0.320559243256148
p06_noise_random_walk,adhd,deep_work,30,0.363560258436242
p06_noise_random_walk,adhd,deep_work,31,0.363206553390010
p06_noise_random_walk,adhd,deep_work,32,0.389397816530282
p06_noise_random_walk,adhd,deep_work,33,0.382341343093476
p06_noise_random_walk,adhd,deep_work,34,0.345517662904789
p06_noise_random_walk,adhd,deep_work,35,0.337067695664515
p06_noise_random_walk,adhd,deep_work,36,0.409239237749293
p06_noise_random_walk,adhd,deep_work,37,0.349629509681996
p06_noise_random_walk,adhd,deep_work,38,0.316536906098164
p06_noise_random_walk,adhd,deep_work,39,0.353660329803302
p06_noise_random_walk,adhd,deep_work,40,0.394937286639564
p06_noise_random_walk,adhd,deep_work,41,0.487506159196883
p06_noise_random_walk,adhd,deep_work,42,0.339473097900959
p06_noise_random_walk,adhd,deep_work,43,0.288873980112072
p06_noise_random_walk,adhd,deep_work,44,0.353320553514628
p06_noise_random_walk,adhd,deep_work,45,0.363367629062542
p06_noise_random_walk,adhd,deep_work,46,0.318818189130780
p06_noise_random_walk,adhd,deep_work,47,0.351352186773011
p06_noise_random_walk,adhd,deep_work,48,0.366778264898130
p06_noise_random_walk,adhd,deep_work,49,0.377648632262870
p06_noise_random_walk,adhd,deep_work,50,0.356947525155074
p06_noise_random_walk,adhd,deep_work,51,0.352743265738640
p06_noise_random_walk,adhd,deep_work,52,0.349815584956111
p06_noise_random_walk,adhd,deep_work,53,0.369982523822932
p06_noise_random_walk,adhd,deep_work,54,0.361060881327448
p06_noise_random_walk,adhd,deep_work,55,0.319115812594941
p06_noise_random_walk,adhd,deep_work,56,0.350026117241246
p06_noise_random_walk,adhd,deep_work,57,0.415252835756355
p06_noise_random_walk,adhd,deep_work,58,0.353734649408403
p06_noise_random_walk,adhd,deep_work,59,0.354013611113515
p06_noise_random_walk,adhd,deep_work,60,0.390520780413731
p06_noise_random_walk,adhd,deep_work,61,0.276500741746239
p06_noise_random_walk,adhd,deep_work,62,0.390416789609342
p06_noise_random_walk,adhd,deep_work,63,0.294816815167640
p06_noise_room,adhd,deep_work,0,0.310753400253912
p06_noise_room,adhd,deep_work,1,0.323319866361563
p06_noise_room,adhd,deep_work,2,0.297737495873487
p06_noise_room,adhd,deep_work,3,0.279728170032343
p06_noise_room,adhd,deep_work,4,0.333906602279689
p06_noise_room,adhd,deep_work,5,0.394850994760378
p06_noise_room,adhd,deep_work,6,0.367721408373878
p06_noise_room,adhd,deep_work,7,0.315835236786834
p06_noise_room,adhd,deep_work,8,0.358390809346814
p06_noise_room,adhd,deep_work,9,0.385506493437579
p06_noise_room,adhd,deep_work,10,0.273404647921043
p06_noise_room,adhd,deep_work,11,0.378939285129123
p06_noise_room,adhd,deep_work,12,0.298820009663643
p06_noise_room,adhd,deep_work,13,0.337841882934554
p06_noise_room,adhd,deep_work,14,0.297267168214773
p06_noise_room,adhd,deep_work,15,0.350150577220414
p06_noise_room,adhd,deep_work,16,0.308557776148135
p06_noise_room,adhd,deep_work,17,0.411375685464292
p06_noise_room,adhd,deep_work,18,0.361791721320613
p06_noise_room,adhd,deep_work,19,0.345524526169014
p06_noise_room,adhd,deep_work,20,0.374553471847697
p06_noise_room,adhd,deep_work,21,0.330816890509820
p06_noise_room,adhd,deep_work,22,0.317955917030757
p06_noise_room,adhd,deep_work,23,0.359129585328720
p06_noise_room,adhd,deep_work,24,0.458534684462572
p06_noise_room,adhd,deep_work,25,0.334325533606515
p06_noise_room,adhd,deep_work,26,0.329852599207166
p06_noise_room,adhd,deep_work,27,0.319969852492991
p06_noise_room,adhd,deep_work,28,0.384967154881826
p06_noise_room,adhd,deep_work,29,0.306921054904831
p06_noise_room,adhd,deep_work,30,0.339004403171453
p06_noise_room,adhd,deep_work,31,0.301488961020837
p06_noise_room,adhd,deep_work,32,0.377166621479078
p06_noise_room,adhd,deep_work,33,0.357995554373625
p06_noise_room,adhd,deep_work,34,0.261441136735040
p06_noise_room,adhd,deep_work,35,0.424121747727548
p06_noise_room,adhd,deep_work,36,0.362576172046444
p06_noise_room,adhd,deep_work,37,0.321616843146078
p06_noise_room,adhd,deep_work,38,0.325150074371921
p06_noise_room,adhd,deep_work,39,0.354545236725640
p06_noise_room,adhd,deep_work,40,0.325010172355773
p06_noise_room,adhd,deep_work,41,0.328778839906717
p06_noise_room,adhd,deep_work,42,0.273506010420548
p06_noise_room,adhd,deep_work,43,0.399815982849755
p06_noise_room,adhd,deep_work,44,0.361007306478061
p06_noise_room,adhd,deep_work,45,0.348101878668017
p06_noise_room,adhd,deep_work,46,0.358566094306487
p06_noise_room,adhd,deep_work,47,0.357634966549186
p06_noise_room,adhd,deep_work,48,0.342774357982623
p06_noise_room,adhd,deep_work,49,0.360253199651918
p06_noise_room,adhd,deep_work,50,0.344662989693039
p06_noise_room,adhd,deep_work,51,0.341350814447648
p06_noise_room,adhd,deep_work,52,0.369147252758874
p06_noise_room,adhd,deep_work,53,0.354176886189287
p06_noise_room,adhd,deep_work,54,0.426640643787682
p06_noise_room,adhd,deep_work,55,0.331364397646201
p06_noise_room,adhd,deep_work,56,0.376085117667595
p06_noise_room,adhd,deep_work,57,0.333397993866027
p06_noise_room,adhd,deep_work,58,0.370719825991868
p06_noise_room,adhd,deep_work,59,0.312437642521928
p06_noise_room,adhd,deep_work,60,0.348682386282080
p06_noise_room,adhd,deep_work,61,0.358419891906656
p06_noise_room,adhd,deep_work,62,0.331251683023701
p06_noise_room,adhd,deep_work,63,0.385190241603629
p06_noise_static,adhd,deep_work,0,0.348580206953543
p06_noise_static,adhd,deep_work,1,0.327275845702706
p06_noise_static,adhd,deep_work,2,0.408619331167548
p06_noise_static,adhd,deep_work,3,0.347606407336892
p06_noise_static,adhd,deep_work,4,0.427131823828167
p06_noise_static,adhd,deep_work,5,0.368548919791241
p06_noise_static,adhd,deep_work,6,0.358306819888580
p06_noise_static,adhd,deep_work,7,0.325323088478494
p06_noise_static,adhd,deep_work,8,0.361603451532146
p06_noise_static,adhd,deep_work,9,0.414578758092424
p06_noise_static,adhd,deep_work,10,0.415070544963597
p06_noise_static,adhd,deep_work,11,0.413450916268028
p06_noise_static,adhd,deep_work,12,0.357563877634631
p06_noise_static,adhd,deep_work,13,0.326530747252059
p06_noise_static,adhd,deep_work,14,0.400172848777392
p06_noise_static,adhd,deep_work,15,0.361365348624347
p06_noise_static,adhd,deep_work,16,0.350597593032292
p06_noise_static,adhd,deep_work,17,0.365070830529174
p06_noise_static,adhd,deep_work,18,0.318580770281996
p06_noise_static,adhd,deep_work,19,0.411809072881675
p06_noise_static,adhd,deep_work,20,0.375065136267785
p06_noise_static,adhd,deep_work,21,0.400623375065881
p06_noise_static,adhd,deep_work,22,0.346902389601610
p06_noise_static,adhd,deep_work,23,0.331852768046762
p06_noise_static,adhd,deep_work,24,0.354298013258607
p06_noise_static,adhd,deep_work,25,0.312370344301626
p06_noise_static,adhd,deep_work,26,0.400258999118269
p06_noise_static,adhd,deep_work,27,0.339310422230056
p06_noise_static,adhd,deep_work,28,0.441227519688477
p06_noise_static,adhd,deep_work,29,0.334633727632287
p06_noise_static,adhd,deep_work,30,0.428663445815464
p06_noise_static,adhd,deep_work,31,0.317028593426465
p06_noise_static,adhd,deep_work,32,0.336043591145964
p06_noise_static,adhd,deep_work,33,0.349704932948110
p06_noise_static,adhd,deep_work,34,0.366115964563851
p06_noise_static,adhd,deep_work,35,0.410925983856127
p06_noise_static,adhd,deep_work,36,0.423808704784351
p06_noise_static,adhd,deep_work,37,0.326907828275498
p06_noise_static,adhd,deep_work,38,0.335954825163894
p06_noise_static,adhd,deep_work,39,0.371992498551759
p06_noise_static,adhd,deep_work,40,0.376307799595217
p06_noise_static,adhd,deep_work,41,0.350215943715274
p06_noise_static,adhd,deep_work,42,0.364538037633692
p06_noise_static,adhd,deep_work,43,0.446654792811109
p06_noise_static,adhd,deep_work,44,0.377645080756320
p06_noise_static,adhd,deep_work,45,0.405107226448377
p06_noise_static,adhd,deep_work,46,0.321535986669391
p06_noise_static,adhd,deep_work,47,0.359245523794063
p06_noise_static,adhd,deep_work,48,0.330638139066476
p06_noise_static,adhd,deep_work,49,0.395616608480095
p06_noise_static,adhd,deep_work,50,0.394469799661708
p06_noise_static,adhd,deep_work,51,0.355378962409136
p06_noise_static,adhd,deep_work,52,0.350663194487251
p06_noise_static,adhd,deep_work,53,0.399943422604888
p06_noise_static,adhd,deep_work,54,0.338825008010468
p06_noise_static,adhd,deep_work,55,0.329559151220496
p06_noise_static,adhd,deep_work,56,0.364338398438545
p06_noise_static,adhd,deep_work,57,0.327113007136282
p06_noise_static,adhd,deep_work,58,0.400232084272274
p06_noise_static,adhd,deep_work,59,0.352542621302819
p06_noise_static,adhd,deep_work,60,0.443347860353632
p06_noise_static,adhd,deep_work,61,0.337732118980572
p06_noise_static,adhd,deep_work,62,0.426156686132170
p06_noise_static,adhd,deep_work,63,0.457205778630144
p06_tone_control,adhd,deep_work,0,0.144309422594834
p06_tone_control,adhd,deep_work,1,0.144132404157612
p06_tone_control,adhd,deep_work,2,0.143178321616679
p06_tone_control,adhd,deep_work,3,0.144201257404735
p06_tone_control,adhd,deep_work,4,0.143623838167362
p06_tone_control,adhd,deep_work,5,0.146487782486688
p06_tone_control,adhd,deep_work,6,0.138856584459556
p06_tone_control,adhd,deep_work,7,0.147662807590953
p06_tone_control,adhd,deep_work,8,0.140487351446843
p06_tone_control,adhd,deep_work,9,0.140785112878537
p06_tone_control,adhd,deep_work,10,0.142318583051027
p06_tone_control,adhd,deep_work,11,0.142576870784601
p06_tone_control,adhd,deep_work,12,0.140441054351033
p06_tone_control,adhd,deep_work,13,0.144290312345001
p06_tone_control,adhd,deep_work,14,0.141757027018784
p06_tone_control,adhd,deep_work,15,0.141090160273989
p06_tone_control,adhd,deep_work,16,0.139629123941118
p06_tone_control,adhd,deep_work,17,0.138908270656825
p06_tone_control,adhd,deep_work,18,0.147629402511443
p06_tone_control,adhd,deep_work,19,0.140392917400271
p06_tone_control,adhd,deep_work,20,0.142491533580442
p06_tone_control,adhd,deep_work,21,0.144979034549731
p06_tone_control,adhd,deep_work,22,0.141715432764305
p06_tone_control,adhd,deep_work,23,0.137969410380048
p06_tone_control,adhd,deep_work,24,0.144214595784529
p06_tone_control,adhd,deep_work,25,0.140136137482492
p06_tone_control,adhd,deep_work,26,0.140834193675953
p06_tone_control,adhd,deep_work,27,0.141120880222513
p06_tone_control,adhd,deep_work,28,0.141757910188851
p06_tone_control,adhd,deep_work,29,0.146135877065672
p06_tone_control,adhd,deep_work,30,0.139734837019813
p06_tone_control,adhd,deep_work,31,0.142492930581167
p06_tone_control,adhd,deep_work,32,0.144489642911831
p06_tone_control,adhd,deep_work,33,0.140530399086336
p06_tone_control,adhd,deep_work,34,0.139761345012900
p06_tone_control,adhd,deep_work,35,0.142542379903788
p06_tone_control,adhd,deep_work,36,0.145158343673413
p06_tone_control,adhd,deep_work,37,0.142017560126652
p06_tone_control,adhd,deep_work,38,0.143713881351612
p06_tone_control,adhd,deep_work,39,0.142078661522139
p06_tone_control,adhd,deep_work,40,0.144833567005579
p06_tone_control,adhd,deep_work,41,0.141921299514015
p06_tone_control,adhd,deep_work,42,0.144314026157904
p06_tone_control,adhd,deep_work,43,0.141812357483416
p06_tone_control,adhd,deep_work,44,0.143166825345638
p06_tone_control,adhd,deep_work,45,0.143243606996664
p06_tone_control,adhd,deep_work,46,0.143226106854053
p06_tone_control,adhd,deep_work,47,0.145744625352956
p06_tone_control,adhd,deep_work,48,0.144158268193896
p06_tone_control,adhd,deep_work,49,0.143355445145289
p06_tone_control,adhd,deep_work,50,0.143669596762865
p06_tone_control,adhd,deep_work,51,0.140936679757475
p06_tone_control,adhd,deep_work,52,0.142017531257727
p06_tone_control,adhd,deep_work,53,0.141964737850550
p06_tone_control,adhd,deep_work,54,0.141279109082560
p06_tone_control,adhd,deep_work,55,0.143412142826625
p06_tone_control,adhd,deep_work,56,0.142630013861877
p06_tone_control,adhd,deep_work,57,0.138497256275122
p06_tone_control,adhd,deep_work,58,0.146037289815567
p06_tone_control,adhd,deep_work,59,0.139837198881618
p06_tone_control,adhd,deep_work,60,0.143158235507314
p06_tone_control,adhd,deep_work,61,0.139548676888011
p06_tone_control,adhd,deep_work,62,0.143812101753968
p06_tone_control,adhd,deep_work,63,0.141579526325311
p06_noise_random_pulse,adhd,flow,0,0.423814997223660
p06_noise_random_pulse,adhd,flow,1,0.352686022053298
p06_noise_random_pulse,adhd,flow,2,0.388728771862758
p06_noise_random_pulse,adhd,flow,3,0.413290638137971
p06_noise_random_pulse,adhd,flow,4,0.370026650093158
p06_noise_random_pulse,adhd,flow,5,0.369447292287782
p06_noise_random_pulse,adhd,flow,6,0.407639425966033
p06_noise_random_pulse,adhd,flow,7,0.416237985380511
p06_noise_random_pulse,adhd,flow,8,0.413273394146273
p06_noise_random_pulse,adhd,flow,9,0.465919538175899
p06_noise_random_pulse,adhd,flow,10,0.391576811814279
p06_noise_random_pulse,adhd,flow,11,0.421245538132641
p06_noise_random_pulse,adhd,flow,12,0.392169678565785
p06_noise_random_pulse,adhd,flow,13,0.440103970888216
p06_noise_random_pulse,adhd,flow,14,0.429204780392894
p06_noise_random_pulse,adhd,flow,15,0.416822796921908
p06_noise_random_pulse,adhd,flow,16,0.399190583856945
p06_noise_random_pulse,adhd,flow,17,0.406988280613625
p06_noise_random_pulse,adhd,flow,18,0.409907150529187
p06_noise_random_pulse,adhd,flow,19,0.405691715388967
p06_noise_random_pulse,adhd,flow,20,0.491126136168368
p06_noise_random_pulse,adhd,flow,21,0.380242745070132
p06_noise_random_pulse,adhd,flow,22,0.370995803138772
p06_noise_random_pulse,adhd,flow,23,0.505299662894760
p06_noise_random_pulse,adhd,flow,24,0.441423854559811
p06_noise_random_pulse,adhd,flow,25,0.423505760760057
p06_noise_random_pulse,adhd,flow,26,0.426018639285838
p06_noise_random_pulse,adhd,flow,27,0.404744061149163
p06_noise_random_pulse,adhd,flow,28,0.437622625555875
p06_noise_random_pulse,adhd,flow,29,0.385146960435291
p06_noise_random_pulse,adhd,flow,30,0.355822221665769
p06_noise_random_pulse,adhd,flow,31,0.349384231002152
p06_noise_random_pulse,adhd,flow,32,0.394049117581904
p06_noise_random_pulse,adhd,flow,33,0.362566557508696
p06_noise_random_pulse,adhd,flow,34,0.426962380264544
p06_noise_random_pulse,adhd,flow,35,0.369706725824599
p06_noise_random_pulse,adhd,flow,36,0.392368624739860
p06_noise_random_pulse,adhd,flow,37,0.405216560202730
p06_noise_random_pulse,adhd,flow,38,0.406885207468237
p06_noise_random_pulse,adhd,flow,39,0.407449711198814
p06_noise_random_pulse,adhd,flow,40,0.371194633744286
p06_noise_random_pulse,adhd,flow,41,0.375109191922102
p06_noise_random_pulse,adhd,flow,42,0.384252760800036
p06_noise_random_pulse,adhd,flow,43,0.386657916011650
p06_noise_random_pulse,adhd,flow,44,0.416081747310359
p06_noise_random_pulse,adhd,flow,45,0.400098934127043
p06_noise_random_pulse,adhd,flow,46,0.603851932040182
p06_noise_random_pulse,adhd,flow,47,0.384675351036196
p06_noise_random_pulse,adhd,flow,48,0.425127953696878
p06_noise_random_pulse,adhd,flow,49,0.394353545446213
p06_noise_random_pulse,adhd,flow,50,0.392934213999772
p06_noise_random_pulse,adhd,flow,51,0.384974248019570
p06_noise_random_pulse,adhd,flow,52,0.436175778788376
p06_noise_random_pulse,adhd,flow,53,0.446260097302707
p06_noise_random_pulse,adhd,flow,54,0.394485529030872
p06_noise_random_pulse,adhd,flow,55,0.396967885147550
p06_noise_random_pulse,adhd,flow,56,0.382010285540765
p06_noise_random_pulse,adhd,flow,57,0.349007775495195
p06_noise_random_pulse,adhd,flow,58,0.492091391135711
p06_noise_random_pulse,adhd,flow,59,0.429711530403969
p06_noise_random_pulse,adhd,flow,60,0.391333563721202
p06_noise_random_pulse,adhd,flow,61,0.351687307948117
p06_noise_random_pulse,adhd,flow,62,0.372124855537084
p06_noise_random_pulse,adhd,flow,63,0.444603073414813
p06_noise_random_walk,adhd,flow,0,0.427326671864048
p06_noise_random_walk,adhd,flow,1,0.435693331953841
p06_noise_random_walk,adhd,flow,2,0.350124293383045
p06_noise_random_walk,adhd,flow,3,0.386797578635037
p06_noise_random_walk,adhd,flow,4,0.316136086217116
p06_noise_random_walk,adhd,flow,5,0.265505035963180
p06_noise_random_walk,adhd,flow,6,0.291243817965725
p06_noise_random_walk,adhd,flow,7,0.401724282324522
p06_noise_random_walk,adhd,flow,8,0.330541757346205
p06_noise_random_walk,adhd,flow,9,0.360952454239039
p06_noise_random_walk,adhd,flow,10,0.355256014227326
p06_noise_random_walk,adhd,flow,11,0.342178048416994
p06_noise_random_walk,adhd,flow,12,0.341326682866663
p06_noise_random_walk,adhd,flow,13,0.423136559815705
p06_noise_random_walk,adhd,flow,14,0.370078859131563
p06_noise_random_walk,adhd,flow,15,0.471599288905178
p06_noise_random_walk,adhd,flow,16,0.442973620848971
p06_noise_random_walk,adhd,flow,17,0.366138607307615
p06_noise_random_walk,adhd,flow,18,0.335086975826306
p06_noise_random_walk,adhd,flow,19,0.401039576958964
p06_noise_random_walk,adhd,flow,20,0.298857794992098
p06_noise_random_walk,adhd,flow,21,0.368076339378795
p06_noise_random_walk,adhd,flow,22,0.444155109773091
p06_noise_random_walk,adhd,flow,23,0.353167676445040
p06_noise_random_walk,adhd,flow,24,0.336814079427669
p06_noise_random_walk,adhd,flow,25,0.311813785608430
p06_noise_random_walk,adhd,flow,26,0.360637003113995
p06_noise_random_walk,adhd,flow,27,0.435770656401757
p06_noise_random_walk,adhd,flow,28,0.376003706214280
p06_noise_random_walk,adhd,flow,29,0.397175623030682
p06_noise_random_walk,adhd,flow,30,0.309355909674689
p06_noise_random_walk,adhd,flow,31,0.356975013709442
p06_noise_random_walk,adhd,flow,32,0.370317958543952
p06_noise_random_walk,adhd,flow,33,0.325147063272223
p06_noise_random_walk,adhd,flow,34,0.333566582779986
p06_noise_random_walk,adhd,flow,35,0.322578785472813
p06_noise_random_walk,adhd,flow,36,0.359015436887438
p06_noise_random_walk,adhd,flow,37,0.343680755926465
p06_noise_random_walk,adhd,flow,38,0.327570712582662
p06_noise_random_walk,adhd,flow,39,0.353093142862575
p06_noise_random_walk,adhd,flow,40,0.375734983007879
p06_noise_random_walk,adhd,flow,41,0.373117691641851
p06_noise_random_walk,adhd,flow,42,0.460278280069737
p06_noise_random_walk,adhd,flow,43,0.281570739931478
p06_noise_random_walk,adhd,flow,44,0.452252672692623
p06_noise_random_walk,adhd,flow,45,0.376981091836241
p06_noise_random_walk,adhd,flow,46,0.375171687316954
p06_noise_random_walk,adhd,flow,47,0.398513671768875
p06_noise_random_walk,adhd,flow,48,0.369019764590167
p06_noise_random_walk,adhd,flow,49,0.337075566237141
p06_noise_random_walk,adhd,flow,50,0.330339717161367
p06_noise_random_walk,adhd,flow,51,0.470514087292243
p06_noise_random_walk,adhd,flow,52,0.333920304647027
p06_noise_random_walk,adhd,flow,53,0.446659889944342
p06_noise_random_walk,adhd,flow,54,0.328240529090818
p06_noise_random_walk,adhd,flow,55,0.416577665567020
p06_noise_random_walk,adhd,flow,56,0.342681278248682
p06_noise_random_walk,adhd,flow,57,0.402294966173004
p06_noise_random_walk,adhd,flow,58,0.347436187725937
p06_noise_random_walk,adhd,flow,59,0.400868377178473
p06_noise_random_walk,adhd,flow,60,0.400752752505908
p06_noise_random_walk,adhd,flow,61,0.338503075043378
p06_noise_random_walk,adhd,flow,62,0.345676869130262
p06_noise_random_walk,adhd,flow,63,0.328569872372541
p06_noise_room,adhd,flow,0,0.309334606558486
p06_noise_room,adhd,flow,1,0.334300839908552
p06_noise_room,adhd,flow,2,0.286719484082335
p06_noise_room,adhd,flow,3,0.289753953320458
p06_noise_room,adhd,flow,4,0.449220786579125
p06_noise_room,adhd,flow,5,0.308609647902011
p06_noise_room,adhd,flow,6,0.420113150824133
p06_noise_room,adhd,flow,7,0.325510898304205
p06_noise_room,adhd,flow,8,0.334980427721251
p06_noise_room,adhd,flow,9,0.372423631920216
p06_noise_room,adhd,flow,10,0.354530513008001
p06_noise_room,adhd,flow,11,0.363974071924926
p06_noise_room,adhd,flow,12,0.307275700892012
p06_noise_room,adhd,flow,13,0.344314982194054
p06_noise_room,adhd,flow,14,0.288781685987578
p06_noise_room,adhd,flow,15,0.361922666080018
p06_noise_room,adhd,flow,16,0.315292703688801
p06_noise_room,adhd,flow,17,0.348219195504121
p06_noise_room,adhd,flow,18,0.349809227753947
p06_noise_room,adhd,flow,19,0.402517105424662
p06_noise_room,adhd,flow,20,0.295252424931038
p06_noise_room,adhd,flow,21,0.364697417212574
p06_noise_room,adhd,flow,22,0.433187399121064
p06_noise_room,adhd,flow,23,0.364285142298509
p06_noise_room,adhd,flow,24,0.375825597352752
p06_noise_room,adhd,flow,25,0.317204715112789
p06_noise_room,adhd,flow,26,0.302071852407847
p06_noise_room,adhd,flow,27,0.311406924470681
p06_noise_room,adhd,flow,28,0.372614414846153
p06_noise_room,adhd,flow,29,0.412995636718419
p06_noise_room,adhd,flow,30,0.344776736416482
p06_noise_room,adhd,flow,31,0.424126361930786
p06_noise_room,adhd,flow,32,0.353794801496818
p06_noise_room,adhd,flow,33,0.422626363332019
p06_noise_room,adhd,flow,34,0.359884712455241
p06_noise_room,adhd,flow,35,0.336193089211563
p06_noise_room,adhd,flow,36,0.363570080772409
p06_noise_room,adhd,flow,37,0.335004043656530
p06_noise_room,adhd,flow,38,0.292804668852497
p06_noise_room,adhd,flow,39,0.337381979627362
p06_noise_room,adhd,flow,40,0.304589516759762
p06_noise_room,adhd,flow,41,0.305212283691509
p06_noise_room,adhd,flow,42,0.402885238326391
p06_noise_room,adhd,flow,43,0.382400567084263
p06_noise_room,adhd,flow,44,0.338869407007904
p06_noise_room,adhd,flow,45,0.414381835134691
p06_noise_room,adhd,flow,46,0.378830334534128
p06_noise_room,adhd,flow,47,0.321022863896682
p06_noise_room,adhd,flow,48,0.353555336772514
p06_noise_room,adhd,flow,49,0.343376124580366
p06_noise_room,adhd,flow,50,0.336088554183576
p06_noise_room,adhd,flow,51,0.334191505975559
p06_noise_room,adhd,flow,52,0.374999982721133
p06_noise_room,adhd,flow,53,0.364480464712649
p06_noise_room,adhd,flow,54,0.345274036878177
p06_noise_room,adhd,flow,55,0.468225616348846
p06_noise_room,adhd,flow,56,0.326194563770762
p06_noise_room,adhd,flow,57,0.328614364221552
p06_noise_room,adhd,flow,58,0.370139690650081
p06_noise_room,adhd,flow,59,0.392535151553444
p06_noise_room,adhd,flow,60,0.350088527826953
p06_noise_room,adhd,flow,61,0.354304991955323
p06_noise_room,adhd,flow,62,0.317942388665044
p06_noise_room,adhd,flow,63,0.360099000512992
p06_noise_static,adhd,flow,0,0.347768779639005
p06_noise_static,adhd,flow,1,0.454959108471931
p06_noise_static,adhd,flow,2,0.351600314346467
p06_noise_static,adhd,flow,3,0.457946579876890
p06_noise_static,adhd,flow,4,0.373933588543534
p06_noise_static,adhd,flow,5,0.332155566595307
p06_noise_static,adhd,flow,6,0.323172180186664
p06_noise_static,adhd,flow,7,0.460993596855737
p06_noise_static,adhd,flow,8,0.419746983147207
p06_noise_static,adhd,flow,9,0.323393798254459
p06_noise_static,adhd,flow,10,0.344121206505301
p06_noise_static,adhd,flow,11,0.323773330089627
p06_noise_static,adhd,flow,12,0.352020611717176
p06_noise_static,adhd,flow,13,0.321788960397331
p06_noise_static,adhd,flow,14,0.425136683695830
p06_noise_static,adhd,flow,15,0.378508137090887
p06_noise_static,adhd,flow,16,0.320667794632952
p06_noise_static,adhd,flow,17,0.378297070360963
p06_noise_static,adhd,flow,18,0.397584010234470
p06_noise_static,adhd,flow,19,0.381582635422685
p06_noise_static,adhd,flow,20,0.351475522890155
p06_noise_static,adhd,flow,21,0.314309589328147
p06_noise_static,adhd,flow,22,0.458300449741514
p06_noise_static,adhd,flow,23,0.417577187187910
p06_noise_static,adhd,flow,24,0.339656619862047
p06_noise_static,adhd,flow,25,0.289467432746942
p06_noise_static,adhd,flow,26,0.358175158977324
p06_noise_static,adhd,flow,27,0.355314275512650
p06_noise_static,adhd,flow,28,0.355607284009809
p06_noise_static,adhd,flow,29,0.314563887324331
p06_noise_static,adhd,flow,30,0.387426634826783
p06_noise_static,adhd,flow,31,0.339933615261534
p06_noise_static,adhd,flow,32,0.316203997929843
p06_noise_static,adhd,flow,33,0.356755270674506
p06_noise_static,adhd,flow,34,0.334148804375510
p06_noise_static,adhd,flow,35,0.341925557518961
p06_noise_static,adhd,flow,36,0.379436485234990
p06_noise_static,adhd,flow,37,0.329422012776768
p06_noise_static,adhd,flow,38,0.369895846104739
p06_noise_static,adhd,flow,39,0.339245262981402
p06_noise_static,adhd,flow,40,0.422222529352593
p06_noise_static,adhd,flow,41,0.320020734502732
p06_noise_static,adhd,flow,42,0.458270154455288
p06_noise_static,adhd,flow,43,0.397795919243182
p06_noise_static,adhd,flow,44,0.344677614814818
p06_noise_static,adhd,flow,45,0.405661724543686
p06_noise_static,adhd,flow,46,0.304322576902205
p06_noise_static,adhd,flow,47,0.329816023333491
p06_noise_static,adhd,flow,48,0.440545090061179
p06_noise_static,adhd,flow,49,0.364546056049107
p06_noise_static,adhd,flow,50,0.464951562891784
p06_noise_static,adhd,flow,51,0.362856878602315
p06_noise_static,adhd,flow,52,0.355960804617687
p06_noise_static,adhd,flow,53,0.359992438307474
p06_noise_static,adhd,flow,54,0.385130010916742
p06_noise_static,adhd,flow,55,0.351850834289039
p06_noise_static,adhd,flow,56,0.378944802756321
p06_noise_static,adhd,flow,57,0.428650936094696
p06_noise_static,adhd,flow,58,0.363862489766303
p06_noise_static,adhd,flow,59,0.414340609424347
p06_noise_static,adhd,flow,60,0.380812408941944
p06_noise_static,adhd,flow,61,0.416239314237810
p06_noise_static,adhd,flow,62,0.342383921734065
p06_noise_static,adhd,flow,63,0.360763753437458
p06_tone_control,adhd,flow,0,0.155264219539719
p06_tone_control,adhd,flow,1,0.159997856068179
p06_tone_control,adhd,flow,2,0.152634017563748
p06_tone_control,adhd,flow,3,0.157027242926783
p06_tone_control,adhd,flow,4,0.154441870127332
p06_tone_control,adhd,flow,5,0.160534422212822
p06_tone_control,adhd,flow,6,0.153853558495034
p06_tone_control,adhd,flow,7,0.153840867039035
p06_tone_control,adhd,flow,8,0.152038811067476
p06_tone_control,adhd,flow,9,0.156228671298468
p06_tone_control,adhd,flow,10,0.158361754185411
p06_tone_control,adhd,flow,11,0.155493806028265
p06_tone_control,adhd,flow,12,0.155507763406081
p06_tone_control,adhd,flow,13,0.155644112789516
p06_tone_control,adhd,flow,14,0.153545247709620
p06_tone_control,adhd,flow,15,0.156721094537901
p06_tone_control,adhd,flow,16,0.151701032245679
p06_tone_control,adhd,flow,17,0.153523368614178
p06_tone_control,adhd,flow,18,0.156907901496353
p06_tone_control,adhd,flow,19,0.153316748279751
p06_tone_control,adhd,flow,20,0.156054108940099
p06_tone_control,adhd,flow,21,0.153477308746729
p06_tone_control,adhd,flow,22,0.155329635016640
p06_tone_control,adhd,flow,23,0.150272270618595
p06_tone_control,adhd,flow,24,0.160360510397962
p06_tone_control,adhd,flow,25,0.153223336014902
p06_tone_control,adhd,flow,26,0.153770824711473
p06_tone_control,adhd,flow,27,0.151580428938775
p06_tone_control,adhd,flow,28,0.154638913576067
p06_tone_control,adhd,flow,29,0.161946958701774
p06_tone_control,adhd,flow,30,0.151864672175300
p06_tone_control,adhd,flow,31,0.153547945916700
p06_tone_control,adhd,flow,32,0.154442223379696
p06_tone_control,adhd,flow,33,0.154597067072972
p06_tone_control,adhd,flow,34,0.154182457266892
p06_tone_control,adhd,flow,35,0.153333021665855
p06_tone_control,adhd,flow,36,0.158536918427237
p06_tone_control,adhd,flow,37,0.156261480769650
p06_tone_control,adhd,flow,38,0.157188957507405
p06_tone_control,adhd,flow,39,0.156214629531101
p06_tone_control,adhd,flow,40,0.155732391951455
p06_tone_control,adhd,flow,41,0.154791402151890
p06_tone_control,adhd,flow,42,0.159841480270243
p06_tone_control,adhd,flow,43,0.158605649928563
p06_tone_control,adhd,flow,44,0.157363744067892
p06_tone_control,adhd,flow,45,0.155724708593380
p06_tone_control,adhd,flow,46,0.159385554543051
p06_tone_control,adhd,flow,47,0.160928957395718
p06_tone_control,adhd,flow,48,0.159008597761486
p06_tone_control,adhd,flow,49,0.158558496486603
p06_tone_control,adhd,flow,50,0.157714386671128
p06_tone_control,adhd,flow,51,0.153005223303739
p06_tone_control,adhd,flow,52,0.159177341544131
p06_tone_control,adhd,flow,53,0.155618290650607
p06_tone_control,adhd,flow,54,0.157128091471163
p06_tone_control,adhd,flow,55,0.159354557322989
p06_tone_control,adhd,flow,56,0.153203474004374
p06_tone_control,adhd,flow,57,0.153224406892122
p06_tone_control,adhd,flow,58,0.158080504766432
p06_tone_control,adhd,flow,59,0.152986977157655
p06_tone_control,adhd,flow,60,0.154238099882636
p06_tone_control,adhd,flow,61,0.154420149662079
p06_tone_control,adhd,flow,62,0.156913220580726
p06_tone_control,adhd,flow,63,0.155506881923252
p06_noise_random_pulse,adhd,focus,0,0.304873138873951
p06_noise_random_pulse,adhd,focus,1,0.275197933810031
p06_noise_random_pulse,adhd,focus,2,0.332944018088122
p06_noise_random_pulse,adhd,focus,3,0.307571061959489
p06_noise_random_pulse,adhd,focus,4,0.280580675790331
p06_noise_random_pulse,adhd,focus,5,0.301036229390597
p06_noise_random_pulse,adhd,focus,6,0.307372963109161
p06_noise_random_pulse,adhd,focus,7,0.286134069135314
p06_noise_random_pulse,adhd,focus,8,0.326392819056385
p06_noise_random_pulse,adhd,focus,9,0.318203540236818
p06_noise_random_pulse,adhd,focus,10,0.359308748661007
p06_noise_random_pulse,adhd,focus,11,0.374770060542691
p06_noise_random_pulse,adhd,focus,12,0.334790702208217
p06_noise_random_pulse,adhd,focus,13,0.360772837727991
p06_noise_random_pulse,adhd,focus,14,0.308499623858747
p06_noise_random_pulse,adhd,focus,15,0.339178867845205
p06_noise_random_pulse,adhd,focus,16,0.337943214012766
p06_noise_random_pulse,adhd,focus,17,0.351853387146994
p06_noise_random_pulse,adhd,focus,18,0.292646834850318
p06_noise_random_pulse,adhd,focus,19,0.329394555538401
p06_noise_random_pulse,adhd,focus,20,0.322966486732221
p06_noise_random_pulse,adhd,focus,21,0.343669261316773
p06_noise_random_pulse,adhd,focus,22,0.283587513951773
p06_noise_random_pulse,adhd,focus,23,0.387580488279583
p06_noise_random_pulse,adhd,focus,24,0.371169128510858
p06_noise_random_pulse,adhd,focus,25,0.330874437495810
p06_noise_random_pulse,adhd,focus,26,0.334396407415428
p06_noise_random_pulse,adhd,focus,27,0.333484997845130
p06_noise_random_pulse,adhd,focus,28,0.380498218301805
p06_noise_random_pulse,adhd,focus,29,0.314128532824820
p06_noise_random_pulse,adhd,focus,30,0.244037511987199
p06_noise_random_pulse,adhd,focus,31,0.238817218222303
p06_noise_random_pulse,adhd,focus,32,0.317580351193396
p06_noise_random_pulse,adhd,focus,33,0.295949425515855
p06_noise_random_pulse,adhd,focus,34,0.375041337594162
p06_noise_random_pulse,adhd,focus,35,0.296966885664272
p06_noise_random_pulse,adhd,focus,36,0.355982541196922
p06_noise_random_pulse,adhd,focus,37,0.350814866796313
p06_noise_random_pulse,adhd,focus,38,0.323768395113105
p06_noise_random_pulse,adhd,focus,39,0.309771291373255
p06_noise_random_pulse,adhd,focus,40,0.290246901892671
p06_noise_random_pulse,adhd,focus,41,0.277031299765035
p06_noise_random_pulse,adhd,focus,42,0.292387876524072
p06_noise_random_pulse,adhd,focus,43,0.266229833024167
p06_noise_random_pulse,adhd,focus,44,0.370275039338272
p06_noise_random_pulse,adhd,focus,45,0.228509870552053
p06_noise_random_pulse,adhd,focus,46,0.484416533317672
p06_noise_random_pulse,adhd,focus,47,0.350608205814808
p06_noise_random_pulse,adhd,focus,48,0.351474828358481
p06_noise_random_pulse,adhd,focus,49,0.289952198639327
p06_noise_random_pulse,adhd,focus,50,0.340202238588171
p06_noise_random_pulse,adhd,focus,51,0.353074660896949
p06_noise_random_pulse,adhd,focus,52,0.338887122328274
p06_noise_random_pulse,adhd,focus,53,0.374491101943152
p06_noise_random_pulse,adhd,focus,54,0.336616456632924
p06_noise_random_pulse,adhd,focus,55,0.331996773140922
p06_noise_random_pulse,adhd,focus,56,0.300194341257324
p06_noise_random_pulse,adhd,focus,57,0.264879173127003
p06_noise_random_pulse,adhd,focus,58,0.351105740024254
p06_noise_random_pulse,adhd,focus,59,0.387960295356986
p06_noise_random_pulse,adhd,focus,60,0.304044946820395
p06_noise_random_pulse,adhd,focus,61,0.288798762988108
p06_noise_random_pulse,adhd,focus,62,0.358174391577087
p06_noise_random_pulse,adhd,focus,63,0.368003503813485
p06_noise_random_walk,adhd,focus,0,0.255469317579939
p06_noise_random_walk,adhd,focus,1,0.288833031758000
p06_noise_random_walk,adhd,focus,2,0.282770426026793
p06_noise_random_walk,adhd,focus,3,0.352382168193859
p06_noise_random_walk,adhd,focus,4,0.243205704734521
p06_noise_random_walk,adhd,focus,5,0.157337903407684
p06_noise_random_walk,adhd,focus,6,0.189161232909867
p06_noise_random_walk,adhd,focus,7,0.238280824321414
p06_noise_random_walk,adhd,focus,8,0.266192865271172
p06_noise_random_walk,adhd,focus,9,0.300325123033171
p06_noise_random_walk,adhd,focus,10,0.308773043093158
p06_noise_random_walk,adhd,focus,11,0.257403790399739
p06_noise_random_walk,adhd,focus,12,0.291504598502826
p06_noise_random_walk,adhd,focus,13,0.332592955104203
p06_noise_random_walk,adhd,focus,14,0.245462215148700
p06_noise_random_walk,adhd,focus,15,0.289476529372436
p06_noise_random_walk,adhd,focus,16,0.264634824107523
p06_noise_random_walk,adhd,focus,17,0.297448568560128
p06_noise_random_walk,adhd,focus,18,0.227285074741409
p06_noise_random_walk,adhd,focus,19,0.269125836678473
p06_noise_random_walk,adhd,focus,20,0.202788085399959
p06_noise_random_walk,adhd,focus,21,0.342408655543534
p06_noise_random_walk,adhd,focus,22,0.338555481605848
p06_noise_random_walk,adhd,focus,23,0.243041979909945
p06_noise_random_walk,adhd,focus,24,0.304110933817291
p06_noise_random_walk,adhd,focus,25,0.196363915626465
p06_noise_random_walk,adhd,focus,26,0.257016542464556
p06_noise_random_walk,adhd,focus,27,0.272099944838099
p06_noise_random_walk,adhd,focus,28,0.258440103475447
p06_noise_random_walk,adhd,focus,29,0.261060974188395
p06_noise_random_walk,adhd,focus,30,0.199990897773976
p06_noise_random_walk,adhd,focus,31,0.318877966623487
p06_noise_random_walk,adhd,focus,32,0.278994494227234
p06_noise_random_walk,adhd,focus,33,0.255903447093005
p06_noise_random_walk,adhd,focus,34,0.280016964609033
p06_noise_random_walk,adhd,focus,35,0.272362251960531
p06_noise_random_walk,adhd,focus,36,0.283543808520542
p06_noise_random_walk,adhd,focus,37,0.306570473736234
p06_noise_random_walk,adhd,focus,38,0.226492866644584
p06_noise_random_walk,adhd,focus,39,0.276865615423132
p06_noise_random_walk,adhd,focus,40,0.271784232785413
p06_noise_random_walk,adhd,focus,41,0.271473955508564
p06_noise_random_walk,adhd,focus,42,0.272683871319678
p06_noise_random_walk,adhd,focus,43,0.170764608886895
p06_noise_random_walk,adhd,focus,44,0.331247189772981
p06_noise_random_walk,adhd,focus,45,0.270638518289972
p06_noise_random_walk,adhd,focus,46,0.213230164687504
p06_noise_random_walk,adhd,focus,47,0.278533880301222
p06_noise_random_walk,adhd,focus,48,0.271906709117405
p06_noise_random_walk,adhd,focus,49,0.252095431931155
p06_noise_random_walk,adhd,focus,50,0.260407078031331
p06_noise_random_walk,adhd,focus,51,0.270065397524624
p06_noise_random_walk,adhd,focus,52,0.257589337789735
p06_noise_random_walk,adhd,focus,53,0.273983403489973
p06_noise_random_walk,adhd,focus,54,0.236124232770874
p06_noise_random_walk,adhd,focus,55,0.230462330498938
p06_noise_random_walk,adhd,focus,56,0.284814329908156
p06_noise_random_walk,adhd,focus,57,0.261617158030536
p06_noise_random_walk,adhd,focus,58,0.272841850316681
p06_noise_random_walk,adhd,focus,59,0.260100398442218
p06_noise_random_walk,adhd,focus,60,0.322258359673733
p06_noise_random_walk,adhd,focus,61,0.191179490654458
p06_noise_random_walk,adhd,focus,62,0.279719050805329
p06_noise_random_walk,adhd,focus,63,0.153373695710773
p06_noise_room,adhd,focus,0,0.199629938694351
p06_noise_room,adhd,focus,1,0.206312346617238
p06_noise_room,adhd,focus,2,0.150750662311466
p06_noise_room,adhd,focus,3,0.151364999477191
p06_noise_room,adhd,focus,4,0.200951042931303
p06_noise_room,adhd,focus,5,0.161532183199138
p06_noise_room,adhd,focus,6,0.178122248044420
p06_noise_room,adhd,focus,7,0.202680849262318
p06_noise_room,adhd,focus,8,0.284369962959792
p06_noise_room,adhd,focus,9,0.245543255592957
p06_noise_room,adhd,focus,10,0.105134985958384
p06_noise_room,adhd,focus,11,0.295639910319034
p06_noise_room,adhd,focus,12,0.181095525946049
p06_noise_room,adhd,focus,13,0.244257460472116
p06_noise_room,adhd,focus,14,0.161330476996943
p06_noise_room,adhd,focus,15,0.243061126857086
p06_noise_room,adhd,focus,16,0.191358621391588
p06_noise_room,adhd,focus,17,0.262276851182794
p06_noise_room,adhd,focus,18,0.236997215429831
p06_noise_room,adhd,focus,19,0.225475307596933
p06_noise_room,adhd,focus,20,0.181718403165359
p06_noise_room,adhd,focus,21,0.237616832020643
p06_noise_room,adhd,focus,22,0.255327895187823
p06_noise_room,adhd,focus,23,0.222358068152445
p06_noise_room,adhd,focus,24,0.247241375525886
p06_noise_room,adhd,focus,25,0.231291831683902
p06_noise_room,adhd,focus,26,0.209745614292546
p06_noise_room,adhd,focus,27,0.210093290769144
p06_noise_room,adhd,focus,28,0.272061970115446
p06_noise_room,adhd,focus,29,0.196745473121171
p06_noise_room,adhd,focus,30,0.264471192837737
p06_noise_room,adhd,focus,31,0.162674657590997
p06_noise_room,adhd,focus,32,0.221105870086285
p06_noise_room,adhd,focus,33,0.252730642553409
p06_noise_room,adhd,focus,34,0.139757186893986
p06_noise_room,adhd,focus,35,0.249303230006287
p06_noise_room,adhd,focus,36,0.290326867012120
p06_noise_room,adhd,focus,37,0.198607556377736
p06_noise_room,adhd,focus,38,0.183461574465475
p06_noise_room,adhd,focus,39,0.244691737459782
p06_noise_room,adhd,focus,40,0.173132385134534
p06_noise_room,adhd,focus,41,0.168314664710060
p06_noise_room,adhd,focus,42,0.173732753733437
p06_noise_room,adhd,focus,43,0.282240452788704
p06_noise_room,adhd,focus,44,0.240667557645852
p06_noise_room,adhd,focus,45,0.214264484257877
p06_noise_room,adhd,focus,46,0.282604213430017
p06_noise_room,adhd,focus,47,0.233362394066097
p06_noise_room,adhd,focus,48,0.232940693105782
p06_noise_room,adhd,focus,49,0.261799093018610
p06_noise_room,adhd,focus,50,0.204347202500313
p06_noise_room,adhd,focus,51,0.247144748266235
p06_noise_room,adhd,focus,52,0.309092510385630
p06_noise_room,adhd,focus,53,0.271574436460311
p06_noise_room,adhd,focus,54,0.202785657267563
p06_noise_room,adhd,focus,55,0.198764728535080
p06_noise_room,adhd,focus,56,0.272257854525521
p06_noise_room,adhd,focus,57,0.226731695095301
p06_noise_room,adhd,focus,58,0.254804906474173
p06_noise_room,adhd,focus,59,0.204374679769840
p06_noise_room,adhd,focus,60,0.257933257753613
p06_noise_room,adhd,focus,61,0.306005419529601
p06_noise_room,adhd,focus,62,0.181814151929629
p06_noise_room,adhd,focus,63,0.331818583196813
p06_noise_static,adhd,focus,0,0.245522315736864
p06_noise_static,adhd,focus,1,0.271749127308840
p06_noise_static,adhd,focus,2,0.276171585943155
p06_noise_static,adhd,focus,3,0.246599492374800
p06_noise_static,adhd,focus,4,0.267274386642516
p06_noise_static,adhd,focus,5,0.214912435580392
p06_noise_static,adhd,focus,6,0.161257435157147
p06_noise_static,adhd,focus,7,0.277533893758137
p06_noise_static,adhd,focus,8,0.287458819919096
p06_noise_static,adhd,focus,9,0.213645250747610
p06_noise_static,adhd,focus,10,0.264243074477524
p06_noise_static,adhd,focus,11,0.185307387398191
p06_noise_static,adhd,focus,12,0.257686461925343
p06_noise_static,adhd,focus,13,0.228588517456700
p06_noise_static,adhd,focus,14,0.283229199024202
p06_noise_static,adhd,focus,15,0.241344165788377
p06_noise_static,adhd,focus,16,0.227777737542394
p06_noise_static,adhd,focus,17,0.303978737257530
p06_noise_static,adhd,focus,18,0.178203454645249
p06_noise_static,adhd,focus,19,0.229291437450874
p06_noise_static,adhd,focus,20,0.226114796559394
p06_noise_static,adhd,focus,21,0.182695683745405
p06_noise_static,adhd,focus,22,0.283572872508463
p06_noise_static,adhd,focus,23,0.243142496109103
p06_noise_static,adhd,focus,24,0.243405501631184
p06_noise_static,adhd,focus,25,0.134005824418731
p06_noise_static,adhd,focus,26,0.218417119682388
p06_noise_static,adhd,focus,27,0.240636245131162
p06_noise_static,adhd,focus,28,0.288898627011243
p06_noise_static,adhd,focus,29,0.184696525433210
p06_noise_static,adhd,focus,30,0.305288160405519
p06_noise_static,adhd,focus,31,0.202212053970912
p06_noise_static,adhd,focus,32,0.195046719151908
p06_noise_static,adhd,focus,33,0.236648984622097
p06_noise_static,adhd,focus,34,0.222788607008615
p06_noise_static,adhd,focus,35,0.238310630908060
p06_noise_static,adhd,focus,36,0.214935873819641
p06_noise_static,adhd,focus,37,0.184203138680999
p06_noise_static,adhd,focus,38,0.185350974871040
p06_noise_static,adhd,focus,39,0.245843110528918
p06_noise_static,adhd,focus,40,0.266735020196445
p06_noise_static,adhd,focus,41,0.210371062692408
p06_noise_static,adhd,focus,42,0.323676100550985
p06_noise_static,adhd,focus,43,0.299975422281113
p06_noise_static,adhd,focus,44,0.209552080210038
p06_noise_static,adhd,focus,45,0.250047739537247
p06_noise_static,adhd,focus,46,0.225831215072371
p06_noise_static,adhd,focus,47,0.229635178466243
p06_noise_static,adhd,focus,48,0.236006255042515
p06_noise_static,adhd,focus,49,0.236194192302567
p06_noise_static,adhd,focus,50,0.249852179077530
p06_noise_static,adhd,focus,51,0.283624696643198
p06_noise_static,adhd,focus,52,0.257605837509121
p06_noise_static,adhd,focus,53,0.242916564574481
p06_noise_static,adhd,focus,54,0.241496963996798
p06_noise_static,adhd,focus,55,0.226306589436026
p06_noise_static,adhd,focus,56,0.272025305367193
p06_noise_static,adhd,focus,57,0.198028250574499
p06_noise_static,adhd,focus,58,0.270326081556695
p06_noise_static,adhd,focus,59,0.261193391165289
p06_noise_static,adhd,focus,60,0.271238730663260
p06_noise_static,adhd,focus,61,0.251295138914398
p06_noise_static,adhd,focus,62,0.218331321089382
p06_noise_static,adhd,focus,63,0.301245897710898
p06_tone_control,adhd,focus,0,0.044400301090173
p06_tone_control,adhd,focus,1,0.044564916785621
p06_tone_control,adhd,focus,2,0.043866540404797
p06_tone_control,adhd,focus,3,0.044163427530460
p06_tone_control,adhd,focus,4,0.044342196807283
p06_tone_control,adhd,focus,5,0.044459802833655
p06_tone_control,adhd,focus,6,0.044370174808918
p06_tone_control,adhd,focus,7,0.043575118360638
p06_tone_control,adhd,focus,8,0.043729711909453
p06_tone_control,adhd,focus,9,0.044457879658804
p06_tone_control,adhd,focus,10,0.044556886143721
p06_tone_control,adhd,focus,11,0.044163919165031
p06_tone_control,adhd,focus,12,0.044369554067704
p06_tone_control,adhd,focus,13,0.044264853901301
p06_tone_control,adhd,focus,14,0.043881243361285
p06_tone_control,adhd,focus,15,0.044126849167394
p06_tone_control,adhd,focus,16,0.043945963691382
p06_tone_control,adhd,focus,17,0.044252446485273
p06_tone_control,adhd,focus,18,0.044160167126921
p06_tone_control,adhd,focus,19,0.044007600497260
p06_tone_control,adhd,focus,20,0.044533541470674
p06_tone_control,adhd,focus,21,0.044204009450949
p06_tone_control,adhd,focus,22,0.044130295273737
p06_tone_control,adhd,focus,23,0.043914312750033
p06_tone_control,adhd,focus,24,0.044610139275782
p06_tone_control,adhd,focus,25,0.044165460843810
p06_tone_control,adhd,focus,26,0.043982353014364
p06_tone_control,adhd,focus,27,0.043891225872442
p06_tone_control,adhd,focus,28,0.044485919070776
p06_tone_control,adhd,focus,29,0.044569304025770
p06_tone_control,adhd,focus,30,0.043617227973576
p06_tone_control,adhd,focus,31,0.044354427775977
p06_tone_control,adhd,focus,32,0.044533151538745
p06_tone_control,adhd,focus,33,0.044484609109984
p06_tone_control,adhd,focus,34,0.044562203140787
p06_tone_control,adhd,focus,35,0.043981346288958
p06_tone_control,adhd,focus,36,0.044558884855388
p06_tone_control,adhd,focus,37,0.044524054233288
p06_tone_control,adhd,focus,38,0.044218063692323
p06_tone_control,adhd,focus,39,0.044468966401756
p06_tone_control,adhd,focus,40,0.043872575104566
p06_tone_control,adhd,focus,41,0.044331152088429
p06_tone_control,adhd,focus,42,0.044606293846638
p06_tone_control,adhd,focus,43,0.044544289659969
p06_tone_control,adhd,focus,44,0.044608997867315
p06_tone_control,adhd,focus,45,0.043916868723683
p06_tone_control,adhd,focus,46,0.044498415921398
p06_tone_control,adhd,focus,47,0.044648474934172
p06_tone_control,adhd,focus,48,0.044312662129020
p06_tone_control,adhd,focus,49,0.044450573279078
p06_tone_control,adhd,focus,50,0.044326333528130
p06_tone_control,adhd,focus,51,0.044179243074854
p06_tone_control,adhd,focus,52,0.044694781349534
p06_tone_control,adhd,focus,53,0.044590746491327
p06_tone_control,adhd,focus,54,0.044578675141400
p06_tone_control,adhd,focus,55,0.044565286898632
p06_tone_control,adhd,focus,56,0.044035669188896
p06_tone_control,adhd,focus,57,0.044552234512975
p06_tone_control,adhd,focus,58,0.044176563887689
p06_tone_control,adhd,focus,59,0.044573274704280
p06_tone_control,adhd,focus,60,0.044420730089905
p06_tone_control,adhd,focus,61,0.044544014451296
p06_tone_control,adhd,focus,62,0.044374020294418
p06_tone_control,adhd,focus,63,0.044442561869856
p06_noise_random_pulse,adhd,ignition,0,0.204737072850089
p06_noise_random_pulse,adhd,ignition,1,0.269577319721674
p06_noise_random_pulse,adhd,ignition,2,0.301165652193678
p06_noise_random_pulse,adhd,ignition,3,0.277314249641845
p06_noise_random_pulse,adhd,ignition,4,0.252123012822775
p06_noise_random_pulse,adhd,ignition,5,0.257816049317555
p06_noise_random_pulse,adhd,ignition,6,0.296833296145448
p06_noise_random_pulse,adhd,ignition,7,0.250116205106275
p06_noise_random_pulse,adhd,ignition,8,0.227448594360370
p06_noise_random_pulse,adhd,ignition,9,0.242867182479240
p06_noise_random_pulse,adhd,ignition,10,0.249863946757501
p06_noise_random_pulse,adhd,ignition,11,0.254332760801843
p06_noise_random_pulse,adhd,ignition,12,0.271964176283808
p06_noise_random_pulse,adhd,ignition,13,0.376509828734273
p06_noise_random_pulse,adhd,ignition,14,0.215316661065608
p06_noise_random_pulse,adhd,ignition,15,0.230728766619071
p06_noise_random_pulse,adhd,ignition,16,0.248958568021025
p06_noise_random_pulse,adhd,ignition,17,0.248210362096247
p06_noise_random_pulse,adhd,ignition,18,0.249119709656404
p06_noise_random_pulse,adhd,ignition,19,0.254620692564376
p06_noise_random_pulse,adhd,ignition,20,0.235955337691315
p06_noise_random_pulse,adhd,ignition,21,0.255729569138301
p06_noise_random_pulse,adhd,ignition,22,0.214837302280316
p06_noise_random_pulse,adhd,ignition,23,0.275494356724064
p06_noise_random_pulse,adhd,ignition,24,0.253434670293842
p06_noise_random_pulse,adhd,ignition,25,0.280765641312761
p06_noise_random_pulse,adhd,ignition,26,0.284664629781468
p06_noise_random_pulse,adhd,ignition,27,0.255659141847021
p06_noise_random_pulse,adhd,ignition,28,0.294732767123907
p06_noise_random_pulse,adhd,ignition,29,0.215864843512831
p06_noise_random_pulse,adhd,ignition,30,0.228007247800534
p06_noise_random_pulse,adhd,ignition,31,0.205608575201543
p06_noise_random_pulse,adhd,ignition,32,0.253276770414032
p06_noise_random_pulse,adhd,ignition,33,0.222287632418715
p06_noise_random_pulse,adhd,ignition,34,0.328805308705307
p06_noise_random_pulse,adhd,ignition,35,0.272857820490137
p06_noise_random_pulse,adhd,ignition,36,0.246314152571802
p06_noise_random_pulse,adhd,ignition,37,0.256175724752447
p06_noise_random_pulse,adhd,ignition,38,0.250631260756857
p06_noise_random_pulse,adhd,ignition,39,0.219658029787461
p06_noise_random_pulse,adhd,ignition,40,0.239833454587006
p06_noise_random_pulse,adhd,ignition,41,0.241044993742956
p06_noise_random_pulse,adhd,ignition,42,0.298543226798831
p06_noise_random_pulse,adhd,ignition,43,0.184930413837707
p06_noise_random_pulse,adhd,ignition,44,0.302800984259837
p06_noise_random_pulse,adhd,ignition,45,0.166975859730367
p06_noise_random_pulse,adhd,ignition,46,0.399660659671541
p06_noise_random_pulse,adhd,ignition,47,0.236379382019290
p06_noise_random_pulse,adhd,ignition,48,0.277958873029829
p06_noise_random_pulse,adhd,ignition,49,0.241887827136607
p06_noise_random_pulse,adhd,ignition,50,0.352377035425926
p06_noise_random_pulse,adhd,ignition,51,0.241578295046599
p06_noise_random_pulse,adhd,ignition,52,0.228932663470750
p06_noise_random_pulse,adhd,ignition,53,0.245178725241207
p06_noise_random_pulse,adhd,ignition,54,0.272913709382115
p06_noise_random_pulse,adhd,ignition,55,0.292613722063763
p06_noise_random_pulse,adhd,ignition,56,0.296314059235532
p06_noise_random_pulse,adhd,ignition,57,0.247634329208259
p06_noise_random_pulse,adhd,ignition,58,0.348123688630742
p06_noise_random_pulse,adhd,ignition,59,0.263805604297447
p06_noise_random_pulse,adhd,ignition,60,0.225511846759621
p06_noise_random_pulse,adhd,ignition,61,0.276789772006142
p06_noise_random_pulse,adhd,ignition,62,0.322986947365300
p06_noise_random_pulse,adhd,ignition,63,0.296092514407948
p06_noise_random_walk,adhd,ignition,0,0.165933879992211
p06_noise_random_walk,adhd,ignition,1,0.289074482103356
p06_noise_random_walk,adhd,ignition,2,0.186304126979934
p06_noise_random_walk,adhd,ignition,3,0.279690014736087
p06_noise_random_walk,adhd,ignition,4,0.232887071704698
p06_noise_random_walk,adhd,ignition,5,0.181815919084098
p06_noise_random_walk,adhd,ignition,6,0.136658560441670
p06_noise_random_walk,adhd,ignition,7,0.230140735620914
p06_noise_random_walk,adhd,ignition,8,0.220281545225410
p06_noise_random_walk,adhd,ignition,9,0.331614462226988
p06_noise_random_walk,adhd,ignition,10,0.305864421058120
p06_noise_random_walk,adhd,ignition,11,0.222480952912006
p06_noise_random_walk,adhd,ignition,12,0.256474552120490
p06_noise_random_walk,adhd,ignition,13,0.250385835407020
p06_noise_random_walk,adhd,ignition,14,0.223847290028787
p06_noise_random_walk,adhd,ignition,15,0.229243997381622
p06_noise_random_walk,adhd,ignition,16,0.368232495297210
p06_noise_random_walk,adhd,ignition,17,0.217252032419654
p06_noise_random_walk,adhd,ignition,18,0.229004091034450
p06_noise_random_walk,adhd,ignition,19,0.175436977140047
p06_noise_random_walk,adhd,ignition,20,0.170220953376840
p06_noise_random_walk,adhd,ignition,21,0.245336748478439
p06_noise_random_walk,adhd,ignition,22,0.231392112935331
p06_noise_random_walk,adhd,ignition,23,0.164518495104979
p06_noise_random_walk,adhd,ignition,24,0.240977966367514
p06_noise_random_walk,adhd,ignition,25,0.132602647477853
p06_noise_random_walk,adhd,ignition,26,0.249240879795760
p06_noise_random_walk,adhd,ignition,27,0.219686271145457
p06_noise_random_walk,adhd,ignition,28,0.212983162183311
p06_noise_random_walk,adhd,ignition,29,0.198998824988783
p06_noise_random_walk,adhd,ignition,30,0.133264784725708
p06_noise_random_walk,adhd,ignition,31,0.236904721935559
p06_noise_random_walk,adhd,ignition,32,0.196354129698324
p06_noise_random_walk,adhd,ignition,33,0.169939662622296
p06_noise_random_walk,adhd,ignition,34,0.216442250494299
p06_noise_random_walk,adhd,ignition,35,0.212460567091296
p06_noise_random_walk,adhd,ignition,36,0.197560125789085
p06_noise_random_walk,adhd,ignition,37,0.253131603960276
p06_noise_random_walk,adhd,ignition,38,0.221574953195089
p06_noise_random_walk,adhd,ignition,39,0.211945877964028
p06_noise_random_walk,adhd,ignition,40,0.188809826449502
p06_noise_random_walk,adhd,ignition,41,0.259115384421933
p06_noise_random_walk,adhd,ignition,42,0.199293870363350
p06_noise_random_walk,adhd,ignition,43,0.113341571811123
p06_noise_random_walk,adhd,ignition,44,0.270560247403020
p06_noise_random_walk,adhd,ignition,45,0.188719892377140
p06_noise_random_walk,adhd,ignition,46,0.154779224391814
p06_noise_random_walk,adhd,ignition,47,0.273944426590255
p06_noise_random_walk,adhd,ignition,48,0.202769541858148
p06_noise_random_walk,adhd,ignition,49,0.202465943516857
p06_noise_random_walk,adhd,ignition,50,0.169260512774253
p06_noise_random_walk,adhd,ignition,51,0.208805556770200
p06_noise_random_walk,adhd,ignition,52,0.208111534349592
p06_noise_random_walk,adhd,ignition,53,0.191697819954597
p06_noise_random_walk,adhd,ignition,54,0.169007580536021
p06_noise_random_walk,adhd,ignition,55,0.226194980252215
p06_noise_random_walk,adhd,ignition,56,0.242945015793057
p06_noise_random_walk,adhd,ignition,57,0.214859671338755
p06_noise_random_walk,adhd,ignition,58,0.248415810012224
p06_noise_random_walk,adhd,ignition,59,0.183275228252230
p06_noise_random_walk,adhd,ignition,60,0.229944057040825
p06_noise_random_walk,adhd,ignition,61,0.175466091792180
p06_noise_random_walk,adhd,ignition,62,0.233060023137664
p06_noise_random_walk,adhd,ignition,63,0.115187474020375
p06_noise_room,adhd,ignition,0,0.141602802820270
p06_noise_room,adhd,ignition,1,0.197443145593097
p06_noise_room,adhd,ignition,2,0.104968768466637
p06_noise_room,adhd,ignition,3,0.103066932496931
p06_noise_room,adhd,ignition,4,0.193402476870947
p06_noise_room,adhd,ignition,5,0.115688063761110
p06_noise_room,adhd,ignition,6,0.123213103810275
p06_noise_room,adhd,ignition,7,0.132101860517135
p06_noise_room,adhd,ignition,8,0.207006686051834
p06_noise_room,adhd,ignition,9,0.176877552408217
p06_noise_room,adhd,ignition,10,0.077307239608662
p06_noise_room,adhd,ignition,11,0.189780454089932
p06_noise_room,adhd,ignition,12,0.119548719238990
p06_noise_room,adhd,ignition,13,0.214063754395080
p06_noise_room,adhd,ignition,14,0.115146733265778
p06_noise_room,adhd,ignition,15,0.174798885271554
p06_noise_room,adhd,ignition,16,0.156331439416187
p06_noise_room,adhd,ignition,17,0.204339886793367
p06_noise_room,adhd,ignition,18,0.248871777237931
p06_noise_room,adhd,ignition,19,0.198296854338520
p06_noise_room,adhd,ignition,20,0.125583957422210
p06_noise_room,adhd,ignition,21,0.218854807132181
p06_noise_room,adhd,ignition,22,0.240419416595494
p06_noise_room,adhd,ignition,23,0.148355932952000
p06_noise_room,adhd,ignition,24,0.193706807945796
p06_noise_room,adhd,ignition,25,0.230435451459541
p06_noise_room,adhd,ignition,26,0.142870826555046
p06_noise_room,adhd,ignition,27,0.146422322985579
p06_noise_room,adhd,ignition,28,0.215035496912173
p06_noise_room,adhd,ignition,29,0.137843800840721
p06_noise_room,adhd,ignition,30,0.362964347011346
p06_noise_room,adhd,ignition,31,0.112765463265061
p06_noise_room,adhd,ignition,32,0.191759911995257
p06_noise_room,adhd,ignition,33,0.191944883931506
p06_noise_room,adhd,ignition,34,0.101249706804901
p06_noise_room,adhd,ignition,35,0.161528342091383
p06_noise_room,adhd,ignition,36,0.192269239392117
p06_noise_room,adhd,ignition,37,0.190625899147263
p06_noise_room,adhd,ignition,38,0.123981303382741
p06_noise_room,adhd,ignition,39,0.232311624395841
p06_noise_room,adhd,ignition,40,0.169569202841188
p06_noise_room,adhd,ignition,41,0.123105428032997
p06_noise_room,adhd,ignition,42,0.113240582756826
p06_noise_room,adhd,ignition,43,0.245692036250625
p06_noise_room,adhd,ignition,44,0.197124731400882
p06_noise_room,adhd,ignition,45,0.218725097309162
p06_noise_room,adhd,ignition,46,0.180927484181934
p06_noise_room,adhd,ignition,47,0.221249994360867
p06_noise_room,adhd,ignition,48,0.152695777987938
p06_noise_room,adhd,ignition,49,0.201574745246711
p06_noise_room,adhd,ignition,50,0.189163350726142
p06_noise_room,adhd,ignition,51,0.207846854520298
p06_noise_room,adhd,ignition,52,0.325839394225892
p06_noise_room,adhd,ignition,53,0.201022153906791
p06_noise_room,adhd,ignition,54,0.143466100487722
p06_noise_room,adhd,ignition,55,0.161553906665494
p06_noise_room,adhd,ignition,56,0.278638926527008
p06_noise_room,adhd,ignition,57,0.141363592223681
p06_noise_room,adhd,ignition,58,0.173529849723605
p06_noise_room,adhd,ignition,59,0.137122066492120
p06_noise_room,adhd,ignition,60,0.199944027541719
p06_noise_room,adhd,ignition,61,0.223767988998758
p06_noise_room,adhd,ignition,62,0.126461564880688
p06_noise_room,adhd,ignition,63,0.355150450928151
p06_noise_static,adhd,ignition,0,0.200835955852294
p06_noise_static,adhd,ignition,1,0.213695551392221
p06_noise_static,adhd,ignition,2,0.309158739693083
p06_noise_static,adhd,ignition,3,0.188779147393124
p06_noise_static,adhd,ignition,4,0.192795563682282
p06_noise_static,adhd,ignition,5,0.190195566666525
p06_noise_static,adhd,ignition,6,0.102470786691509
p06_noise_static,adhd,ignition,7,0.212396541393997
p06_noise_static,adhd,ignition,8,0.295008387024487
p06_noise_static,adhd,ignition,9,0.132507791823542
p06_noise_static,adhd,ignition,10,0.273304115923899
p06_noise_static,adhd,ignition,11,0.127134936720424
p06_noise_static,adhd,ignition,12,0.186480538415868
p06_noise_static,adhd,ignition,13,0.213785604401071
p06_noise_static,adhd,ignition,14,0.209921150795630
p06_noise_static,adhd,ignition,15,0.154691771943387
p06_noise_static,adhd,ignition,16,0.217968292722153
p06_noise_static,adhd,ignition,17,0.182970114160988
p06_noise_static,adhd,ignition,18,0.120669422502921
p06_noise_static,adhd,ignition,19,0.222336339405062
p06_noise_static,adhd,ignition,20,0.147304767418963
p06_noise_static,adhd,ignition,21,0.123339853808485
p06_noise_static,adhd,ignition,22,0.205477789060878
p06_noise_static,adhd,ignition,23,0.152309484052288
p06_noise_static,adhd,ignition,24,0.194654935318287
p06_noise_static,adhd,ignition,25,0.085733036494901
p06_noise_static,adhd,ignition,26,0.126859088106580
p06_noise_static,adhd,ignition,27,0.198646112233091
p06_noise_static,adhd,ignition,28,0.203521093453559
p06_noise_static,adhd,ignition,29,0.125183803746105
p06_noise_static,adhd,ignition,30,0.249345663077111
p06_noise_static,adhd,ignition,31,0.163773439800793
p06_noise_static,adhd,ignition,32,0.204270264175725
p06_noise_static,adhd,ignition,33,0.189218579196172
p06_noise_static,adhd,ignition,34,0.217188185141013
p06_noise_static,adhd,ignition,35,0.231843575891531
p06_noise_static,adhd,ignition,36,0.160099319434257
p06_noise_static,adhd,ignition,37,0.129741696816437
p06_noise_static,adhd,ignition,38,0.189345920550194
p06_noise_static,adhd,ignition,39,0.259135028318372
p06_noise_static,adhd,ignition,40,0.175758178689334
p06_noise_static,adhd,ignition,41,0.193323730124744
p06_noise_static,adhd,ignition,42,0.264253836148253
p06_noise_static,adhd,ignition,43,0.196799411903862
p06_noise_static,adhd,ignition,44,0.236890547267149
p06_noise_static,adhd,ignition,45,0.163640837024645
p06_noise_static,adhd,ignition,46,0.265043657281606
p06_noise_static,adhd,ignition,47,0.219542972523899
p06_noise_static,adhd,ignition,48,0.205673062403888
p06_noise_static,adhd,ignition,49,0.154012832215057
p06_noise_static,adhd,ignition,50,0.195485661237978
p06_noise_static,adhd,ignition,51,0.199405951599588
p06_noise_static,adhd,ignition,52,0.186982879765122
p06_noise_static,adhd,ignition,53,0.180302081088091
p06_noise_static,adhd,ignition,54,0.196763863977378
p06_noise_static,adhd,ignition,55,0.262774143700859
p06_noise_static,adhd,ignition,56,0.217785386582009
p06_noise_static,adhd,ignition,57,0.205686911264877
p06_noise_static,adhd,ignition,58,0.170260453275192
p06_noise_static,adhd,ignition,59,0.165036473700913
p06_noise_static,adhd,ignition,60,0.170784836216023
p06_noise_static,adhd,ignition,61,0.186474086056926
p06_noise_static,adhd,ignition,62,0.192139951064782
p06_noise_static,adhd,ignition,63,0.234247321614639
p06_tone_control,adhd,ignition,0,0.035713714972973
p06_tone_control,adhd,ignition,1,0.035689960513661
p06_tone_control,adhd,ignition,2,0.035563579251075
p06_tone_control,adhd,ignition,3,0.035634530804424
p06_tone_control,adhd,ignition,4,0.035857970163622
p06_tone_control,adhd,ignition,5,0.035620761666646
p06_tone_control,adhd,ignition,6,0.035590845112786
p06_tone_control,adhd,ignition,7,0.035450479330991
p06_tone_control,adhd,ignition,8,0.035456120785739
p06_tone_control,adhd,ignition,9,0.035598372006124
p06_tone_control,adhd,ignition,10,0.035699716333494
p06_tone_control,adhd,ignition,11,0.035657837182690
p06_tone_control,adhd,ignition,12,0.035683739928643
p06_tone_control,adhd,ignition,13,0.035648245700776
p06_tone_control,adhd,ignition,14,0.035560039689549
p06_tone_control,adhd,ignition,15,0.035615436718867
p06_tone_control,adhd,ignition,16,0.035687999892533
p06_tone_control,adhd,ignition,17,0.035663574899751
p06_tone_control,adhd,ignition,18,0.035742441497039
p06_tone_control,adhd,ignition,19,0.035576980439683
p06_tone_control,adhd,ignition,20,0.035675719672558
p06_tone_control,adhd,ignition,21,0.035806560680122
p06_tone_control,adhd,ignition,22,0.035628561198147
p06_tone_control,adhd,ignition,23,0.035561439804396
p06_tone_control,adhd,ignition,24,0.035718896847737
p06_tone_control,adhd,ignition,25,0.035731650779533
p06_tone_control,adhd,ignition,26,0.035554084141981
p06_tone_control,adhd,ignition,27,0.035580296955475
p06_tone_control,adhd,ignition,28,0.035735025600242
p06_tone_control,adhd,ignition,29,0.035625964798802
p06_tone_control,adhd,ignition,30,0.035517118883720
p06_tone_control,adhd,ignition,31,0.035785258242927
p06_tone_control,adhd,ignition,32,0.035923695966642
p06_tone_control,adhd,ignition,33,0.035588081701636
p06_tone_control,adhd,ignition,34,0.035671421517750
p06_tone_control,adhd,ignition,35,0.035544852348954
p06_tone_control,adhd,ignition,36,0.035612008594735
p06_tone_control,adhd,ignition,37,0.035655836273227
p06_tone_control,adhd,ignition,38,0.035707136389408
p06_tone_control,adhd,ignition,39,0.035646281283101
p06_tone_control,adhd,ignition,40,0.035638309954699
p06_tone_control,adhd,ignition,41,0.035671513402977
p06_tone_control,adhd,ignition,42,0.035664145289283
p06_tone_control,adhd,ignition,43,0.035590764626850
p06_tone_control,adhd,ignition,44,0.035650103996241
p06_tone_control,adhd,ignition,45,0.035544953699052
p06_tone_control,adhd,ignition,46,0.035606603563325
p06_tone_control,adhd,ignition,47,0.035685594283064
p06_tone_control,adhd,ignition,48,0.035636155647565
p06_tone_control,adhd,ignition,49,0.035628435011974
p06_tone_control,adhd,ignition,50,0.035682674889398
p06_tone_control,adhd,ignition,51,0.035697541961953
p06_tone_control,adhd,ignition,52,0.035645281187742
p06_tone_control,adhd,ignition,53,0.035648469235879
p06_tone_control,adhd,ignition,54,0.035679588004338
p06_tone_control,adhd,ignition,55,0.035650172249794
p06_tone_control,adhd,ignition,56,0.035676914175106
p06_tone_control,adhd,ignition,57,0.035680098040963
p06_tone_control,adhd,ignition,58,0.035731123944416
p06_tone_control,adhd,ignition,59,0.035614435573492
p06_tone_control,adhd,ignition,60,0.035692724008975
p06_tone_control,adhd,ignition,61,0.035597843016288
p06_tone_control,adhd,ignition,62,0.035626438149617
p06_tone_control,adhd,ignition,63,0.035637725755276
p06_noise_random_pulse,adhd,isolation,0,0.552882911875987
p06_noise_random_pulse,adhd,isolation,1,0.745678202903430
p06_noise_random_pulse,adhd,isolation,2,0.657379629927251
p06_noise_random_pulse,adhd,isolation,3,0.641661014211211
p06_noise_random_pulse,adhd,isolation,4,0.621906535636069
p06_noise_random_pulse,adhd,isolation,5,0.619139391239427
p06_noise_random_pulse,adhd,isolation,6,0.731915599373880
p06_noise_random_pulse,adhd,isolation,7,0.569004886661282
p06_noise_random_pulse,adhd,isolation,8,0.625665707993440
p06_noise_random_pulse,adhd,isolation,9,0.596110856840652
p06_noise_random_pulse,adhd,isolation,10,0.639706138863518
p06_noise_random_pulse,adhd,isolation,11,0.670849700962792
p06_noise_random_pulse,adhd,isolation,12,0.580170694029922
p06_noise_random_pulse,adhd,isolation,13,0.706796883274698
p06_noise_random_pulse,adhd,isolation,14,0.626215532119709
p06_noise_random_pulse,adhd,isolation,15,0.603936331933569
p06_noise_random_pulse,adhd,isolation,16,0.691094193761647
p06_noise_random_pulse,adhd,isolation,17,0.699493284994285
p06_noise_random_pulse,adhd,isolation,18,0.540611856608863
p06_noise_random_pulse,adhd,isolation,19,0.731405423369118
p06_noise_random_pulse,adhd,isolation,20,0.661342177356677
p06_noise_random_pulse,adhd,isolation,21,0.589173091893238
p06_noise_random_pulse,adhd,isolation,22,0.610503070682895
p06_noise_random_pulse,adhd,isolation,23,0.679199439604497
p06_noise_random_pulse,adhd,isolation,24,0.722482826831715
p06_noise_random_pulse,adhd,isolation,25,0.629376316122093
p06_noise_random_pulse,adhd,isolation,26,0.714277512944109
p06_noise_random_pulse,adhd,isolation,27,0.785791472564788
p06_noise_random_pulse,adhd,isolation,28,0.714203311594082
p06_noise_random_pulse,adhd,isolation,29,0.555934321923686
p06_noise_random_pulse,adhd,isolation,30,0.529976739401921
p06_noise_random_pulse,adhd,isolation,31,0.488164161005119
p06_noise_random_pulse,adhd,isolation,32,0.715030336832598
p06_noise_random_pulse,adhd,isolation,33,0.707782215222179
p06_noise_random_pulse,adhd,isolation,34,0.775248504495292
p06_noise_random_pulse,adhd,isolation,35,0.641222899913764
p06_noise_random_pulse,adhd,isolation,36,0.676258808029850
p06_noise_random_pulse,adhd,isolation,37,0.577552287297164
p06_noise_random_pulse,adhd,isolation,38,0.668376219744585
p06_noise_random_pulse,adhd,isolation,39,0.625372657830127
p06_noise_random_pulse,adhd,isolation,40,0.655011722778633
p06_noise_random_pulse,adhd,isolation,41,0.642030003349510
p06_noise_random_pulse,adhd,isolation,42,0.651858855958067
p06_noise_random_pulse,adhd,isolation,43,0.560846704371835
p06_noise_random_pulse,adhd,isolation,44,0.664014688204863
p06_noise_random_pulse,adhd,isolation,45,0.554222720988431
p06_noise_random_pulse,adhd,isolation,46,0.899086787870255
p06_noise_random_pulse,adhd,isolation,47,0.717845754462318
p06_noise_random_pulse,adhd,isolation,48,0.600679519390793
p06_noise_random_pulse,adhd,isolation,49,0.581340577299242
p06_noise_random_pulse,adhd,isolation,50,0.637540660031379
p06_noise_random_pulse,adhd,isolation,51,0.600505554018231
p06_noise_random_pulse,adhd,isolation,52,0.592656102398883
p06_noise_random_pulse,adhd,isolation,53,0.673870961540658
p06_noise_random_pulse,adhd,isolation,54,0.611891875306459
p06_noise_random_pulse,adhd,isolation,55,0.774764854603236
p06_noise_random_pulse,adhd,isolation,56,0.631603827400704
p06_noise_random_pulse,adhd,isolation,57,0.595911113521121
p06_noise_random_pulse,adhd,isolation,58,0.835809856376549
p06_noise_random_pulse,adhd,isolation,59,0.632311507958980
p06_noise_random_pulse,adhd,isolation,60,0.644415874996736
p06_noise_random_pulse,adhd,isolation,61,0.607920904129130
p06_noise_random_pulse,adhd,isolation,62,0.687147030146756
p06_noise_random_pulse,adhd,isolation,63,0.816872258344478
p06_noise_random_walk,adhd,isolation,0,0.442228248875761
p06_noise_random_walk,adhd,isolation,1,0.402956913278205
p06_noise_random_walk,adhd,isolation,2,0.545472998908509
p06_noise_random_walk,adhd,isolation,3,0.712047294179260
p06_noise_random_walk,adhd,isolation,4,0.544107409664857
p06_noise_random_walk,adhd,isolation,5,0.662979831733005
p06_noise_random_walk,adhd,isolation,6,0.516209894915179
p06_noise_random_walk,adhd,isolation,7,0.487496511796838
p06_noise_random_walk,adhd,isolation,8,0.698046935494761
p06_noise_random_walk,adhd,isolation,9,0.627258513180790
p06_noise_random_walk,adhd,isolation,10,0.619391830028977
p06_noise_random_walk,adhd,isolation,11,0.561250140049052
p06_noise_random_walk,adhd,isolation,12,0.559640621074108
p06_noise_random_walk,adhd,isolation,13,0.537008207346966
p06_noise_random_walk,adhd,isolation,14,0.492827918669399
p06_noise_random_walk,adhd,isolation,15,0.457197297827093
p06_noise_random_walk,adhd,isolation,16,0.572753375619567
p06_noise_random_walk,adhd,isolation,17,0.558709130293965
p06_noise_random_walk,adhd,isolation,18,0.508801919451281
p06_noise_random_walk,adhd,isolation,19,0.455148428467731
p06_noise_random_walk,adhd,isolation,20,0.638401650984902
p06_noise_random_walk,adhd,isolation,21,0.560732703117824
p06_noise_random_walk,adhd,isolation,22,0.509643114496049
p06_noise_random_walk,adhd,isolation,23,0.465758773434730
p06_noise_random_walk,adhd,isolation,24,0.569511480517001
p06_noise_random_walk,adhd,isolation,25,0.491236262634592
p06_noise_random_walk,adhd,isolation,26,0.500521296323966
p06_noise_random_walk,adhd,isolation,27,0.433872559371444
p06_noise_random_walk,adhd,isolation,28,0.476511591812362
p06_noise_random_walk,adhd,isolation,29,0.428117372712967
p06_noise_random_walk,adhd,isolation,30,0.574988558527916
p06_noise_random_walk,adhd,isolation,31,0.547461939908433
p06_noise_random_walk,adhd,isolation,32,0.552913967124999
p06_noise_random_walk,adhd,isolation,33,0.519346924952267
p06_noise_random_walk,adhd,isolation,34,0.525154585701807
p06_noise_random_walk,adhd,isolation,35,0.581413811375487
p06_noise_random_walk,adhd,isolation,36,0.628432061863620
p06_noise_random_walk,adhd,isolation,37,0.596057653913551
p06_noise_random_walk,adhd,isolation,38,0.453775866723908
p06_noise_random_walk,adhd,isolation,39,0.549183131083465
p06_noise_random_walk,adhd,isolation,40,0.529417221669746
p06_noise_random_walk,adhd,isolation,41,0.684717096990781
p06_noise_random_walk,adhd,isolation,42,0.407154577168956
p06_noise_random_walk,adhd,isolation,43,0.537079560746205
p06_noise_random_walk,adhd,isolation,44,0.408551069910242
p06_noise_random_walk,adhd,isolation,45,0.487345446367974
p06_noise_random_walk,adhd,isolation,46,0.474245238175110
p06_noise_random_walk,adhd,isolation,47,0.488113147584625
p06_noise_random_walk,adhd,isolation,48,0.551016297330757
p06_noise_random_walk,adhd,isolation,49,0.531727548844354
p06_noise_random_walk,adhd,isolation,50,0.501340316865333
p06_noise_random_walk,adhd,isolation,51,0.433525414650932
p06_noise_random_walk,adhd,isolation,52,0.564803476887175
p06_noise_random_walk,adhd,isolation,53,0.460414225800134
p06_noise_random_walk,adhd,isolation,54,0.599338925827657
p06_noise_random_walk,adhd,isolation,55,0.424560922812200
p06_noise_random_walk,adhd,isolation,56,0.557662444185125
p06_noise_random_walk,adhd,isolation,57,0.508903015475841
p06_noise_random_walk,adhd,isolation,58,0.556768979818309
p06_noise_random_walk,adhd,isolation,59,0.455101207339943
p06_noise_random_walk,adhd,isolation,60,0.506518998755416
p06_noise_random_walk,adhd,isolation,61,0.523892703497212
p06_noise_random_walk,adhd,isolation,62,0.586920615956092
p06_noise_random_walk,adhd,isolation,63,0.491238931581975
p06_noise_room,adhd,isolation,0,0.560082450221882
p06_noise_room,adhd,isolation,1,0.507985003817718
p06_noise_room,adhd,isolation,2,0.563172906470169
p06_noise_room,adhd,isolation,3,0.471575247391535
p06_noise_room,adhd,isolation,4,0.454462989941465
p06_noise_room,adhd,isolation,5,0.601804021555387
p06_noise_room,adhd,isolation,6,0.532117119444689
p06_noise_room,adhd,isolation,7,0.541699942451091
p06_noise_room,adhd,isolation,8,0.567755214867928
p06_noise_room,adhd,isolation,9,0.566130791009033
p06_noise_room,adhd,isolation,10,0.452205280658599
p06_noise_room,adhd,isolation,11,0.615558139851880
p06_noise_room,adhd,isolation,12,0.502570874145884
p06_noise_room,adhd,isolation,13,0.555286040526546
p06_noise_room,adhd,isolation,14,0.507387502778532
p06_noise_room,adhd,isolation,15,0.490446361769992
p06_noise_room,adhd,isolation,16,0.590344027526027
p06_noise_room,adhd,isolation,17,0.596210199607135
p06_noise_room,adhd,isolation,18,0.601462858828745
p06_noise_room,adhd,isolation,19,0.542183994771638
p06_noise_room,adhd,isolation,20,0.606580731253227
p06_noise_room,adhd,isolation,21,0.496735235790275
p06_noise_room,adhd,isolation,22,0.403910679184090
p06_noise_room,adhd,isolation,23,0.510563929129313
p06_noise_room,adhd,isolation,24,0.646706625267907
p06_noise_room,adhd,isolation,25,0.510375615161366
p06_noise_room,adhd,isolation,26,0.529947649714998
p06_noise_room,adhd,isolation,27,0.559113700630802
p06_noise_room,adhd,isolation,28,0.568349151980450
p06_noise_room,adhd,isolation,29,0.474463788297450
p06_noise_room,adhd,isolation,30,0.633712290053769
p06_noise_room,adhd,isolation,31,0.455565453399532
p06_noise_room,adhd,isolation,32,0.555042587168281
p06_noise_room,adhd,isolation,33,0.450238028295211
p06_noise_room,adhd,isolation,34,0.409184071441634
p06_noise_room,adhd,isolation,35,0.614028841952489
p06_noise_room,adhd,isolation,36,0.550914137226413
p06_noise_room,adhd,isolation,37,0.508810788860887
p06_noise_room,adhd,isolation,38,0.532225908250566
p06_noise_room,adhd,isolation,39,0.584519977984484
p06_noise_room,adhd,isolation,40,0.583064634995246
p06_noise_room,adhd,isolation,41,0.599533722006670
p06_noise_room,adhd,isolation,42,0.419153898169425
p06_noise_room,adhd,isolation,43,0.683450981579275
p06_noise_room,adhd,isolation,44,0.583845008694404
p06_noise_room,adhd,isolation,45,0.465202638849448
p06_noise_room,adhd,isolation,46,0.535529940658817
p06_noise_room,adhd,isolation,47,0.565737869422686
p06_noise_room,adhd,isolation,48,0.556207974955857
p06_noise_room,adhd,isolation,49,0.528757220326878
p06_noise_room,adhd,isolation,50,0.537892556040038
p06_noise_room,adhd,isolation,51,0.481221840040264
p06_noise_room,adhd,isolation,52,0.691875648475309
p06_noise_room,adhd,isolation,53,0.562366260069196
p06_noise_room,adhd,isolation,54,0.636986269590840
p06_noise_room,adhd,isolation,55,0.409773384752250
p06_noise_room,adhd,isolation,56,0.645874271335692
p06_noise_room,adhd,isolation,57,0.569839044556995
p06_noise_room,adhd,isolation,58,0.594874744778874
p06_noise_room,adhd,isolation,59,0.443005329780959
p06_noise_room,adhd,isolation,60,0.533761884587415
p06_noise_room,adhd,isolation,61,0.553585529314727
p06_noise_room,adhd,isolation,62,0.577920740783356
p06_noise_room,adhd,isolation,63,0.705556314559191
p06_noise_static,adhd,isolation,0,0.512824285954960
p06_noise_static,adhd,isolation,1,0.429086858170513
p06_noise_static,adhd,isolation,2,0.674781178319942
p06_noise_static,adhd,isolation,3,0.409840258826857
p06_noise_static,adhd,isolation,4,0.602929220355919
p06_noise_static,adhd,isolation,5,0.553373799479767
p06_noise_static,adhd,isolation,6,0.499062494058748
p06_noise_static,adhd,isolation,7,0.426170670498662
p06_noise_static,adhd,isolation,8,0.387499379737359
p06_noise_static,adhd,isolation,9,0.602718416097184
p06_noise_static,adhd,isolation,10,0.575104911554780
p06_noise_static,adhd,isolation,11,0.571541007803774
p06_noise_static,adhd,isolation,12,0.567831661017950
p06_noise_static,adhd,isolation,13,0.514306609141367
p06_noise_static,adhd,isolation,14,0.507109487162787
p06_noise_static,adhd,isolation,15,0.493180161320760
p06_noise_static,adhd,isolation,16,0.515350420866345
p06_noise_static,adhd,isolation,17,0.476560485199069
p06_noise_static,adhd,isolation,18,0.445372964314018
p06_noise_static,adhd,isolation,19,0.524987328144223
p06_noise_static,adhd,isolation,20,0.538895765431685
p06_noise_static,adhd,isolation,21,0.561634415150762
p06_noise_static,adhd,isolation,22,0.464332912456638
p06_noise_static,adhd,isolation,23,0.416426507655506
p06_noise_static,adhd,isolation,24,0.523051823329659
p06_noise_static,adhd,isolation,25,0.474865118171652
p06_noise_static,adhd,isolation,26,0.599582544262232
p06_noise_static,adhd,isolation,27,0.469283363697563
p06_noise_static,adhd,isolation,28,0.599242598295176
p06_noise_static,adhd,isolation,29,0.556333713547556
p06_noise_static,adhd,isolation,30,0.624012133381214
p06_noise_static,adhd,isolation,31,0.514951435667565
p06_noise_static,adhd,isolation,32,0.487605868895654
p06_noise_static,adhd,isolation,33,0.544891657992434
p06_noise_static,adhd,isolation,34,0.492583850981429
p06_noise_static,adhd,isolation,35,0.611872617744999
p06_noise_static,adhd,isolation,36,0.553538693825563
p06_noise_static,adhd,isolation,37,0.516758389960988
p06_noise_static,adhd,isolation,38,0.468662561676186
p06_noise_static,adhd,isolation,39,0.625880920621688
p06_noise_static,adhd,isolation,40,0.471791145689434
p06_noise_static,adhd,isolation,41,0.543454132260283
p06_noise_static,adhd,isolation,42,0.393226786823009
p06_noise_static,adhd,isolation,43,0.533087532660684
p06_noise_static,adhd,isolation,44,0.608273797665096
p06_noise_static,adhd,isolation,45,0.500512071869424
p06_noise_static,adhd,isolation,46,0.659937380671658
p06_noise_static,adhd,isolation,47,0.533065360262833
p06_noise_static,adhd,isolation,48,0.453967637220701
p06_noise_static,adhd,isolation,49,0.531867126113753
p06_noise_static,adhd,isolation,50,0.463607307946293
p06_noise_static,adhd,isolation,51,0.491923092369139
p06_noise_static,adhd,isolation,52,0.501693313497959
p06_noise_static,adhd,isolation,53,0.600204884038173
p06_noise_static,adhd,isolation,54,0.451289738429184
p06_noise_static,adhd,isolation,55,0.531167958684138
p06_noise_static,adhd,isolation,56,0.545796570783529
p06_noise_static,adhd,isolation,57,0.414905469178045
p06_noise_static,adhd,isolation,58,0.549138133002122
p06_noise_static,adhd,isolation,59,0.462729820633335
p06_noise_static,adhd,isolation,60,0.497240302420953
p06_noise_static,adhd,isolation,61,0.458671782589514
p06_noise_static,adhd,isolation,62,0.558652956629565
p06_noise_static,adhd,isolation,63,0.619448010645606
p06_tone_control,adhd,isolation,0,0.528169216942462
p06_tone_control,adhd,isolation,1,0.537898087855704
p06_tone_control,adhd,isolation,2,0.520138344131334
p06_tone_control,adhd,isolation,3,0.521754219506423
p06_tone_control,adhd,isolation,4,0.529619148615106
p06_tone_control,adhd,isolation,5,0.533134406147867
p06_tone_control,adhd,isolation,6,0.524510599195701
p06_tone_control,adhd,isolation,7,0.517724831709578
p06_tone_control,adhd,isolation,8,0.517416909084439
p06_tone_control,adhd,isolation,9,0.526965680706697
p06_tone_control,adhd,isolation,10,0.535792448521432
p06_tone_control,adhd,isolation,11,0.524275813037923
p06_tone_control,adhd,isolation,12,0.528068244444804
p06_tone_control,adhd,isolation,13,0.525353835519771
p06_tone_control,adhd,isolation,14,0.520573949271299
p06_tone_control,adhd,isolation,15,0.521463849012714
p06_tone_control,adhd,isolation,16,0.524343246848129
p06_tone_control,adhd,isolation,17,0.526034389972938
p06_tone_control,adhd,isolation,18,0.524951811869597
p06_tone_control,adhd,isolation,19,0.519661023275783
p06_tone_control,adhd,isolation,20,0.530590236594432
p06_tone_control,adhd,isolation,21,0.529115035885042
p06_tone_control,adhd,isolation,22,0.523666000666671
p06_tone_control,adhd,isolation,23,0.519658741241824
p06_tone_control,adhd,isolation,24,0.538100053724359
p06_tone_control,adhd,isolation,25,0.524781010252881
p06_tone_control,adhd,isolation,26,0.519179149125314
p06_tone_control,adhd,isolation,27,0.521559855866997
p06_tone_control,adhd,isolation,28,0.530880908613719
p06_tone_control,adhd,isolation,29,0.534804752818529
p06_tone_control,adhd,isolation,30,0.520374561165142
p06_tone_control,adhd,isolation,31,0.527311535776955
p06_tone_control,adhd,isolation,32,0.533538810620420
p06_tone_control,adhd,isolation,33,0.527087694018549
p06_tone_control,adhd,isolation,34,0.529879354331707
p06_tone_control,adhd,isolation,35,0.518793316160299
p06_tone_control,adhd,isolation,36,0.530613706980102
p06_tone_control,adhd,isolation,37,0.531478019707461
p06_tone_control,adhd,isolation,38,0.526509232142759
p06_tone_control,adhd,isolation,39,0.530430987558988
p06_tone_control,adhd,isolation,40,0.522909570906645
p06_tone_control,adhd,isolation,41,0.526289423367223
p06_tone_control,adhd,isolation,42,0.532731040640062
p06_tone_control,adhd,isolation,43,0.529762857672305
p06_tone_control,adhd,isolation,44,0.534521063255207
p06_tone_control,adhd,isolation,45,0.519300751304001
p06_tone_control,adhd,isolation,46,0.532211328289154
p06_tone_control,adhd,isolation,47,0.532565102930746
p06_tone_control,adhd,isolation,48,0.526495995079629
p06_tone_control,adhd,isolation,49,0.535138555890330
p06_tone_control,adhd,isolation,50,0.523600070456371
p06_tone_control,adhd,isolation,51,0.524397487007097
p06_tone_control,adhd,isolation,52,0.531211916843165
p06_tone_control,adhd,isolation,53,0.533111631095005
p06_tone_control,adhd,isolation,54,0.532800593999801
p06_tone_control,adhd,isolation,55,0.535033881779839
p06_tone_control,adhd,isolation,56,0.523379115487878
p06_tone_control,adhd,isolation,57,0.534903438443977
p06_tone_control,adhd,isolation,58,0.526427944112803
p06_tone_control,adhd,isolation,59,0.528357617205543
p06_tone_control,adhd,isolation,60,0.530339146281014
p06_tone_control,adhd,isolation,61,0.531741689330523
p06_tone_control,adhd,isolation,62,0.526865141334938
p06_tone_control,adhd,isolation,63,0.531444125468588
p06_noise_random_pulse,adhd,meditation,0,0.523111150791950
p06_noise_random_pulse,adhd,meditation,1,0.343344321135077
p06_noise_random_pulse,adhd,meditation,2,0.424075816653266
p06_noise_random_pulse,adhd,meditation,3,0.468133671015558
p06_noise_random_pulse,adhd,meditation,4,0.420162979120698
p06_noise_random_pulse,adhd,meditation,5,0.407893662718580
p06_noise_random_pulse,adhd,meditation,6,0.440593004654356
p06_noise_random_pulse,adhd,meditation,7,0.536824470692496
p06_noise_random_pulse,adhd,meditation,8,0.466004447470465
p06_noise_random_pulse,adhd,meditation,9,0.567771722763366
p06_noise_random_pulse,adhd,meditation,10,0.423153885832633
p06_noise_random_pulse,adhd,meditation,11,0.384720185114809
p06_noise_random_pulse,adhd,meditation,12,0.517827840233143
p06_noise_random_pulse,adhd,meditation,13,0.464562556914403
p06_noise_random_pulse,adhd,meditation,14,0.504836137135733
p06_noise_random_pulse,adhd,meditation,15,0.444820254254824
p06_noise_random_pulse,adhd,meditation,16,0.398217536672870
p06_noise_random_pulse,adhd,meditation,17,0.379292479713533
p06_noise_random_pulse,adhd,meditation,18,0.532557079274249
p06_noise_random_pulse,adhd,meditation,19,0.408266763215692
p06_noise_random_pulse,adhd,meditation,20,0.559238036881826
p06_noise_random_pulse,adhd,meditation,21,0.500375268662697
p06_noise_random_pulse,adhd,meditation,22,0.466505813304382
p06_noise_random_pulse,adhd,meditation,23,0.490447037272269
p06_noise_random_pulse,adhd,meditation,24,0.411194344607750
p06_noise_random_pulse,adhd,meditation,25,0.497192948212772
p06_noise_random_pulse,adhd,meditation,26,0.458950064503597
p06_noise_random_pulse,adhd,meditation,27,0.443949580858179
p06_noise_random_pulse,adhd,meditation,28,0.422839866288362
p06_noise_random_pulse,adhd,meditation,29,0.512970675954959
p06_noise_random_pulse,adhd,meditation,30,0.505930390611086
p06_noise_random_pulse,adhd,meditation,31,0.526823918592127
p06_noise_random_pulse,adhd,meditation,32,0.393982288983055
p06_noise_random_pulse,adhd,meditation,33,0.343747547837929
p06_noise_random_pulse,adhd,meditation,34,0.412697517023618
p06_noise_random_pulse,adhd,meditation,35,0.384652450371445
p06_noise_random_pulse,adhd,meditation,36,0.357024405786418
p06_noise_random_pulse,adhd,meditation,37,0.471190229360611
p06_noise_random_pulse,adhd,meditation,38,0.426207401983070
p06_noise_random_pulse,adhd,meditation,39,0.469438873101501
p06_noise_random_pulse,adhd,meditation,40,0.385511315354916
p06_noise_random_pulse,adhd,meditation,41,0.380089386365971
p06_noise_random_pulse,adhd,meditation,42,0.506938332660634
p06_noise_random_pulse,adhd,meditation,43,0.516972210870471
p06_noise_random_pulse,adhd,meditation,44,0.460899341395441
p06_noise_random_pulse,adhd,meditation,45,0.547089093941250
p06_noise_random_pulse,adhd,meditation,46,0.409039982423756
p06_noise_random_pulse,adhd,meditation,47,0.328971676542799
p06_noise_random_pulse,adhd,meditation,48,0.488627387426732
p06_noise_random_pulse,adhd,meditation,49,0.503554869890378
p06_noise_random_pulse,adhd,meditation,50,0.499004441975662
p06_noise_random_pulse,adhd,meditation,51,0.416673459022208
p06_noise_random_pulse,adhd,meditation,52,0.451797345810664
p06_noise_random_pulse,adhd,meditation,53,0.409152615863931
p06_noise_random_pulse,adhd,meditation,54,0.483439208846728
p06_noise_random_pulse,adhd,meditation,55,0.404823057353913
p06_noise_random_pulse,adhd,meditation,56,0.509499821659955
p06_noise_random_pulse,adhd,meditation,57,0.453062561980521
p06_noise_random_pulse,adhd,meditation,58,0.481150478495705
p06_noise_random_pulse,adhd,meditation,59,0.446352675137134
p06_noise_random_pulse,adhd,meditation,60,0.453050369698519
p06_noise_random_pulse,adhd,meditation,61,0.444280062941411
p06_noise_random_pulse,adhd,meditation,62,0.431430445491555
p06_noise_random_pulse,adhd,meditation,63,0.493161347270468
p06_noise_random_walk,adhd,meditation,0,0.525198811476978
p06_noise_random_walk,adhd,meditation,1,0.470070405184333
p06_noise_random_walk,adhd,meditation,2,0.434102354963324
p06_noise_random_walk,adhd,meditation,3,0.386954913793369
p06_noise_random_walk,adhd,meditation,4,0.417755160089587
p06_noise_random_walk,adhd,meditation,5,0.408759776385027
p06_noise_random_walk,adhd,meditation,6,0.475255450684719
p06_noise_random_walk,adhd,meditation,7,0.542247664461054
p06_noise_random_walk,adhd,meditation,8,0.307156184560963
p06_noise_random_walk,adhd,meditation,9,0.525878991984942
p06_noise_random_walk,adhd,meditation,10,0.426423869162621
p06_noise_random_walk,adhd,meditation,11,0.501476184850467
p06_noise_random_walk,adhd,meditation,12,0.476827555542405
p06_noise_random_walk,adhd,meditation,13,0.611072903481603
p06_noise_random_walk,adhd,meditation,14,0.526296511341912
p06_noise_random_walk,adhd,meditation,15,0.516037392905279
p06_noise_random_walk,adhd,meditation,16,0.525085781031596
p06_noise_random_walk,adhd,meditation,17,0.513760446197966
p06_noise_random_walk,adhd,meditation,18,0.516685317133413
p06_noise_random_walk,adhd,meditation,19,0.550259514545342
p06_noise_random_walk,adhd,meditation,20,0.420789793672644
p06_noise_random_walk,adhd,meditation,21,0.468852568570286
p06_noise_random_walk,adhd,meditation,22,0.534223370487028
p06_noise_random_walk,adhd,meditation,23,0.490089612943572
p06_noise_random_walk,adhd,meditation,24,0.427740173232997
p06_noise_random_walk,adhd,meditation,25,0.501900608041948
p06_noise_random_walk,adhd,meditation,26,0.520094649205008
p06_noise_random_walk,adhd,meditation,27,0.489620794425007
p06_noise_random_walk,adhd,meditation,28,0.527753694401548
p06_noise_random_walk,adhd,meditation,29,0.422931989056774
p06_noise_random_walk,adhd,meditation,30,0.424079605149009
p06_noise_random_walk,adhd,meditation,31,0.445016657364236
p06_noise_random_walk,adhd,meditation,32,0.514792776826791
p06_noise_random_walk,adhd,meditation,33,0.436986979048672
p06_noise_random_walk,adhd,meditation,34,0.428620718921468
p06_noise_random_walk,adhd,meditation,35,0.420537846794124
p06_noise_random_walk,adhd,meditation,36,0.434775406770198
p06_noise_random_walk,adhd,meditation,37,0.414326942176942
p06_noise_random_walk,adhd,meditation,38,0.496829418901699
p06_noise_random_walk,adhd,meditation,39,0.460522362835975
p06_noise_random_walk,adhd,meditation,40,0.567674521244515
p06_noise_random_walk,adhd,meditation,41,0.480136900336247
p06_noise_random_walk,adhd,meditation,42,0.512948917699243
p06_noise_random_walk,adhd,meditation,43,0.400788734788338
p06_noise_random_walk,adhd,meditation,44,0.465562709826910
p06_noise_random_walk,adhd,meditation,45,0.565548448121713
p06_noise_random_walk,adhd,meditation,46,0.540152857040674
p06_noise_random_walk,adhd,meditation,47,0.534160273586665
p06_noise_random_walk,adhd,meditation,48,0.538069421031353
p06_noise_random_walk,adhd,meditation,49,0.445702465835262
p06_noise_random_walk,adhd,meditation,50,0.459260257882873
p06_noise_random_walk,adhd,meditation,51,0.567491694031746
p06_noise_random_walk,adhd,meditation,52,0.451948255087417
p06_noise_random_walk,adhd,meditation,53,0.601058720915865
p06_noise_random_walk,adhd,meditation,54,0.469925538051679
p06_noise_random_walk,adhd,meditation,55,0.504901486295909
p06_noise_random_walk,adhd,meditation,56,0.440731572409022
p06_noise_random_walk,adhd,meditation,57,0.578852874259703
p06_noise_random_walk,adhd,meditation,58,0.490197889828340
p06_noise_random_walk,adhd,meditation,59,0.572572084180211
p06_noise_random_walk,adhd,meditation,60,0.573162046989466
p06_noise_random_walk,adhd,meditation,61,0.451375121331305
p06_noise_random_walk,adhd,meditation,62,0.450984494415714
p06_noise_random_walk,adhd,meditation,63,0.510204577453250
p06_noise_room,adhd,meditation,0,0.454892728890637
p06_noise_room,adhd,meditation,1,0.497559394678591
p06_noise_room,adhd,meditation,2,0.423270590385708
p06_noise_room,adhd,meditation,3,0.447354977421956
p06_noise_room,adhd,meditation,4,0.578583711582855
p06_noise_room,adhd,meditation,5,0.377861578083867
p06_noise_room,adhd,meditation,6,0.527434609118796
p06_noise_room,adhd,meditation,7,0.450077853771894
p06_noise_room,adhd,meditation,8,0.419461465551299
p06_noise_room,adhd,meditation,9,0.550713902506803
p06_noise_room,adhd,meditation,10,0.497616441245363
p06_noise_room,adhd,meditation,11,0.460535774965496
p06_noise_room,adhd,meditation,12,0.496541213944223
p06_noise_room,adhd,meditation,13,0.456664655915030
p06_noise_room,adhd,meditation,14,0.472900778001207
p06_noise_room,adhd,meditation,15,0.566945490375781
p06_noise_room,adhd,meditation,16,0.462255799004289
p06_noise_room,adhd,meditation,17,0.424189628198575
p06_noise_room,adhd,meditation,18,0.526743113024540
p06_noise_room,adhd,meditation,19,0.595019151518852
p06_noise_room,adhd,meditation,20,0.381552935490529
p06_noise_room,adhd,meditation,21,0.542724493561253
p06_noise_room,adhd,meditation,22,0.467182026784517
p06_noise_room,adhd,meditation,23,0.537168659479717
p06_noise_room,adhd,meditation,24,0.454542706940042
p06_noise_room,adhd,meditation,25,0.481011477039399
p06_noise_room,adhd,meditation,26,0.445279678712867
p06_noise_room,adhd,meditation,27,0.438857648583571
p06_noise_room,adhd,meditation,28,0.544620031072822
p06_noise_room,adhd,meditation,29,0.537620155611044
p06_noise_room,adhd,meditation,30,0.511285568250021
p06_noise_room,adhd,meditation,31,0.531663134805669
p06_noise_room,adhd,meditation,32,0.520087928103396
p06_noise_room,adhd,meditation,33,0.557189784183653
p06_noise_room,adhd,meditation,34,0.428156032218720
p06_noise_room,adhd,meditation,35,0.351703930950814
p06_noise_room,adhd,meditation,36,0.459579268350257
p06_noise_room,adhd,meditation,37,0.473321663514978
p06_noise_room,adhd,meditation,38,0.449531861041567
p06_noise_room,adhd,meditation,39,0.483569970243022
p06_noise_room,adhd,meditation,40,0.495157846614782
p06_noise_room,adhd,meditation,41,0.455684333617480
p06_noise_room,adhd,meditation,42,0.456667671414840
p06_noise_room,adhd,meditation,43,0.493197956537686
p06_noise_room,adhd,meditation,44,0.504877534252324
p06_noise_room,adhd,meditation,45,0.588714423326301
p06_noise_room,adhd,meditation,46,0.449091976843282
p06_noise_room,adhd,meditation,47,0.423688751803237
p06_noise_room,adhd,meditation,48,0.482789445155214
p06_noise_room,adhd,meditation,49,0.467469019843041
p06_noise_room,adhd,meditation,50,0.501985398547033
p06_noise_room,adhd,meditation,51,0.488901338879997
p06_noise_room,adhd,meditation,52,0.514286228711782
p06_noise_room,adhd,meditation,53,0.468881611307802
p06_noise_room,adhd,meditation,54,0.415688775068378
p06_noise_room,adhd,meditation,55,0.574084303533978
p06_noise_room,adhd,meditation,56,0.380916519981902
p06_noise_room,adhd,meditation,57,0.431141024723364
p06_noise_room,adhd,meditation,58,0.523788045588290
p06_noise_room,adhd,meditation,59,0.542036569316202
p06_noise_room,adhd,meditation,60,0.507900607496824
p06_noise_room,adhd,meditation,61,0.418600426556811
p06_noise_room,adhd,meditation,62,0.465487620652764
p06_noise_room,adhd,meditation,63,0.498061807322260
p06_noise_static,adhd,meditation,0,0.527717869429595
p06_noise_static,adhd,meditation,1,0.495700951223868
p06_noise_static,adhd,meditation,2,0.437284152410315
p06_noise_static,adhd,meditation,3,0.549265371529964
p06_noise_static,adhd,meditation,4,0.452479317842085
p06_noise_static,adhd,meditation,5,0.478966892028288
p06_noise_static,adhd,meditation,6,0.488656589372940
p06_noise_static,adhd,meditation,7,0.481061495281883
p06_noise_static,adhd,meditation,8,0.480090063138752
p06_noise_static,adhd,meditation,9,0.335581756229327
p06_noise_static,adhd,meditation,10,0.408549085717010
p06_noise_static,adhd,meditation,11,0.387334964880158
p06_noise_static,adhd,meditation,12,0.473644361598386
p06_noise_static,adhd,meditation,13,0.446705221318789
p06_noise_static,adhd,meditation,14,0.509912783534266
p06_noise_static,adhd,meditation,15,0.528541554478095
p06_noise_static,adhd,meditation,16,0.451556895235120
p06_noise_static,adhd,meditation,17,0.477434784664214
p06_noise_static,adhd,meditation,18,0.552051502643550
p06_noise_static,adhd,meditation,19,0.486855113629226
p06_noise_static,adhd,meditation,20,0.509136607465338
p06_noise_static,adhd,meditation,21,0.426712627229235
p06_noise_static,adhd,meditation,22,0.531267532909549
p06_noise_static,adhd,meditation,23,0.523915358050508
p06_noise_static,adhd,meditation,24,0.465478030999418
p06_noise_static,adhd,meditation,25,0.461109422385635
p06_noise_static,adhd,meditation,26,0.439374854919875
p06_noise_static,adhd,meditation,27,0.539071571564035
p06_noise_static,adhd,meditation,28,0.359875751598081
p06_noise_static,adhd,meditation,29,0.469872635393348
p06_noise_static,adhd,meditation,30,0.553463652776725
p06_noise_static,adhd,meditation,31,0.533711575831564
p06_noise_static,adhd,meditation,32,0.507653393778144
p06_noise_static,adhd,meditation,33,0.540080645689510
p06_noise_static,adhd,meditation,34,0.490188078205439
p06_noise_static,adhd,meditation,35,0.404763782692298
p06_noise_static,adhd,meditation,36,0.516722989090119
p06_noise_static,adhd,meditation,37,0.543823631751194
p06_noise_static,adhd,meditation,38,0.595072577538789
p06_noise_static,adhd,meditation,39,0.441195448008000
p06_noise_static,adhd,meditation,40,0.578448741819742
p06_noise_static,adhd,meditation,41,0.469881289520288
p06_noise_static,adhd,meditation,42,0.486066325838887
p06_noise_static,adhd,meditation,43,0.451947477984158
p06_noise_static,adhd,meditation,44,0.464571605161657
p06_noise_static,adhd,meditation,45,0.511855105945760
p06_noise_static,adhd,meditation,46,0.395936979198587
p06_noise_static,adhd,meditation,47,0.461604784663000
p06_noise_static,adhd,meditation,48,0.540935392333936
p06_noise_static,adhd,meditation,49,0.528206102141111
p06_noise_static,adhd,meditation,50,0.570823790231951
p06_noise_static,adhd,meditation,51,0.518220913047943
p06_noise_static,adhd,meditation,52,0.490373436385398
p06_noise_static,adhd,meditation,53,0.489356880566638
p06_noise_static,adhd,meditation,54,0.558551400905530
p06_noise_static,adhd,meditation,55,0.527195214259272
p06_noise_static,adhd,meditation,56,0.542515389749152
p06_noise_static,adhd,meditation,57,0.575702077570726
p06_noise_static,adhd,meditation,58,0.444753344379497
p06_noise_static,adhd,meditation,59,0.549544986083374
p06_noise_static,adhd,meditation,60,0.469253821427628
p06_noise_static,adhd,meditation,61,0.556523963824562
p06_noise_static,adhd,meditation,62,0.443705439683932
p06_noise_static,adhd,meditation,63,0.349979203788793
p06_tone_control,adhd,meditation,0,0.380109352112973
p06_tone_control,adhd,meditation,1,0.384716803005389
p06_tone_control,adhd,meditation,2,0.373038697738423
p06_tone_control,adhd,meditation,3,0.375987402208051
p06_tone_control,adhd,meditation,4,0.373707369483811
p06_tone_control,adhd,meditation,5,0.393435408295770
p06_tone_control,adhd,meditation,6,0.337264733888121
p06_tone_control,adhd,meditation,7,0.390062908809541
p06_tone_control,adhd,meditation,8,0.358362338206648
p06_tone_control,adhd,meditation,9,0.354244009531158
p06_tone_control,adhd,meditation,10,0.370708093285618
p06_tone_control,adhd,meditation,11,0.369038403433624
p06_tone_control,adhd,meditation,12,0.346257167363426
p06_tone_control,adhd,meditation,13,0.380683223993464
p06_tone_control,adhd,meditation,14,0.366539567688766
p06_tone_control,adhd,meditation,15,0.352153013308289
p06_tone_control,adhd,meditation,16,0.348972051084417
p06_tone_control,adhd,meditation,17,0.338707278004283
p06_tone_control,adhd,meditation,18,0.392142546079040
p06_tone_control,adhd,meditation,19,0.355659649590350
p06_tone_control,adhd,meditation,20,0.370142716980546
p06_tone_control,adhd,meditation,21,0.384692043661805
p06_tone_control,adhd,meditation,22,0.364158367688970
p06_tone_control,adhd,meditation,23,0.340401002898159
p06_tone_control,adhd,meditation,24,0.384260501504881
p06_tone_control,adhd,meditation,25,0.352735870086250
p06_tone_control,adhd,meditation,26,0.356263472244822
p06_tone_control,adhd,meditation,27,0.365842204308105
p06_tone_control,adhd,meditation,28,0.366254683231599
p06_tone_control,adhd,meditation,29,0.403657272918263
p06_tone_control,adhd,meditation,30,0.354540562575545
p06_tone_control,adhd,meditation,31,0.368071365758102
p06_tone_control,adhd,meditation,32,0.379481199030419
p06_tone_control,adhd,meditation,33,0.357200779714985
p06_tone_control,adhd,meditation,34,0.345964525070107
p06_tone_control,adhd,meditation,35,0.371036013082009
p06_tone_control,adhd,meditation,36,0.386992961083296
p06_tone_control,adhd,meditation,37,0.368718615384561
p06_tone_control,adhd,meditation,38,0.373610497781964
p06_tone_control,adhd,meditation,39,0.366097613768155
p06_tone_control,adhd,meditation,40,0.381309222579486
p06_tone_control,adhd,meditation,41,0.364564060344928
p06_tone_control,adhd,meditation,42,0.377486636892960
p06_tone_control,adhd,meditation,43,0.359690087944016
p06_tone_control,adhd,meditation,44,0.378351699772307
p06_tone_control,adhd,meditation,45,0.373313218752776
p06_tone_control,adhd,meditation,46,0.372396095235379
p06_tone_control,adhd,meditation,47,0.384187678852029
p06_tone_control,adhd,meditation,48,0.375497167492759
p06_tone_control,adhd,meditation,49,0.380758098769562
p06_tone_control,adhd,meditation,50,0.368465424126451
p06_tone_control,adhd,meditation,51,0.359652698925590
p06_tone_control,adhd,meditation,52,0.356158420360092
p06_tone_control,adhd,meditation,53,0.371301885870079
p06_tone_control,adhd,meditation,54,0.358229589529096
p06_tone_control,adhd,meditation,55,0.375589470548689
p06_tone_control,adhd,meditation,56,0.372364337324835
p06_tone_control,adhd,meditation,57,0.345761520970506
p06_tone_control,adhd,meditation,58,0.385068882645186
p06_tone_control,adhd,meditation,59,0.355998156593061
p06_tone_control,adhd,meditation,60,0.377669021959678
p06_tone_control,adhd,meditation,61,0.354114762240842
p06_tone_control,adhd,meditation,62,0.376887866082056
p06_tone_control,adhd,meditation,63,0.369288915470803
p06_noise_random_pulse,adhd,shield,0,0.288516911697711
p06_noise_random_pulse,adhd,shield,1,0.278470662038885
p06_noise_random_pulse,adhd,shield,2,0.287358950195629
p06_noise_random_pulse,adhd,shield,3,0.335164156587442
p06_noise_random_pulse,adhd,shield,4,0.303993252591622
p06_noise_random_pulse,adhd,shield,5,0.325535816691319
p06_noise_random_pulse,adhd,shield,6,0.334412048689858
p06_noise_random_pulse,adhd,shield,7,0.331145945051452
p06_noise_random_pulse,adhd,shield,8,0.300579870337967
p06_noise_random_pulse,adhd,shield,9,0.309975630646658
p06_noise_random_pulse,adhd,shield,10,0.298594997679036
p06_noise_random_pulse,adhd,shield,11,0.321685640443088
p06_noise_random_pulse,adhd,shield,12,0.334871218199089
p06_noise_random_pulse,adhd,shield,13,0.303725817122240
p06_noise_random_pulse,adhd,shield,14,0.331162391643264
p06_noise_random_pulse,adhd,shield,15,0.288158413374485
p06_noise_random_pulse,adhd,shield,16,0.295388372183596
p06_noise_random_pulse,adhd,shield,17,0.306542575827514
p06_noise_random_pulse,adhd,shield,18,0.311452100038798
p06_noise_random_pulse,adhd,shield,19,0.327848096872483
p06_noise_random_pulse,adhd,shield,20,0.388558739074026
p06_noise_random_pulse,adhd,shield,21,0.298240495256410
p06_noise_random_pulse,adhd,shield,22,0.282327436346296
p06_noise_random_pulse,adhd,shield,23,0.332022136728312
p06_noise_random_pulse,adhd,shield,24,0.333996157356720
p06_noise_random_pulse,adhd,shield,25,0.355938041704307
p06_noise_random_pulse,adhd,shield,26,0.367439195830451
p06_noise_random_pulse,adhd,shield,27,0.306405229966371
p06_noise_random_pulse,adhd,shield,28,0.356723644033866
p06_noise_random_pulse,adhd,shield,29,0.278501087538364
p06_noise_random_pulse,adhd,shield,30,0.314520806482888
p06_noise_random_pulse,adhd,shield,31,0.274952935792162
p06_noise_random_pulse,adhd,shield,32,0.292358223785557
p06_noise_random_pulse,adhd,shield,33,0.291621007845335
p06_noise_random_pulse,adhd,shield,34,0.320036330386522
p06_noise_random_pulse,adhd,shield,35,0.338692457196741
p06_noise_random_pulse,adhd,shield,36,0.314152769468716
p06_noise_random_pulse,adhd,shield,37,0.317328955214738
p06_noise_random_pulse,adhd,shield,38,0.326124425814919
p06_noise_random_pulse,adhd,shield,39,0.317053940137552
p06_noise_random_pulse,adhd,shield,40,0.307829095411435
p06_noise_random_pulse,adhd,shield,41,0.325969554660216
p06_noise_random_pulse,adhd,shield,42,0.271361384510076
p06_noise_random_pulse,adhd,shield,43,0.271458792584663
p06_noise_random_pulse,adhd,shield,44,0.329617906806645
p06_noise_random_pulse,adhd,shield,45,0.259365797457399
p06_noise_random_pulse,adhd,shield,46,0.504893775037875
p06_noise_random_pulse,adhd,shield,47,0.302546721696853
p06_noise_random_pulse,adhd,shield,48,0.339751230509806
p06_noise_random_pulse,adhd,shield,49,0.317247287140452
p06_noise_random_pulse,adhd,shield,50,0.277354480160578
p06_noise_random_pulse,adhd,shield,51,0.293028557701263
p06_noise_random_pulse,adhd,shield,52,0.284537268942390
p06_noise_random_pulse,adhd,shield,53,0.327115325884726
p06_noise_random_pulse,adhd,shield,54,0.327939524736184
p06_noise_random_pulse,adhd,shield,55,0.340852415666938
p06_noise_random_pulse,adhd,shield,56,0.304519409635686
p06_noise_random_pulse,adhd,shield,57,0.317720438210188
p06_noise_random_pulse,adhd,shield,58,0.356348679272957
p06_noise_random_pulse,adhd,shield,59,0.323845788120113
p06_noise_random_pulse,adhd,shield,60,0.300405397683956
p06_noise_random_pulse,adhd,shield,61,0.271779836113785
p06_noise_random_pulse,adhd,shield,62,0.268995111135254
p06_noise_random_pulse,adhd,shield,63,0.339185178996148
p06_noise_random_walk,adhd,shield,0,0.243527126053619
p06_noise_random_walk,adhd,shield,1,0.421129298348652
p06_noise_random_walk,adhd,shield,2,0.259333248609212
p06_noise_random_walk,adhd,shield,3,0.299562093369619
p06_noise_random_walk,adhd,shield,4,0.292053984458363
p06_noise_random_walk,adhd,shield,5,0.207728024617849
p06_noise_random_walk,adhd,shield,6,0.229351529625201
p06_noise_random_walk,adhd,shield,7,0.287199999656859
p06_noise_random_walk,adhd,shield,8,0.242138585188578
p06_noise_random_walk,adhd,shield,9,0.268223637293084
p06_noise_random_walk,adhd,shield,10,0.261744537054805
p06_noise_random_walk,adhd,shield,11,0.289895686779118
p06_noise_random_walk,adhd,shield,12,0.283627110299644
p06_noise_random_walk,adhd,shield,13,0.316449169184737
p06_noise_random_walk,adhd,shield,14,0.281812517777702
p06_noise_random_walk,adhd,shield,15,0.360874516577934
p06_noise_random_walk,adhd,shield,16,0.348387837721045
p06_noise_random_walk,adhd,shield,17,0.278218838772114
p06_noise_random_walk,adhd,shield,18,0.287911103280806
p06_noise_random_walk,adhd,shield,19,0.247744048859941
p06_noise_random_walk,adhd,shield,20,0.238687109413264
p06_noise_random_walk,adhd,shield,21,0.278448946637469
p06_noise_random_walk,adhd,shield,22,0.274176084777374
p06_noise_random_walk,adhd,shield,23,0.238323429450876
p06_noise_random_walk,adhd,shield,24,0.291845620389609
p06_noise_random_walk,adhd,shield,25,0.222893110252045
p06_noise_random_walk,adhd,shield,26,0.300010686340364
p06_noise_random_walk,adhd,shield,27,0.287472959098067
p06_noise_random_walk,adhd,shield,28,0.272292815990653
p06_noise_random_walk,adhd,shield,29,0.350323767220529
p06_noise_random_walk,adhd,shield,30,0.232326580093141
p06_noise_random_walk,adhd,shield,31,0.283101298919637
p06_noise_random_walk,adhd,shield,32,0.269765776210479
p06_noise_random_walk,adhd,shield,33,0.247887469443187
p06_noise_random_walk,adhd,shield,34,0.279393726357028
p06_noise_random_walk,adhd,shield,35,0.256205220602992
p06_noise_random_walk,adhd,shield,36,0.264027161138065
p06_noise_random_walk,adhd,shield,37,0.300320770244947
p06_noise_random_walk,adhd,shield,38,0.295684246432495
p06_noise_random_walk,adhd,shield,39,0.275681192899510
p06_noise_random_walk,adhd,shield,40,0.268063668504710
p06_noise_random_walk,adhd,shield,41,0.328688843895820
p06_noise_random_walk,adhd,shield,42,0.355596424867971
p06_noise_random_walk,adhd,shield,43,0.208476234581078
p06_noise_random_walk,adhd,shield,44,0.404772137818783
p06_noise_random_walk,adhd,shield,45,0.263059217993531
p06_noise_random_walk,adhd,shield,46,0.241433345474105
p06_noise_random_walk,adhd,shield,47,0.333730435958919
p06_noise_random_walk,adhd,shield,48,0.283555911968933
p06_noise_random_walk,adhd,shield,49,0.270904807769065
p06_noise_random_walk,adhd,shield,50,0.241901753145772
p06_noise_random_walk,adhd,shield,51,0.294631013956532
p06_noise_random_walk,adhd,shield,52,0.267165146929040
p06_noise_random_walk,adhd,shield,53,0.268265992640880
p06_noise_random_walk,adhd,shield,54,0.254761778244813
p06_noise_random_walk,adhd,shield,55,0.312587184934020
p06_noise_random_walk,adhd,shield,56,0.300509463467223
p06_noise_random_walk,adhd,shield,57,0.288952701484975
p06_noise_random_walk,adhd,shield,58,0.300708068832770
p06_noise_random_walk,adhd,shield,59,0.257447457962343
p06_noise_random_walk,adhd,shield,60,0.290546032775512
p06_noise_random_walk,adhd,shield,61,0.207155830942708
p06_noise_random_walk,adhd,shield,62,0.298215488796889
p06_noise_random_walk,adhd,shield,63,0.214542469359112
p06_noise_room,adhd,shield,0,0.228746005497110
p06_noise_room,adhd,shield,1,0.277512745631548
p06_noise_room,adhd,shield,2,0.211576236190854
p06_noise_room,adhd,shield,3,0.211034652996356
p06_noise_room,adhd,shield,4,0.309555569016469
p06_noise_room,adhd,shield,5,0.183371823053591
p06_noise_room,adhd,shield,6,0.233016192671462
p06_noise_room,adhd,shield,7,0.228283773909400
p06_noise_room,adhd,shield,8,0.263103925729313
p06_noise_room,adhd,shield,9,0.269955365092462
p06_noise_room,adhd,shield,10,0.155039840836590
p06_noise_room,adhd,shield,11,0.253739993095410
p06_noise_room,adhd,shield,12,0.215931821564521
p06_noise_room,adhd,shield,13,0.289574935475874
p06_noise_room,adhd,shield,14,0.215598147066150
p06_noise_room,adhd,shield,15,0.256028488932622
p06_noise_room,adhd,shield,16,0.230770603465241
p06_noise_room,adhd,shield,17,0.276653701150408
p06_noise_room,adhd,shield,18,0.243291814503067
p06_noise_room,adhd,shield,19,0.241807034517872
p06_noise_room,adhd,shield,20,0.223684401197413
p06_noise_room,adhd,shield,21,0.298274959538987
p06_noise_room,adhd,shield,22,0.389182228823817
p06_noise_room,adhd,shield,23,0.253429102968713
p06_noise_room,adhd,shield,24,0.281665088546646
p06_noise_room,adhd,shield,25,0.290000466444919
p06_noise_room,adhd,shield,26,0.228568319754901
p06_noise_room,adhd,shield,27,0.238647220407218
p06_noise_room,adhd,shield,28,0.283077238614778
p06_noise_room,adhd,shield,29,0.235277559219503
p06_noise_room,adhd,shield,30,0.305611714035799
p06_noise_room,adhd,shield,31,0.269363128014805
p06_noise_room,adhd,shield,32,0.279296130878238
p06_noise_room,adhd,shield,33,0.264437767890922
p06_noise_room,adhd,shield,34,0.298574772144517
p06_noise_room,adhd,shield,35,0.243093797549792
p06_noise_room,adhd,shield,36,0.260930644576245
p06_noise_room,adhd,shield,37,0.274583221622243
p06_noise_room,adhd,shield,38,0.218737877639073
p06_noise_room,adhd,shield,39,0.302279801324780
p06_noise_room,adhd,shield,40,0.223542700840808
p06_noise_room,adhd,shield,41,0.221431939606515
p06_noise_room,adhd,shield,42,0.281851554945109
p06_noise_room,adhd,shield,43,0.269921375951290
p06_noise_room,adhd,shield,44,0.265769352704363
p06_noise_room,adhd,shield,45,0.292355566715228
p06_noise_room,adhd,shield,46,0.258352896346868
p06_noise_room,adhd,shield,47,0.287850859958477
p06_noise_room,adhd,shield,48,0.247242197624043
p06_noise_room,adhd,shield,49,0.269763207907550
p06_noise_room,adhd,shield,50,0.277229136147820
p06_noise_room,adhd,shield,51,0.273776573131351
p06_noise_room,adhd,shield,52,0.267654040368966
p06_noise_room,adhd,shield,53,0.280625319633301
p06_noise_room,adhd,shield,54,0.249216264729035
p06_noise_room,adhd,shield,55,0.247535109521304
p06_noise_room,adhd,shield,56,0.302723442234603
p06_noise_room,adhd,shield,57,0.233248613757796
p06_noise_room,adhd,shield,58,0.264485402123925
p06_noise_room,adhd,shield,59,0.229210508965489
p06_noise_room,adhd,shield,60,0.266333920840690
p06_noise_room,adhd,shield,61,0.268522990804511
p06_noise_room,adhd,shield,62,0.229998532482142
p06_noise_room,adhd,shield,63,0.287308119426553
p06_noise_static,adhd,shield,0,0.265970562761736
p06_noise_static,adhd,shield,1,0.308401894457903
p06_noise_static,adhd,shield,2,0.259430658073393
p06_noise_static,adhd,shield,3,0.291373866927704
p06_noise_static,adhd,shield,4,0.271692306727797
p06_noise_static,adhd,shield,5,0.275707048758694
p06_noise_static,adhd,shield,6,0.216820714222475
p06_noise_static,adhd,shield,7,0.330278899004422
p06_noise_static,adhd,shield,8,0.406689074839773
p06_noise_static,adhd,shield,9,0.231650731574314
p06_noise_static,adhd,shield,10,0.288498067225787
p06_noise_static,adhd,shield,11,0.229152721214123
p06_noise_static,adhd,shield,12,0.255055143386867
p06_noise_static,adhd,shield,13,0.283327521721540
p06_noise_static,adhd,shield,14,0.266670908799120
p06_noise_static,adhd,shield,15,0.235867459477357
p06_noise_static,adhd,shield,16,0.291752339493616
p06_noise_static,adhd,shield,17,0.256887749697070
p06_noise_static,adhd,shield,18,0.226629781315770
p06_noise_static,adhd,shield,19,0.288607379181389
p06_noise_static,adhd,shield,20,0.246431701118735
p06_noise_static,adhd,shield,21,0.224361983595249
p06_noise_static,adhd,shield,22,0.271081673795661
p06_noise_static,adhd,shield,23,0.235026967282801
p06_noise_static,adhd,shield,24,0.269779487716100
p06_noise_static,adhd,shield,25,0.187311033990922
p06_noise_static,adhd,shield,26,0.269556690960401
p06_noise_static,adhd,shield,27,0.271777961628703
p06_noise_static,adhd,shield,28,0.275395442262283
p06_noise_static,adhd,shield,29,0.220890033915961
p06_noise_static,adhd,shield,30,0.255668156827996
p06_noise_static,adhd,shield,31,0.223930614805296
p06_noise_static,adhd,shield,32,0.295182283913696
p06_noise_static,adhd,shield,33,0.262792459249078
p06_noise_static,adhd,shield,34,0.296057604477281
p06_noise_static,adhd,shield,35,0.295164902655008
p06_noise_static,adhd,shield,36,0.239115813833878
p06_noise_static,adhd,shield,37,0.216353063316062
p06_noise_static,adhd,shield,38,0.313393923716113
p06_noise_static,adhd,shield,39,0.236779791017331
p06_noise_static,adhd,shield,40,0.253922448174580
p06_noise_static,adhd,shield,41,0.276528938871927
p06_noise_static,adhd,shield,42,0.398307252871624
p06_noise_static,adhd,shield,43,0.254813949124647
p06_noise_static,adhd,shield,44,0.213464467699387
p06_noise_static,adhd,shield,45,0.241352688430973
p06_noise_static,adhd,shield,46,0.224573596340927
p06_noise_static,adhd,shield,47,0.294733128918119
p06_noise_static,adhd,shield,48,0.281881788929531
p06_noise_static,adhd,shield,49,0.250781826705317
p06_noise_static,adhd,shield,50,0.292280535886340
p06_noise_static,adhd,shield,51,0.258958111931977
p06_noise_static,adhd,shield,52,0.265261582969150
p06_noise_static,adhd,shield,53,0.255693006875736
p06_noise_static,adhd,shield,54,0.270652186944364
p06_noise_static,adhd,shield,55,0.292508640900787
p06_noise_static,adhd,shield,56,0.256579773702606
p06_noise_static,adhd,shield,57,0.295903440983121
p06_noise_static,adhd,shield,58,0.253543235650400
p06_noise_static,adhd,shield,59,0.247045167116540
p06_noise_static,adhd,shield,60,0.255283515900796
p06_noise_static,adhd,shield,61,0.255764041547214
p06_noise_static,adhd,shield,62,0.282004097186124
p06_noise_static,adhd,shield,63,0.248354675709834
p06_tone_control,adhd,shield,0,0.070458367108806
p06_tone_control,adhd,shield,1,0.071746164645721
p06_tone_control,adhd,shield,2,0.069338565433527
p06_tone_control,adhd,shield,3,0.069932446990686
p06_tone_control,adhd,shield,4,0.070427224116883
p06_tone_control,adhd,shield,5,0.070916690292040
p06_tone_control,adhd,shield,6,0.070317468265643
p06_tone_control,adhd,shield,7,0.068639021043356
p06_tone_control,adhd,shield,8,0.068965010660431
p06_tone_control,adhd,shield,9,0.070480724610609
p06_tone_control,adhd,shield,10,0.071439258611794
p06_tone_control,adhd,shield,11,0.069884639612993
p06_tone_control,adhd,shield,12,0.070345059017959
p06_tone_control,adhd,shield,13,0.070098739167219
p06_tone_control,adhd,shield,14,0.069249282753498
p06_tone_control,adhd,shield,15,0.069806626770128
p06_tone_control,adhd,shield,16,0.069473757927739
p06_tone_control,adhd,shield,17,0.070061864717602
p06_tone_control,adhd,shield,18,0.069954938082335
p06_tone_control,adhd,shield,19,0.069577291403454
p06_tone_control,adhd,shield,20,0.070750017926300
p06_tone_control,adhd,shield,21,0.069999563631641
p06_tone_control,adhd,shield,22,0.069770226595420
p06_tone_control,adhd,shield,23,0.069398377123519
p06_tone_control,adhd,shield,24,0.071888351993522
p06_tone_control,adhd,shield,25,0.069955502197877
p06_tone_control,adhd,shield,26,0.069541732537116
p06_tone_control,adhd,shield,27,0.069261194134189
p06_tone_control,adhd,shield,28,0.070609499108518
p06_tone_control,adhd,shield,29,0.071761367105325
p06_tone_control,adhd,shield,30,0.068645465249426
p06_tone_control,adhd,shield,31,0.070460830966200
p06_tone_control,adhd,shield,32,0.070862570529253
p06_tone_control,adhd,shield,33,0.070552639534053
p06_tone_control,adhd,shield,34,0.070793643399053
p06_tone_control,adhd,shield,35,0.069519778943795
p06_tone_control,adhd,shield,36,0.071211336853065
p06_tone_control,adhd,shield,37,0.070925367069594
p06_tone_control,adhd,shield,38,0.070015029858236
p06_tone_control,adhd,shield,39,0.070523247964621
p06_tone_control,adhd,shield,40,0.069241487088866
p06_tone_control,adhd,shield,41,0.070289033305514
p06_tone_control,adhd,shield,42,0.071379474895864
p06_tone_control,adhd,shield,43,0.071179795782496
p06_tone_control,adhd,shield,44,0.071702213708774
p06_tone_control,adhd,shield,45,0.069324873406060
p06_tone_control,adhd,shield,46,0.071102506184147
p06_tone_control,adhd,shield,47,0.071450851152639
p06_tone_control,adhd,shield,48,0.070170408669886
p06_tone_control,adhd,shield,49,0.071159779523260
p06_tone_control,adhd,shield,50,0.070378044432317
p06_tone_control,adhd,shield,51,0.069979274442995
p06_tone_control,adhd,shield,52,0.071777620386483
p06_tone_control,adhd,shield,53,0.071449568680234
p06_tone_control,adhd,shield,54,0.071222335201312
p06_tone_control,adhd,shield,55,0.071538845260472
p06_tone_control,adhd,shield,56,0.069635268494467
p06_tone_control,adhd,shield,57,0.071360434885093
p06_tone_control,adhd,shield,58,0.069949612689138
p06_tone_control,adhd,shield,59,0.070999862621002
p06_tone_control,adhd,shield,60,0.070407608746228
p06_tone_control,adhd,shield,61,0.071374796981769
p06_tone_control,adhd,shield,62,0.070314923587285
p06_tone_control,adhd,shield,63,0.070648964081153
p06_noise_random_pulse,adhd,sleep,0,0.310473729373771
p06_noise_random_pulse,adhd,sleep,1,0.583699639246765
p06_noise_random_pulse,adhd,sleep,2,0.394838884945190
p06_noise_random_pulse,adhd,sleep,3,0.327564551917750
p06_noise_random_pulse,adhd,sleep,4,0.410255908077449
p06_noise_random_pulse,adhd,sleep,5,0.334248693315227
p06_noise_random_pulse,adhd,sleep,6,0.448457853844460
p06_noise_random_pulse,adhd,sleep,7,0.305049752061141
p06_noise_random_pulse,adhd,sleep,8,0.343115999971318
p06_noise_random_pulse,adhd,sleep,9,0.372509170193307
p06_noise_random_pulse,adhd,sleep,10,0.417275632288747
p06_noise_random_pulse,adhd,sleep,11,0.397578488538608
p06_noise_random_pulse,adhd,sleep,12,0.289298906929457
p06_noise_random_pulse,adhd,sleep,13,0.324339163437321
p06_noise_random_pulse,adhd,sleep,14,0.369406405131496
p06_noise_random_pulse,adhd,sleep,15,0.378308231617297
p06_noise_random_pulse,adhd,sleep,16,0.433377381005798
p06_noise_random_pulse,adhd,sleep,17,0.407865678458083
p06_noise_random_pulse,adhd,sleep,18,0.288540071837664
p06_noise_random_pulse,adhd,sleep,19,0.517162885558859
p06_noise_random_pulse,adhd,sleep,20,0.354499371573976
p06_noise_random_pulse,adhd,sleep,21,0.393610639160867
p06_noise_random_pulse,adhd,sleep,22,0.386893461495129
p06_noise_random_pulse,adhd,sleep,23,0.387621047713419
p06_noise_random_pulse,adhd,sleep,24,0.404507750222165
p06_noise_random_pulse,adhd,sleep,25,0.294448734788555
p06_noise_random_pulse,adhd,sleep,26,0.365364494655807
p06_noise_random_pulse,adhd,sleep,27,0.553906425269861
p06_noise_random_pulse,adhd,sleep,28,0.349624029828890
p06_noise_random_pulse,adhd,sleep,29,0.499625060180165
p06_noise_random_pulse,adhd,sleep,30,0.341405104352060
p06_noise_random_pulse,adhd,sleep,31,0.417319859081688
p06_noise_random_pulse,adhd,sleep,32,0.552763091897330
p06_noise_random_pulse,adhd,sleep,33,0.519790305667959
p06_noise_random_pulse,adhd,sleep,34,0.449025298525981
p06_noise_random_pulse,adhd,sleep,35,0.349008012659078
p06_noise_random_pulse,adhd,sleep,36,0.350813167194504
p06_noise_random_pulse,adhd,sleep,37,0.273640960834633
p06_noise_random_pulse,adhd,sleep,38,0.372906223268961
p06_noise_random_pulse,adhd,sleep,39,0.347061457001550
p06_noise_random_pulse,adhd,sleep,40,0.406487667767153
p06_noise_random_pulse,adhd,sleep,41,0.357076306927003
p06_noise_random_pulse,adhd,sleep,42,0.466742119069601
p06_noise_random_pulse,adhd,sleep,43,0.364883385770558
p06_noise_random_pulse,adhd,sleep,44,0.372989044454572
p06_noise_random_pulse,adhd,sleep,45,0.388999759790700
p06_noise_random_pulse,adhd,sleep,46,0.415882067640890
p06_noise_random_pulse,adhd,sleep,47,0.457064113372830
p06_noise_random_pulse,adhd,sleep,48,0.267853780276109
p06_noise_random_pulse,adhd,sleep,49,0.332915176511262
p06_noise_random_pulse,adhd,sleep,50,0.370671341752718
p06_noise_random_pulse,adhd,sleep,51,0.351472317402165
p06_noise_random_pulse,adhd,sleep,52,0.350572161605551
p06_noise_random_pulse,adhd,sleep,53,0.383746898490296
p06_noise_random_pulse,adhd,sleep,54,0.329363542234045
p06_noise_random_pulse,adhd,sleep,55,0.516929272966418
p06_noise_random_pulse,adhd,sleep,56,0.380222968290341
p06_noise_random_pulse,adhd,sleep,57,0.370364577682145
p06_noise_random_pulse,adhd,sleep,58,0.550108764699829
p06_noise_random_pulse,adhd,sleep,59,0.310589087268614
p06_noise_random_pulse,adhd,sleep,60,0.396780955762329
p06_noise_random_pulse,adhd,sleep,61,0.503643307161080
p06_noise_random_pulse,adhd,sleep,62,0.402763343692865
p06_noise_random_pulse,adhd,sleep,63,0.585472517826063
p06_noise_random_walk,adhd,sleep,0,0.417894697385050
p06_noise_random_walk,adhd,sleep,1,0.335636414140699
p06_noise_random_walk,adhd,sleep,2,0.479877959143817
p06_noise_random_walk,adhd,sleep,3,0.581129912352597
p06_noise_random_walk,adhd,sleep,4,0.422689164784755
p06_noise_random_walk,adhd,sleep,5,0.587261747035725
p06_noise_random_walk,adhd,sleep,6,0.431414862059840
p06_noise_random_walk,adhd,sleep,7,0.349024134676144
p06_noise_random_walk,adhd,sleep,8,0.628875683595078
p06_noise_random_walk,adhd,sleep,9,0.392865448808647
p06_noise_random_walk,adhd,sleep,10,0.471198403627075
p06_noise_random_walk,adhd,sleep,11,0.448903734043155
p06_noise_random_walk,adhd,sleep,12,0.432548212695807
p06_noise_random_walk,adhd,sleep,13,0.390630853397646
p06_noise_random_walk,adhd,sleep,14,0.434877074484708
p06_noise_random_walk,adhd,sleep,15,0.391214219373907
p06_noise_random_walk,adhd,sleep,16,0.338402856942846
p06_noise_random_walk,adhd,sleep,17,0.375833064964335
p06_noise_random_walk,adhd,sleep,18,0.392769315054406
p06_noise_random_walk,adhd,sleep,19,0.407877456063766
p06_noise_random_walk,adhd,sleep,20,0.614865170536004
p06_noise_random_walk,adhd,sleep,21,0.476977461904111
p06_noise_random_walk,adhd,sleep,22,0.459935890369576
p06_noise_random_walk,adhd,sleep,23,0.426070591652016
p06_noise_random_walk,adhd,sleep,24,0.384358175266758
p06_noise_random_walk,adhd,sleep,25,0.499843582582277
p06_noise_random_walk,adhd,sleep,26,0.409101943769423
p06_noise_random_walk,adhd,sleep,27,0.357265201686295
p06_noise_random_walk,adhd,sleep,28,0.395052392331686
p06_noise_random_walk,adhd,sleep,29,0.401110398297523
p06_noise_random_walk,adhd,sleep,30,0.432386995665584
p06_noise_random_walk,adhd,sleep,31,0.454481531936654
p06_noise_random_walk,adhd,sleep,32,0.504427750300222
p06_noise_random_walk,adhd,sleep,33,0.336629020559354
p06_noise_random_walk,adhd,sleep,34,0.381829842687175
p06_noise_random_walk,adhd,sleep,35,0.556369382474366
p06_noise_random_walk,adhd,sleep,36,0.556002415175920
p06_noise_random_walk,adhd,sleep,37,0.461319495238251
p06_noise_random_walk,adhd,sleep,38,0.342636113782946
p06_noise_random_walk,adhd,sleep,39,0.451465157921908
p06_noise_random_walk,adhd,sleep,40,0.414959278698749
p06_noise_random_walk,adhd,sleep,41,0.559840831905022
p06_noise_random_walk,adhd,sleep,42,0.384528645840121
p06_noise_random_walk,adhd,sleep,43,0.516434208466311
p06_noise_random_walk,adhd,sleep,44,0.336370352099284
p06_noise_random_walk,adhd,sleep,45,0.430456503135902
p06_noise_random_walk,adhd,sleep,46,0.408361055474501
p06_noise_random_walk,adhd,sleep,47,0.317725868448757
p06_noise_random_walk,adhd,sleep,48,0.445340073531251
p06_noise_random_walk,adhd,sleep,49,0.322799417273544
p06_noise_random_walk,adhd,sleep,50,0.378486184124574
p06_noise_random_walk,adhd,sleep,51,0.381927362990618
p06_noise_random_walk,adhd,sleep,52,0.474743871159900
p06_noise_random_walk,adhd,sleep,53,0.427994377152723
p06_noise_random_walk,adhd,sleep,54,0.545650217109144
p06_noise_random_walk,adhd,sleep,55,0.328120582428314
p06_noise_random_walk,adhd,sleep,56,0.408871490017434
p06_noise_random_walk,adhd,sleep,57,0.281088277635960
p06_noise_random_walk,adhd,sleep,58,0.462810906711409
p06_noise_random_walk,adhd,sleep,59,0.367136416089351
p06_noise_random_walk,adhd,sleep,60,0.392545017301256
p06_noise_random_walk,adhd,sleep,61,0.459972953260471
p06_noise_random_walk,adhd,sleep,62,0.398450328635691
p06_noise_random_walk,adhd,sleep,63,0.488016891781752
p06_noise_room,adhd,sleep,0,0.548462260257073
p06_noise_room,adhd,sleep,1,0.457658173648712
p06_noise_room,adhd,sleep,2,0.611440450763784
p06_noise_room,adhd,sleep,3,0.430717314485650
p06_noise_room,adhd,sleep,4,0.449871355194315
p06_noise_room,adhd,sleep,5,0.576849149072090
p06_noise_room,adhd,sleep,6,0.352181000096144
p06_noise_room,adhd,sleep,7,0.531973032021544
p06_noise_room,adhd,sleep,8,0.505777607604921
p06_noise_room,adhd,sleep,9,0.432138430126424
p06_noise_room,adhd,sleep,10,0.449198992057114
p06_noise_room,adhd,sleep,11,0.660735888044771
p06_noise_room,adhd,sleep,12,0.483916964605013
p06_noise_room,adhd,sleep,13,0.451782096720946
p06_noise_room,adhd,sleep,14,0.506094253584470
p06_noise_room,adhd,sleep,15,0.446345378223509
p06_noise_room,adhd,sleep,16,0.564969518217898
p06_noise_room,adhd,sleep,17,0.460741534188409
p06_noise_room,adhd,sleep,18,0.514176136837587
p06_noise_room,adhd,sleep,19,0.533623650295334
p06_noise_room,adhd,sleep,20,0.402329132042760
p06_noise_room,adhd,sleep,21,0.381222759309602
p06_noise_room,adhd,sleep,22,0.339117242737426
p06_noise_room,adhd,sleep,23,0.464017351631538
p06_noise_room,adhd,sleep,24,0.463514387237107
p06_noise_room,adhd,sleep,25,0.371171010015763
p06_noise_room,adhd,sleep,26,0.474488527399366
p06_noise_room,adhd,sleep,27,0.584993625190777
p06_noise_room,adhd,sleep,28,0.439868955299433
p06_noise_room,adhd,sleep,29,0.501781966566760
p06_noise_room,adhd,sleep,30,0.410480784381353
p06_noise_room,adhd,sleep,31,0.444655495629935
p06_noise_room,adhd,sleep,32,0.537466835016970
p06_noise_room,adhd,sleep,33,0.339170909444316
p06_noise_room,adhd,sleep,34,0.389594812287595
p06_noise_room,adhd,sleep,35,0.416946371467880
p06_noise_room,adhd,sleep,36,0.551372846443737
p06_noise_room,adhd,sleep,37,0.457449295432972
p06_noise_room,adhd,sleep,38,0.448958366351289
p06_noise_room,adhd,sleep,39,0.523041737866693
p06_noise_room,adhd,sleep,40,0.579978606338170
p06_noise_room,adhd,sleep,41,0.721397907751684
p06_noise_room,adhd,sleep,42,0.400999483902217
p06_noise_room,adhd,sleep,43,0.543613670655727
p06_noise_room,adhd,sleep,44,0.481233617272561
p06_noise_room,adhd,sleep,45,0.360282318844857
p06_noise_room,adhd,sleep,46,0.455099251120425
p06_noise_room,adhd,sleep,47,0.386220408499437
p06_noise_room,adhd,sleep,48,0.514370968410881
p06_noise_room,adhd,sleep,49,0.390990428462239
p06_noise_room,adhd,sleep,50,0.469740600691241
p06_noise_room,adhd,sleep,51,0.380194299214924
p06_noise_room,adhd,sleep,52,0.632194063195412
p06_noise_room,adhd,sleep,53,0.462446052797386
p06_noise_room,adhd,sleep,54,0.506643034901867
p06_noise_room,adhd,sleep,55,0.469935128107273
p06_noise_room,adhd,sleep,56,0.459198420671585
p06_noise_room,adhd,sleep,57,0.607722421752937
p06_noise_room,adhd,sleep,58,0.599686594811226
p06_noise_room,adhd,sleep,59,0.460613028251053
p06_noise_room,adhd,sleep,60,0.455191942698228
p06_noise_room,adhd,sleep,61,0.435565741775811
p06_noise_room,adhd,sleep,62,0.624464628054998
p06_noise_room,adhd,sleep,63,0.549463191551465
p06_noise_static,adhd,sleep,0,0.437503000928814
p06_noise_static,adhd,sleep,1,0.356422979677022
p06_noise_static,adhd,sleep,2,0.488275850609477
p06_noise_static,adhd,sleep,3,0.355580872349951
p06_noise_static,adhd,sleep,4,0.488891521706411
p06_noise_static,adhd,sleep,5,0.485226124168145
p06_noise_static,adhd,sleep,6,0.336545049215616
p06_noise_static,adhd,sleep,7,0.367956568804339
p06_noise_static,adhd,sleep,8,0.354813172402661
p06_noise_static,adhd,sleep,9,0.444736791455095
p06_noise_static,adhd,sleep,10,0.317143365234799
p06_noise_static,adhd,sleep,11,0.450469688694104
p06_noise_static,adhd,sleep,12,0.512871057229915
p06_noise_static,adhd,sleep,13,0.403815362332894
p06_noise_static,adhd,sleep,14,0.328709208612625
p06_noise_static,adhd,sleep,15,0.402719282391078
p06_noise_static,adhd,sleep,16,0.326279772189571
p06_noise_static,adhd,sleep,17,0.404588543821019
p06_noise_static,adhd,sleep,18,0.523572847232551
p06_noise_static,adhd,sleep,19,0.315589116550314
p06_noise_static,adhd,sleep,20,0.432210399962243
p06_noise_static,adhd,sleep,21,0.399490402602161
p06_noise_static,adhd,sleep,22,0.451426888263684
p06_noise_static,adhd,sleep,23,0.397617493565403
p06_noise_static,adhd,sleep,24,0.410087904631005
p06_noise_static,adhd,sleep,25,0.286422465103564
p06_noise_static,adhd,sleep,26,0.502100634846090
p06_noise_static,adhd,sleep,27,0.363608982318842
p06_noise_static,adhd,sleep,28,0.373992514900216
p06_noise_static,adhd,sleep,29,0.539881987806482
p06_noise_static,adhd,sleep,30,0.344400909483835
p06_noise_static,adhd,sleep,31,0.543821583637277
p06_noise_static,adhd,sleep,32,0.353052981411762
p06_noise_static,adhd,sleep,33,0.508047327677318
p06_noise_static,adhd,sleep,34,0.279741898270237
p06_noise_static,adhd,sleep,35,0.403137321919258
p06_noise_static,adhd,sleep,36,0.436245294668247
p06_noise_static,adhd,sleep,37,0.534930189768687
p06_noise_static,adhd,sleep,38,0.359056826917721
p06_noise_static,adhd,sleep,39,0.471786972571752
p06_noise_static,adhd,sleep,40,0.401688530482396
p06_noise_static,adhd,sleep,41,0.448324178617307
p06_noise_static,adhd,sleep,42,0.364043527787169
p06_noise_static,adhd,sleep,43,0.327679524649726
p06_noise_static,adhd,sleep,44,0.336027723371697
p06_noise_static,adhd,sleep,45,0.375293350405192
p06_noise_static,adhd,sleep,46,0.595209296397542
p06_noise_static,adhd,sleep,47,0.399227751842695
p06_noise_static,adhd,sleep,48,0.427160277774154
p06_noise_static,adhd,sleep,49,0.382179662151011
p06_noise_static,adhd,sleep,50,0.343735436120753
p06_noise_static,adhd,sleep,51,0.409619813582849
p06_noise_static,adhd,sleep,52,0.394814526944551
p06_noise_static,adhd,sleep,53,0.511859750779040
p06_noise_static,adhd,sleep,54,0.382176825604974
p06_noise_static,adhd,sleep,55,0.468657053430450
p06_noise_static,adhd,sleep,56,0.501932954697122
p06_noise_static,adhd,sleep,57,0.366160194287428
p06_noise_static,adhd,sleep,58,0.408022905582419
p06_noise_static,adhd,sleep,59,0.396301878942511
p06_noise_static,adhd,sleep,60,0.275447513382021
p06_noise_static,adhd,sleep,61,0.430430894883769
p06_noise_static,adhd,sleep,62,0.347755759527722
p06_noise_static,adhd,sleep,63,0.398144107319015
p06_tone_control,adhd,sleep,0,0.463418694337040
p06_tone_control,adhd,sleep,1,0.468746558340375
p06_tone_control,adhd,sleep,2,0.466089806095103
p06_tone_control,adhd,sleep,3,0.468216609251500
p06_tone_control,adhd,sleep,4,0.472129201892657
p06_tone_control,adhd,sleep,5,0.472865716129961
p06_tone_control,adhd,sleep,6,0.460917372497020
p06_tone_control,adhd,sleep,7,0.462797327133557
p06_tone_control,adhd,sleep,8,0.468297746117875
p06_tone_control,adhd,sleep,9,0.464895501923501
p06_tone_control,adhd,sleep,10,0.467625037590697
p06_tone_control,adhd,sleep,11,0.469239990993444
p06_tone_control,adhd,sleep,12,0.472345216831724
p06_tone_control,adhd,sleep,13,0.462536595582475
p06_tone_control,adhd,sleep,14,0.468498690831731
p06_tone_control,adhd,sleep,15,0.470757244796962
p06_tone_control,adhd,sleep,16,0.475809499185873
p06_tone_control,adhd,sleep,17,0.467116205947179
p06_tone_control,adhd,sleep,18,0.465021299331018
p06_tone_control,adhd,sleep,19,0.465310325350061
p06_tone_control,adhd,sleep,20,0.464878980651665
p06_tone_control,adhd,sleep,21,0.464423857134022
p06_tone_control,adhd,sleep,22,0.468741877503216
p06_tone_control,adhd,sleep,23,0.463849434333246
p06_tone_control,adhd,sleep,24,0.467174544585421
p06_tone_control,adhd,sleep,25,0.468173243248172
p06_tone_control,adhd,sleep,26,0.468628170126114
p06_tone_control,adhd,sleep,27,0.466118526232256
p06_tone_control,adhd,sleep,28,0.465230931516662
p06_tone_control,adhd,sleep,29,0.457990818581464
p06_tone_control,adhd,sleep,30,0.474802405550551
p06_tone_control,adhd,sleep,31,0.467103362643388
p06_tone_control,adhd,sleep,32,0.468511098938687
p06_tone_control,adhd,sleep,33,0.461468025359780
p06_tone_control,adhd,sleep,34,0.464834404980662
p06_tone_control,adhd,sleep,35,0.462578297529431
p06_tone_control,adhd,sleep,36,0.462326645656790
p06_tone_control,adhd,sleep,37,0.464370712128150
p06_tone_control,adhd,sleep,38,0.473281649823620
p06_tone_control,adhd,sleep,39,0.469741016051376
p06_tone_control,adhd,sleep,40,0.469921264404626
p06_tone_control,adhd,sleep,41,0.467932006832641
p06_tone_control,adhd,sleep,42,0.471334107186121
p06_tone_control,adhd,sleep,43,0.467333690101873
p06_tone_control,adhd,sleep,44,0.463774960256505
p06_tone_control,adhd,sleep,45,0.466882964010296
p06_tone_control,adhd,sleep,46,0.472331552627527
p06_tone_control,adhd,sleep,47,0.471552617279115
p06_tone_control,adhd,sleep,48,0.472102801502416
p06_tone_control,adhd,sleep,49,0.468127153071345
p06_tone_control,adhd,sleep,50,0.471789596035070
p06_tone_control,adhd,sleep,51,0.467562665902424
p06_tone_control,adhd,sleep,52,0.467139607291010
p06_tone_control,adhd,sleep,53,0.461827704784941
p06_tone_control,adhd,sleep,54,0.468000315056924
p06_tone_control,adhd,sleep,55,0.471401866245413
p06_tone_control,adhd,sleep,56,0.464047742337540
p06_tone_control,adhd,sleep,57,0.461110397217889
p06_tone_control,adhd,sleep,58,0.475616199937182
p06_tone_control,adhd,sleep,59,0.456270340241740
p06_tone_control,adhd,sleep,60,0.462001539892062
p06_tone_control,adhd,sleep,61,0.459310313376406
p06_tone_control,adhd,sleep,62,0.466548861353636
p06_tone_control,adhd,sleep,63,0.462930968945412
p06_noise_random_pulse,aging,deep_relaxation,0,0.496779776203039
p06_noise_random_pulse,aging,deep_relaxation,1,0.479905862411525
p06_noise_random_pulse,aging,deep_relaxation,2,0.581519098980629
p06_noise_random_pulse,aging,deep_relaxation,3,0.544550158713791
p06_noise_random_pulse,aging,deep_relaxation,4,0.614934543259479
p06_noise_random_pulse,aging,deep_relaxation,5,0.517283277877080
p06_noise_random_pulse,aging,deep_relaxation,6,0.505138733700768
p06_noise_random_pulse,aging,deep_relaxation,7,0.627878077439049
p06_noise_random_pulse,aging,deep_relaxation,8,0.576825427415097
p06_noise_random_pulse,aging,deep_relaxation,9,0.602674906826987
p06_noise_random_pulse,aging,deep_relaxation,10,0.551184488421658
p06_noise_random_pulse,aging,deep_relaxation,11,0.610513312960007
p06_noise_random_pulse,aging,deep_relaxation,12,0.493420473510535
p06_noise_random_pulse,aging,deep_relaxation,13,0.501880578706222
p06_noise_random_pulse,aging,deep_relaxation,14,0.522906604566806
p06_noise_random_pulse,aging,deep_relaxation,15,0.553821723428040
p06_noise_random_pulse,aging,deep_relaxation,16,0.514643332138905
p06_noise_random_pulse,aging,deep_relaxation,17,0.638225290046889
p06_noise_random_pulse,aging,deep_relaxation,18,0.503715361515276
p06_noise_random_pulse,aging,deep_relaxation,19,0.659500017806484
p06_noise_random_pulse,aging,deep_relaxation,20,0.626099557779860
p06_noise_random_pulse,aging,deep_relaxation,21,0.477793541160129
p06_noise_random_pulse,aging,deep_relaxation,22,0.610995135266134
p06_noise_random_pulse,aging,deep_relaxation,23,0.564721340106309
p06_noise_random_pulse,aging,deep_relaxation,24,0.453869650880589
p06_noise_random_pulse,aging,deep_relaxation,25,0.584359876363223
p06_noise_random_pulse,aging,deep_relaxation,26,0.646719482912496
p06_noise_random_pulse,aging,deep_relaxation,27,0.533984756452393
p06_noise_random_pulse,aging,deep_relaxation,28,0.467151264442846
p06_noise_random_pulse,aging,deep_relaxation,29,0.527467318853249
p06_noise_random_pulse,aging,deep_relaxation,30,0.631318240517854
p06_noise_random_pulse,aging,deep_relaxation,31,0.482247629629714
p06_noise_random_pulse,aging,deep_relaxation,32,0.664307783714699
p06_noise_random_pulse,aging,deep_relaxation,33,0.624506559539563
p06_noise_random_pulse,aging,deep_relaxation,34,0.649384987460881
p06_noise_random_pulse,aging,deep_relaxation,35,0.599899323835866
p06_noise_random_pulse,aging,deep_relaxation,36,0.536252721453093
p06_noise_random_pulse,aging,deep_relaxation,37,0.550213512689690
p06_noise_random_pulse,aging,deep_relaxation,38,0.631271197434799
p06_noise_random_pulse,aging,deep_relaxation,39,0.648109692064490
p06_noise_random_pulse,aging,deep_relaxation,40,0.637654002760827
p06_noise_random_pulse,aging,deep_relaxation,41,0.560008353493095
p06_noise_random_pulse,aging,deep_relaxation,42,0.498537174163645
p06_noise_random_pulse,aging,deep_relaxation,43,0.560416058866383
p06_noise_random_pulse,aging,deep_relaxation,44,0.646880038204356
p06_noise_random_pulse,aging,deep_relaxation,45,0.502241927535197
p06_noise_random_pulse,aging,deep_relaxation,46,0.513418440905263
p06_noise_random_pulse,aging,deep_relaxation,47,0.616685181593231
p06_noise_random_pulse,aging,deep_relaxation,48,0.546241955511958
p06_noise_random_pulse,aging,deep_relaxation,49,0.572922251300941
p06_noise_random_pulse,aging,deep_relaxation,50,0.570780672790794
p06_noise_random_pulse,aging,deep_relaxation,51,0.595431577241439
p06_noise_random_pulse,aging,deep_relaxation,52,0.647370069232674
p06_noise_random_pulse,aging,deep_relaxation,53,0.545312719882836
p06_noise_random_pulse,aging,deep_relaxation,54,0.550985339523988
p06_noise_random_pulse,aging,deep_relaxation,55,0.650685250630661
p06_noise_random_pulse,aging,deep_relaxation,56,0.578652071963639
p06_noise_random_pulse,aging,deep_relaxation,57,0.593434900798032
p06_noise_random_pulse,aging,deep_relaxation,58,0.355217399934269
p06_noise_random_pulse,aging,deep_relaxation,59,0.524325893174932
p06_noise_random_pulse,aging,deep_relaxation,60,0.512647395866619
p06_noise_random_pulse,aging,deep_relaxation,61,0.603403658476846
p06_noise_random_pulse,aging,deep_relaxation,62,0.601625063521693
p06_noise_random_pulse,aging,deep_relaxation,63,0.383087119581461
p06_noise_random_walk,aging,deep_relaxation,0,0.505157452898481
p06_noise_random_walk,aging,deep_relaxation,1,0.473108217182995
p06_noise_random_walk,aging,deep_relaxation,2,0.427965343662672
p06_noise_random_walk,aging,deep_relaxation,3,0.534156588426655
p06_noise_random_walk,aging,deep_relaxation,4,0.538277378468726
p06_noise_random_walk,aging,deep_relaxation,5,0.530715961925539
p06_noise_random_walk,aging,deep_relaxation,6,0.563595060657314
p06_noise_random_walk,aging,deep_relaxation,7,0.675336589949120
p06_noise_random_walk,aging,deep_relaxation,8,0.548136423503282
p06_noise_random_walk,aging,deep_relaxation,9,0.595185535936257
p06_noise_random_walk,aging,deep_relaxation,10,0.562013511969402
p06_noise_random_walk,aging,deep_relaxation,11,0.549957195294582
p06_noise_random_walk,aging,deep_relaxation,12,0.549443976249843
p06_noise_random_walk,aging,deep_relaxation,13,0.504732847980662
p06_noise_random_walk,aging,deep_relaxation,14,0.611781565147411
p06_noise_random_walk,aging,deep_relaxation,15,0.473574448070093
p06_noise_random_walk,aging,deep_relaxation,16,0.552550138314388
p06_noise_random_walk,aging,deep_relaxation,17,0.593501278924350
p06_noise_random_walk,aging,deep_relaxation,18,0.566380003505727
p06_noise_random_walk,aging,deep_relaxation,19,0.633748728194507
p06_noise_random_walk,aging,deep_relaxation,20,0.534945464140169
p06_noise_random_walk,aging,deep_relaxation,21,0.523624927305915
p06_noise_random_walk,aging,deep_relaxation,22,0.598302032770556
p06_noise_random_walk,aging,deep_relaxation,23,0.473546276877716
p06_noise_random_walk,aging,deep_relaxation,24,0.634496734739602
p06_noise_random_walk,aging,deep_relaxation,25,0.567004983623712
p06_noise_random_walk,aging,deep_relaxation,26,0.600140214362996
p06_noise_random_walk,aging,deep_relaxation,27,0.480869265592261
p06_noise_random_walk,aging,deep_relaxation,28,0.596575833500542
p06_noise_random_walk,aging,deep_relaxation,29,0.498851703443322
p06_noise_random_walk,aging,deep_relaxation,30,0.558011535757895
p06_noise_random_walk,aging,deep_relaxation,31,0.518899468901992
p06_noise_random_walk,aging,deep_relaxation,32,0.567598021211504
p06_noise_random_walk,aging,deep_relaxation,33,0.552632346199781
p06_noise_random_walk,aging,deep_relaxation,34,0.540269478073991
p06_noise_random_walk,aging,deep_relaxation,35,0.575644162549191
p06_noise_random_walk,aging,deep_relaxation,36,0.544235548442366
p06_noise_random_walk,aging,deep_relaxation,37,0.582891229692170
p06_noise_random_walk,aging,deep_relaxation,38,0.578484563975413
p06_noise_random_walk,aging,deep_relaxation,39,0.528518106770047
p06_noise_random_walk,aging,deep_relaxation,40,0.587277864872007
p06_noise_random_walk,aging,deep_relaxation,41,0.548597565724762
p06_noise_random_walk,aging,deep_relaxation,42,0.509140710578787
p06_noise_random_walk,aging,deep_relaxation,43,0.473706648590641
p06_noise_random_walk,aging,deep_relaxation,44,0.582288416830081
p06_noise_random_walk,aging,deep_relaxation,45,0.585577711063962
p06_noise_random_walk,aging,deep_relaxation,46,0.438986127340211
p06_noise_random_walk,aging,deep_relaxation,47,0.569400491112706
p06_noise_random_walk,aging,deep_relaxation,48,0.565716124781811
p06_noise_random_walk,aging,deep_relaxation,49,0.610931970459360
p06_noise_random_walk,aging,deep_relaxation,50,0.619858538261692
p06_noise_random_walk,aging,deep_relaxation,51,0.620396377229340
p06_noise_random_walk,aging,deep_relaxation,52,0.508480242208610
p06_noise_random_walk,aging,deep_relaxation,53,0.599664218229747
p06_noise_random_walk,aging,deep_relaxation,54,0.536267189139189
p06_noise_random_walk,aging,deep_relaxation,55,0.522684903376097
p06_noise_random_walk,aging,deep_relaxation,56,0.576034496988994
p06_noise_random_walk,aging,deep_relaxation,57,0.645498218864680
p06_noise_random_walk,aging,deep_relaxation,58,0.603111031104933
p06_noise_random_walk,aging,deep_relaxation,59,0.522900317130569
p06_noise_random_walk,aging,deep_relaxation,60,0.596460361446618
p06_noise_random_walk,aging,deep_relaxation,61,0.628274654483933
p06_noise_random_walk,aging,deep_relaxation,62,0.437886869297436
p06_noise_random_walk,aging,deep_relaxation,63,0.501472235196462
p06_noise_room,aging,deep_relaxation,0,0.448924960887954
p06_noise_room,aging,deep_relaxation,1,0.513854213022583
p06_noise_room,aging,deep_relaxation,2,0.579296656690582
p06_noise_room,aging,deep_relaxation,3,0.485140642224587
p06_noise_room,aging,deep_relaxation,4,0.557818845790540
p06_noise_room,aging,deep_relaxation,5,0.459669125471582
p06_noise_room,aging,deep_relaxation,6,0.507038179144044
p06_noise_room,aging,deep_relaxation,7,0.475667768117992
p06_noise_room,aging,deep_relaxation,8,0.596348342094124
p06_noise_room,aging,deep_relaxation,9,0.598836122712388
p06_noise_room,aging,deep_relaxation,10,0.492128620267588
p06_noise_room,aging,deep_relaxation,11,0.549331140653705
p06_noise_room,aging,deep_relaxation,12,0.475238661835435
p06_noise_room,aging,deep_relaxation,13,0.545048637961052
p06_noise_room,aging,deep_relaxation,14,0.546193610437503
p06_noise_room,aging,deep_relaxation,15,0.557874381464194
p06_noise_room,aging,deep_relaxation,16,0.595863434516580
p06_noise_room,aging,deep_relaxation,17,0.648093824290139
p06_noise_room,aging,deep_relaxation,18,0.563612951547864
p06_noise_room,aging,deep_relaxation,19,0.544784212773548
p06_noise_room,aging,deep_relaxation,20,0.470817331489602
p06_noise_room,aging,deep_relaxation,21,0.484368977211849
p06_noise_room,aging,deep_relaxation,22,0.523476321927213
p06_noise_room,aging,deep_relaxation,23,0.524527777536389
p06_noise_room,aging,deep_relaxation,24,0.538280544699488
p06_noise_room,aging,deep_relaxation,25,0.585015457434345
p06_noise_room,aging,deep_relaxation,26,0.498091969435432
p06_noise_room,aging,deep_relaxation,27,0.553154788128283
p06_noise_room,aging,deep_relaxation,28,0.520869201351712
p06_noise_room,aging,deep_relaxation,29,0.596578694386822
p06_noise_room,aging,deep_relaxation,30,0.579707758327245
p06_noise_room,aging,deep_relaxation,31,0.586044331317332
p06_noise_room,aging,deep_relaxation,32,0.662421127118830
p06_noise_room,aging,deep_relaxation,33,0.569124232373977
p06_noise_room,aging,deep_relaxation,34,0.620334561296019
p06_noise_room,aging,deep_relaxation,35,0.476051678899711
p06_noise_room,aging,deep_relaxation,36,0.503227060043877
p06_noise_room,aging,deep_relaxation,37,0.617598728486252
p06_noise_room,aging,deep_relaxation,38,0.632344319241072
p06_noise_room,aging,deep_relaxation,39,0.493591727630203
p06_noise_room,aging,deep_relaxation,40,0.635407775383764
p06_noise_room,aging,deep_relaxation,41,0.600262999932966
p06_noise_room,aging,deep_relaxation,42,0.631155527298527
p06_noise_room,aging,deep_relaxation,43,0.633256671796211
p06_noise_room,aging,deep_relaxation,44,0.543822480121373
p06_noise_room,aging,deep_relaxation,45,0.528319476382781
p06_noise_room,aging,deep_relaxation,46,0.611356995945890
p06_noise_room,aging,deep_relaxation,47,0.443011603209266
p06_noise_room,aging,deep_relaxation,48,0.460641781142736
p06_noise_room,aging,deep_relaxation,49,0.655434384778876
p06_noise_room,aging,deep_relaxation,50,0.426650493456995
p06_noise_room,aging,deep_relaxation,51,0.468418002903178
p06_noise_room,aging,deep_relaxation,52,0.620313343659184
p06_noise_room,aging,deep_relaxation,53,0.610021878649362
p06_noise_room,aging,deep_relaxation,54,0.634527032665063
p06_noise_room,aging,deep_relaxation,55,0.603319472835872
p06_noise_room,aging,deep_relaxation,56,0.572672707220093
p06_noise_room,aging,deep_relaxation,57,0.553950551002551
p06_noise_room,aging,deep_relaxation,58,0.536593157490060
p06_noise_room,aging,deep_relaxation,59,0.545852199468872
p06_noise_room,aging,deep_relaxation,60,0.496358730927781
p06_noise_room,aging,deep_relaxation,61,0.519309141658752
p06_noise_room,aging,deep_relaxation,62,0.475578409049142
p06_noise_room,aging,deep_relaxation,63,0.491419741284171
p06_noise_static,aging,deep_relaxation,0,0.595055411778735
p06_noise_static,aging,deep_relaxation,1,0.522644076920685
p06_noise_static,aging,deep_relaxation,2,0.582862565620868
p06_noise_static,aging,deep_relaxation,3,0.573961631965035
p06_noise_static,aging,deep_relaxation,4,0.581877343982060
p06_noise_static,aging,deep_relaxation,5,0.627189690134974
p06_noise_static,aging,deep_relaxation,6,0.582500592672017
p06_noise_static,aging,deep_relaxation,7,0.554517557724345
p06_noise_static,aging,deep_relaxation,8,0.474563423945416
p06_noise_static,aging,deep_relaxation,9,0.551102668701245
p06_noise_static,aging,deep_relaxation,10,0.515451166512704
p06_noise_static,aging,deep_relaxation,11,0.513831161605505
p06_noise_static,aging,deep_relaxation,12,0.650120005969210
p06_noise_static,aging,deep_relaxation,13,0.601461540516349
p06_noise_static,aging,deep_relaxation,14,0.630946138930246
p06_noise_static,aging,deep_relaxation,15,0.650794616438457
p06_noise_static,aging,deep_relaxation,16,0.621219737752891
p06_noise_static,aging,deep_relaxation,17,0.637679721901357
p06_noise_static,aging,deep_relaxation,18,0.589318904004556
p06_noise_static,aging,deep_relaxation,19,0.541881614208621
p06_noise_static,aging,deep_relaxation,20,0.520813668547872
p06_noise_static,aging,deep_relaxation,21,0.572782784541789
p06_noise_static,aging,deep_relaxation,22,0.567317895656508
p06_noise_static,aging,deep_relaxation,23,0.515323998782458
p06_noise_static,aging,deep_relaxation,24,0.497168900013076
p06_noise_static,aging,deep_relaxation,25,0.592417729125870
p06_noise_static,aging,deep_relaxation,26,0.636837644588633
p06_noise_static,aging,deep_relaxation,27,0.573724127669459
p06_noise_static,aging,deep_relaxation,28,0.529089049102728
p06_noise_static,aging,deep_relaxation,29,0.614186076576328
p06_noise_static,aging,deep_relaxation,30,0.797479791437906
p06_noise_static,aging,deep_relaxation,31,0.593771581380960
p06_noise_static,aging,deep_relaxation,32,0.606158387852432
p06_noise_static,aging,deep_relaxation,33,0.589429502509611
p06_noise_static,aging,deep_relaxation,34,0.661691944884113
p06_noise_static,aging,deep_relaxation,35,0.606525043520957
p06_noise_static,aging,deep_relaxation,36,0.527536777524689
p06_noise_static,aging,deep_relaxation,37,0.627989926053054
p06_noise_static,aging,deep_relaxation,38,0.520223245929571
p06_noise_static,aging,deep_relaxation,39,0.624057508677375
p06_noise_static,aging,deep_relaxation,40,0.632618457898332
p06_noise_static,aging,deep_relaxation,41,0.616998749821377
p06_noise_static,aging,deep_relaxation,42,0.645151312005908
p06_noise_static,aging,deep_relaxation,43,0.450536255984352
p06_noise_static,aging,deep_relaxation,44,0.591225361742231
p06_noise_static,aging,deep_relaxation,45,0.641254907838942
p06_noise_static,aging,deep_relaxation,46,0.637316514294823
p06_noise_static,aging,deep_relaxation,47,0.631686101416434
p06_noise_static,aging,deep_relaxation,48,0.641225897250821
p06_noise_static,aging,deep_relaxation,49,0.695141701612597
p06_noise_static,aging,deep_relaxation,50,0.597750249586071
p06_noise_static,aging,deep_relaxation,51,0.616509376502300
p06_noise_static,aging,deep_relaxation,52,0.589890639721838
p06_noise_static,aging,deep_relaxation,53,0.554052132281165
p06_noise_static,aging,deep_relaxation,54,0.626053336937613
p06_noise_static,aging,deep_relaxation,55,0.661704768724477
p06_noise_static,aging,deep_relaxation,56,0.660044963436253
p06_noise_static,aging,deep_relaxation,57,0.621197543596261
p06_noise_static,aging,deep_relaxation,58,0.557630688772139
p06_noise_static,aging,deep_relaxation,59,0.693613334265535
p06_noise_static,aging,deep_relaxation,60,0.512069281536024
p06_noise_static,aging,deep_relaxation,61,0.589555534809789
p06_noise_static,aging,deep_relaxation,62,0.461845960602743
p06_noise_static,aging,deep_relaxation,63,0.551764231834635
p06_tone_control,aging,deep_relaxation,0,0.508263208695067
p06_tone_control,aging,deep_relaxation,1,0.512911507771335
p06_tone_control,aging,deep_relaxation,2,0.487505813167042
p06_tone_control,aging,deep_relaxation,3,0.513855521962971
p06_tone_control,aging,deep_relaxation,4,0.513048394905061
p06_tone_control,aging,deep_relaxation,5,0.512123214470565
p06_tone_control,aging,deep_relaxation,6,0.502665998267408
p06_tone_control,aging,deep_relaxation,7,0.490500781231739
p06_tone_control,aging,deep_relaxation,8,0.502534189377862
p06_tone_control,aging,deep_relaxation,9,0.512820598393798
p06_tone_control,aging,deep_relaxation,10,0.512334575984043
p06_tone_control,aging,deep_relaxation,11,0.513613127654280
p06_tone_control,aging,deep_relaxation,12,0.511554710979816
p06_tone_control,aging,deep_relaxation,13,0.505188215485971
p06_tone_control,aging,deep_relaxation,14,0.507250894575927
p06_tone_control,aging,deep_relaxation,15,0.511187914936945
p06_tone_control,aging,deep_relaxation,16,0.507240785448153
p06_tone_control,aging,deep_relaxation,17,0.506289282372654
p06_tone_control,aging,deep_relaxation,18,0.503421163387711
p06_tone_control,aging,deep_relaxation,19,0.514534785938860
p06_tone_control,aging,deep_relaxation,20,0.512618606260122
p06_tone_control,aging,deep_relaxation,21,0.504423976929457
p06_tone_control,aging,deep_relaxation,22,0.514103276335529
p06_tone_control,aging,deep_relaxation,23,0.506476967861138
p06_tone_control,aging,deep_relaxation,24,0.512778021523264
p06_tone_control,aging,deep_relaxation,25,0.512006018284177
p06_tone_control,aging,deep_relaxation,26,0.513829536885996
p06_tone_control,aging,deep_relaxation,27,0.511701502069252
p06_tone_control,aging,deep_relaxation,28,0.510176665536368
p06_tone_control,aging,deep_relaxation,29,0.505052691082759
p06_tone_control,aging,deep_relaxation,30,0.512201184401570
p06_tone_control,aging,deep_relaxation,31,0.504434811543200
p06_tone_control,aging,deep_relaxation,32,0.497928598847231
p06_tone_control,aging,deep_relaxation,33,0.512366541333892
p06_tone_control,aging,deep_relaxation,34,0.506444661698027
p06_tone_control,aging,deep_relaxation,35,0.501878278641962
p06_tone_control,aging,deep_relaxation,36,0.511994189867434
p06_tone_control,aging,deep_relaxation,37,0.507404841463914
p06_tone_control,aging,deep_relaxation,38,0.513497045751274
p06_tone_control,aging,deep_relaxation,39,0.510139123606413
p06_tone_control,aging,deep_relaxation,40,0.507827913396885
p06_tone_control,aging,deep_relaxation,41,0.511032075996718
p06_tone_control,aging,deep_relaxation,42,0.516323350630488
p06_tone_control,aging,deep_relaxation,43,0.513410755608920
p06_tone_control,aging,deep_relaxation,44,0.512462865963441
p06_tone_control,aging,deep_relaxation,45,0.507824475672357
p06_tone_control,aging,deep_relaxation,46,0.513444608808472
p06_tone_control,aging,deep_relaxation,47,0.512693626497709
p06_tone_control,aging,deep_relaxation,48,0.512101557471420
p06_tone_control,aging,deep_relaxation,49,0.512422730259551
p06_tone_control,aging,deep_relaxation,50,0.514702573135572
p06_tone_control,aging,deep_relaxation,51,0.513216749435007
p06_tone_control,aging,deep_relaxation,52,0.511200840570833
p06_tone_control,aging,deep_relaxation,53,0.510626160665740
p06_tone_control,aging,deep_relaxation,54,0.514173049311431
p06_tone_control,aging,deep_relaxation,55,0.515423141743639
p06_tone_control,aging,deep_relaxation,56,0.512358136414138
p06_tone_control,aging,deep_relaxation,57,0.500738679275772
p06_tone_control,aging,deep_relaxation,58,0.514314808073001
p06_tone_control,aging,deep_relaxation,59,0.508791496462719
p06_tone_control,aging,deep_relaxation,60,0.504365759947616
p06_tone_control,aging,deep_relaxation,61,0.506352898576748
p06_tone_control,aging,deep_relaxation,62,0.507165434208481
p06_tone_control,aging,deep_relaxation,63,0.511359121949154
p06_noise_random_pulse,aging,deep_work,0,0.291598175981018
p06_noise_random_pulse,aging,deep_work,1,0.271667561344274
p06_noise_random_pulse,aging,deep_work,2,0.305280969762053
p06_noise_random_pulse,aging,deep_work,3,0.330979035846365
p06_noise_random_pulse,aging,deep_work,4,0.468011922283301
p06_noise_random_pulse,aging,deep_work,5,0.316460659316864
p06_noise_random_pulse,aging,deep_work,6,0.337035457983071
p06_noise_random_pulse,aging,deep_work,7,0.368186615815402
p06_noise_random_pulse,aging,deep_work,8,0.285583793358771
p06_noise_random_pulse,aging,deep_work,9,0.340209946083503
p06_noise_random_pulse,aging,deep_work,10,0.364939397392418
p06_noise_random_pulse,aging,deep_work,11,0.338425171088211
p06_noise_random_pulse,aging,deep_work,12,0.303964000866349
p06_noise_random_pulse,aging,deep_work,13,0.317935297457119
p06_noise_random_pulse,aging,deep_work,14,0.271628616384707
p06_noise_random_pulse,aging,deep_work,15,0.305102526031875
p06_noise_random_pulse,aging,deep_work,16,0.299345020628797
p06_noise_random_pulse,aging,deep_work,17,0.444356946133914
p06_noise_random_pulse,aging,deep_work,18,0.354676693335348
p06_noise_random_pulse,aging,deep_work,19,0.409924039057116
p06_noise_random_pulse,aging,deep_work,20,0.429682367234588
p06_noise_random_pulse,aging,deep_work,21,0.329881039397438
p06_noise_random_pulse,aging,deep_work,22,0.357137371794796
p06_noise_random_pulse,aging,deep_work,23,0.329946292842425
p06_noise_random_pulse,aging,deep_work,24,0.279054112156501
p06_noise_random_pulse,aging,deep_work,25,0.346729486187848
p06_noise_random_pulse,aging,deep_work,26,0.424821226290872
p06_noise_random_pulse,aging,deep_work,27,0.335243957258868
p06_noise_random_pulse,aging,deep_work,28,0.271816136591690
p06_noise_random_pulse,aging,deep_work,29,0.384683825194613
p06_noise_random_pulse,aging,deep_work,30,0.491755176041336
p06_noise_random_pulse,aging,deep_work,31,0.343902822880288
p06_noise_random_pulse,aging,deep_work,32,0.486145558629332
p06_noise_random_pulse,aging,deep_work,33,0.413723756653210
p06_noise_random_pulse,aging,deep_work,34,0.476758704689235
p06_noise_random_pulse,aging,deep_work,35,0.436757387671728
p06_noise_random_pulse,aging,deep_work,36,0.366550550513221
p06_noise_random_pulse,aging,deep_work,37,0.309082545661735
p06_noise_random_pulse,aging,deep_work,38,0.490604437065694
p06_noise_random_pulse,aging,deep_work,39,0.413354323365198
p06_noise_random_pulse,aging,deep_work,40,0.428727601912694
p06_noise_random_pulse,aging,deep_work,41,0.403023943094867
p06_noise_random_pulse,aging,deep_work,42,0.291265008389334
p06_noise_random_pulse,aging,deep_work,43,0.265650055290843
p06_noise_random_pulse,aging,deep_work,44,0.443590907950348
p06_noise_random_pulse,aging,deep_work,45,0.369137967127730
p06_noise_random_pulse,aging,deep_work,46,0.272680446016241
p06_noise_random_pulse,aging,deep_work,47,0.507363574258068
p06_noise_random_pulse,aging,deep_work,48,0.329920331571973
p06_noise_random_pulse,aging,deep_work,49,0.327137980361338
p06_noise_random_pulse,aging,deep_work,50,0.431138256461065
p06_noise_random_pulse,aging,deep_work,51,0.339548301213490
p06_noise_random_pulse,aging,deep_work,52,0.404222907842720
p06_noise_random_pulse,aging,deep_work,53,0.466773870252306
p06_noise_random_pulse,aging,deep_work,54,0.320924252328016
p06_noise_random_pulse,aging,deep_work,55,0.376208604930627
p06_noise_random_pulse,aging,deep_work,56,0.381885494204959
p06_noise_random_pulse,aging,deep_work,57,0.325885837455921
p06_noise_random_pulse,aging,deep_work,58,0.163268976439947
p06_noise_random_pulse,aging,deep_work,59,0.262787901885547
p06_noise_random_pulse,aging,deep_work,60,0.328042304666962
p06_noise_random_pulse,aging,deep_work,61,0.370454303951976
p06_noise_random_pulse,aging,deep_work,62,0.365572491454735
p06_noise_random_pulse,aging,deep_work,63,0.185675145548235
p06_noise_random_walk,aging,deep_work,0,0.296009377409327
p06_noise_random_walk,aging,deep_work,1,0.317944954707707
p06_noise_random_walk,aging,deep_work,2,0.269506118330416
p06_noise_random_walk,aging,deep_work,3,0.476140376063812
p06_noise_random_walk,aging,deep_work,4,0.346423108466846
p06_noise_random_walk,aging,deep_work,5,0.233939808564000
p06_noise_random_walk,aging,deep_work,6,0.283943067276057
p06_noise_random_walk,aging,deep_work,7,0.369589470475896
p06_noise_random_walk,aging,deep_work,8,0.379045861213841
p06_noise_random_walk,aging,deep_work,9,0.331039307596477
p06_noise_random_walk,aging,deep_work,10,0.299519195421528
p06_noise_random_walk,aging,deep_work,11,0.325659478348969
p06_noise_random_walk,aging,deep_work,12,0.338546321898678
p06_noise_random_walk,aging,deep_work,13,0.313611494556882
p06_noise_random_walk,aging,deep_work,14,0.340537295020777
p06_noise_random_walk,aging,deep_work,15,0.348402152901473
p06_noise_random_walk,aging,deep_work,16,0.380458382682622
p06_noise_random_walk,aging,deep_work,17,0.379594904367302
p06_noise_random_walk,aging,deep_work,18,0.215432992053464
p06_noise_random_walk,aging,deep_work,19,0.309418134542398
p06_noise_random_walk,aging,deep_work,20,0.307618357801563
p06_noise_random_walk,aging,deep_work,21,0.278501867204660
p06_noise_random_walk,aging,deep_work,22,0.350970953172391
p06_noise_random_walk,aging,deep_work,23,0.294301808238062
p06_noise_random_walk,aging,deep_work,24,0.328144831901919
p06_noise_random_walk,aging,deep_work,25,0.275415910970221
p06_noise_random_walk,aging,deep_work,26,0.358617105680064
p06_noise_random_walk,aging,deep_work,27,0.312379030453110
p06_noise_random_walk,aging,deep_work,28,0.322162173284942
p06_noise_random_walk,aging,deep_work,29,0.284171331317615
p06_noise_random_walk,aging,deep_work,30,0.362476490134767
p06_noise_random_walk,aging,deep_work,31,0.377204795751588
p06_noise_random_walk,aging,deep_work,32,0.394919129954292
p06_noise_random_walk,aging,deep_work,33,0.299005428770381
p06_noise_random_walk,aging,deep_work,34,0.353716482994789
p06_noise_random_walk,aging,deep_work,35,0.354388718911275
p06_noise_random_walk,aging,deep_work,36,0.330302234504748
p06_noise_random_walk,aging,deep_work,37,0.377510668234921
p06_noise_random_walk,aging,deep_work,38,0.332269865579119
p06_noise_random_walk,aging,deep_work,39,0.324493678074415
p06_noise_random_walk,aging,deep_work,40,0.325331717852380
p06_noise_random_walk,aging,deep_work,41,0.437731068374053
p06_noise_random_walk,aging,deep_work,42,0.337476669779902
p06_noise_random_walk,aging,deep_work,43,0.327528840057674
p06_noise_random_walk,aging,deep_work,44,0.302180705091743
p06_noise_random_walk,aging,deep_work,45,0.306556306005287
p06_noise_random_walk,aging,deep_work,46,0.279389678888612
p06_noise_random_walk,aging,deep_work,47,0.325672715975648
p06_noise_random_walk,aging,deep_work,48,0.343515973836863
p06_noise_random_walk,aging,deep_work,49,0.393790238873692
p06_noise_random_walk,aging,deep_work,50,0.324712593087195
p06_noise_random_walk,aging,deep_work,51,0.334918540618653
p06_noise_random_walk,aging,deep_work,52,0.277551025974764
p06_noise_random_walk,aging,deep_work,53,0.346431615502609
p06_noise_random_walk,aging,deep_work,54,0.286200247939628
p06_noise_random_walk,aging,deep_work,55,0.271917192675640
p06_noise_random_walk,aging,deep_work,56,0.360817378949203
p06_noise_random_walk,aging,deep_work,57,0.355237193590361
p06_noise_random_walk,aging,deep_work,58,0.355780093221788
p06_noise_random_walk,aging,deep_work,59,0.327275232909703
p06_noise_random_walk,aging,deep_work,60,0.381822569668503
p06_noise_random_walk,aging,deep_work,61,0.313726089887091
p06_noise_random_walk,aging,deep_work,62,0.241232954907370
p06_noise_random_walk,aging,deep_work,63,0.258747625204743
p06_noise_room,aging,deep_work,0,0.260995250313949
p06_noise_room,aging,deep_work,1,0.318016745994430
p06_noise_room,aging,deep_work,2,0.337369414802930
p06_noise_room,aging,deep_work,3,0.312600911486138
p06_noise_room,aging,deep_work,4,0.291539189435575
p06_noise_room,aging,deep_work,5,0.321880882057788
p06_noise_room,aging,deep_work,6,0.332986312591454
p06_noise_room,aging,deep_work,7,0.305885917980987
p06_noise_room,aging,deep_work,8,0.487639955261710
p06_noise_room,aging,deep_work,9,0.338324023861261
p06_noise_room,aging,deep_work,10,0.328826891083145
p06_noise_room,aging,deep_work,11,0.410665043488281
p06_noise_room,aging,deep_work,12,0.321104368353434
p06_noise_room,aging,deep_work,13,0.315369111742511
p06_noise_room,aging,deep_work,14,0.426472349841421
p06_noise_room,aging,deep_work,15,0.385239313865347
p06_noise_room,aging,deep_work,16,0.392506368535432
p06_noise_room,aging,deep_work,17,0.422359798891816
p06_noise_room,aging,deep_work,18,0.305908758247686
p06_noise_room,aging,deep_work,19,0.362884063380543
p06_noise_room,aging,deep_work,20,0.319438416773066
p06_noise_room,aging,deep_work,21,0.313830075711599
p06_noise_room,aging,deep_work,22,0.250152588013248
p06_noise_room,aging,deep_work,23,0.346151267237813
p06_noise_room,aging,deep_work,24,0.460899225742720
p06_noise_room,aging,deep_work,25,0.319616830282279
p06_noise_room,aging,deep_work,26,0.317232260477658
p06_noise_room,aging,deep_work,27,0.471225982236980
p06_noise_room,aging,deep_work,28,0.328445399925546
p06_noise_room,aging,deep_work,29,0.325572754094475
p06_noise_room,aging,deep_work,30,0.329956853118741
p06_noise_room,aging,deep_work,31,0.249356779582945
p06_noise_room,aging,deep_work,32,0.498953412287021
p06_noise_room,aging,deep_work,33,0.270962309176340
p06_noise_room,aging,deep_work,34,0.334590648572038
p06_noise_room,aging,deep_work,35,0.328120100069470
p06_noise_room,aging,deep_work,36,0.341413893127262
p06_noise_room,aging,deep_work,37,0.508996661502554
p06_noise_room,aging,deep_work,38,0.476741617590273
p06_noise_room,aging,deep_work,39,0.321425370327939
p06_noise_room,aging,deep_work,40,0.287485727967033
p06_noise_room,aging,deep_work,41,0.301526834841334
p06_noise_room,aging,deep_work,42,0.356321064193697
p06_noise_room,aging,deep_work,43,0.344294885152866
p06_noise_room,aging,deep_work,44,0.271778406747927
p06_noise_room,aging,deep_work,45,0.229299956739397
p06_noise_room,aging,deep_work,46,0.506161666462377
p06_noise_room,aging,deep_work,47,0.239304862224519
p06_noise_room,aging,deep_work,48,0.310554647822859
p06_noise_room,aging,deep_work,49,0.315287812594408
p06_noise_room,aging,deep_work,50,0.342033516807842
p06_noise_room,aging,deep_work,51,0.356173342297692
p06_noise_room,aging,deep_work,52,0.397970294447108
p06_noise_room,aging,deep_work,53,0.497792706618637
p06_noise_room,aging,deep_work,54,0.315407925145859
p06_noise_room,aging,deep_work,55,0.287902060261318
p06_noise_room,aging,deep_work,56,0.344186159854152
p06_noise_room,aging,deep_work,57,0.341716771646747
p06_noise_room,aging,deep_work,58,0.317870318926849
p06_noise_room,aging,deep_work,59,0.482488749600934
p06_noise_room,aging,deep_work,60,0.316775958137002
p06_noise_room,aging,deep_work,61,0.362449086666954
p06_noise_room,aging,deep_work,62,0.258812259239750
p06_noise_room,aging,deep_work,63,0.327945892031833
p06_noise_static,aging,deep_work,0,0.341041926370996
p06_noise_static,aging,deep_work,1,0.336618511980478
p06_noise_static,aging,deep_work,2,0.464011649785606
p06_noise_static,aging,deep_work,3,0.337977819406280
p06_noise_static,aging,deep_work,4,0.510635730071197
p06_noise_static,aging,deep_work,5,0.405900249899506
p06_noise_static,aging,deep_work,6,0.500150203099837
p06_noise_static,aging,deep_work,7,0.357844511009073
p06_noise_static,aging,deep_work,8,0.292673736710411
p06_noise_static,aging,deep_work,9,0.400410257173499
p06_noise_static,aging,deep_work,10,0.424625448886828
p06_noise_static,aging,deep_work,11,0.434978035218843
p06_noise_static,aging,deep_work,12,0.317030456554462
p06_noise_static,aging,deep_work,13,0.340298001022320
p06_noise_static,aging,deep_work,14,0.396620714028049
p06_noise_static,aging,deep_work,15,0.349724215916977
p06_noise_static,aging,deep_work,16,0.385137604130157
p06_noise_static,aging,deep_work,17,0.356006279514777
p06_noise_static,aging,deep_work,18,0.309148611522867
p06_noise_static,aging,deep_work,19,0.420990077089610
p06_noise_static,aging,deep_work,20,0.317238565370755
p06_noise_static,aging,deep_work,21,0.495275379744714
p06_noise_static,aging,deep_work,22,0.315948446367384
p06_noise_static,aging,deep_work,23,0.263173949948988
p06_noise_static,aging,deep_work,24,0.322745850657848
p06_noise_static,aging,deep_work,25,0.325539799708888
p06_noise_static,aging,deep_work,26,0.485188796499477
p06_noise_static,aging,deep_work,27,0.272317312006171
p06_noise_static,aging,deep_work,28,0.348429950716168
p06_noise_static,aging,deep_work,29,0.386919663140052
p06_noise_static,aging,deep_work,30,0.468287013317705
p06_noise_static,aging,deep_work,31,0.311299467817718
p06_noise_static,aging,deep_work,32,0.338266312409748
p06_noise_static,aging,deep_work,33,0.303767398467189
p06_noise_static,aging,deep_work,34,0.403992220274669
p06_noise_static,aging,deep_work,35,0.488172203959270
p06_noise_static,aging,deep_work,36,0.466241809945255
p06_noise_static,aging,deep_work,37,0.345739955530732
p06_noise_static,aging,deep_work,38,0.326533210114727
p06_noise_static,aging,deep_work,39,0.402758265896213
p06_noise_static,aging,deep_work,40,0.345526848135082
p06_noise_static,aging,deep_work,41,0.391510098627925
p06_noise_static,aging,deep_work,42,0.358114436999687
p06_noise_static,aging,deep_work,43,0.542202527263063
p06_noise_static,aging,deep_work,44,0.378342056097760
p06_noise_static,aging,deep_work,45,0.409313569038186
p06_noise_static,aging,deep_work,46,0.339744630929723
p06_noise_static,aging,deep_work,47,0.434426546887878
p06_noise_static,aging,deep_work,48,0.343099971978579
p06_noise_static,aging,deep_work,49,0.342821134150604
p06_noise_static,aging,deep_work,50,0.381470166775634
p06_noise_static,aging,deep_work,51,0.331090562514092
p06_noise_static,aging,deep_work,52,0.308056377634499
p06_noise_static,aging,deep_work,53,0.422245986966300
p06_noise_static,aging,deep_work,54,0.345681064404947
p06_noise_static,aging,deep_work,55,0.411452131083826
p06_noise_static,aging,deep_work,56,0.365689608191696
p06_noise_static,aging,deep_work,57,0.305492694838032
p06_noise_static,aging,deep_work,58,0.351658080134997
p06_noise_static,aging,deep_work,59,0.343468979040973
p06_noise_static,aging,deep_work,60,0.370728682032906
p06_noise_static,aging,deep_work,61,0.301811365808698
p06_noise_static,aging,deep_work,62,0.417027206350926
p06_noise_static,aging,deep_work,63,0.369431565446750
p06_tone_control,aging,deep_work,0,0.257209751526683
p06_tone_control,aging,deep_work,1,0.251068961797100
p06_tone_control,aging,deep_work,2,0.256801264547891
p06_tone_control,aging,deep_work,3,0.249552338408828
p06_tone_control,aging,deep_work,4,0.252354142210527
p06_tone_control,aging,deep_work,5,0.259015952780861
p06_tone_control,aging,deep_work,6,0.201114965267862
p06_tone_control,aging,deep_work,7,0.264489582023812
p06_tone_control,aging,deep_work,8,0.247860428562898
p06_tone_control,aging,deep_work,9,0.228021281877342
p06_tone_control,aging,deep_work,10,0.241740981757354
p06_tone_control,aging,deep_work,11,0.240971412323568
p06_tone_control,aging,deep_work,12,0.224129580356421
p06_tone_control,aging,deep_work,13,0.254656052178988
p06_tone_control,aging,deep_work,14,0.251083112733875
p06_tone_control,aging,deep_work,15,0.224119587063555
p06_tone_control,aging,deep_work,16,0.219692812676248
p06_tone_control,aging,deep_work,17,0.206059761636197
p06_tone_control,aging,deep_work,18,0.267038981147754
p06_tone_control,aging,deep_work,19,0.244961406950900
p06_tone_control,aging,deep_work,20,0.243665370270104
p06_tone_control,aging,deep_work,21,0.262774323682851
p06_tone_control,aging,deep_work,22,0.247371040658452
p06_tone_control,aging,deep_work,23,0.228461168952722
p06_tone_control,aging,deep_work,24,0.243412712086000
p06_tone_control,aging,deep_work,25,0.231458112888563
p06_tone_control,aging,deep_work,26,0.243079433545301
p06_tone_control,aging,deep_work,27,0.251694559410187
p06_tone_control,aging,deep_work,28,0.243355210247511
p06_tone_control,aging,deep_work,29,0.262320640625767
p06_tone_control,aging,deep_work,30,0.245683365961309
p06_tone_control,aging,deep_work,31,0.255046684402827
p06_tone_control,aging,deep_work,32,0.263426549138456
p06_tone_control,aging,deep_work,33,0.230920534625270
p06_tone_control,aging,deep_work,34,0.223047894726999
p06_tone_control,aging,deep_work,35,0.260923930564589
p06_tone_control,aging,deep_work,36,0.255556978712978
p06_tone_control,aging,deep_work,37,0.231191201087500
p06_tone_control,aging,deep_work,38,0.252729348548850
p06_tone_control,aging,deep_work,39,0.239238617089624
p06_tone_control,aging,deep_work,40,0.253742126778619
p06_tone_control,aging,deep_work,41,0.252472331024502
p06_tone_control,aging,deep_work,42,0.239928505401245
p06_tone_control,aging,deep_work,43,0.223811403373016
p06_tone_control,aging,deep_work,44,0.253137775722223
p06_tone_control,aging,deep_work,45,0.247290321913502
p06_tone_control,aging,deep_work,46,0.221342776165466
p06_tone_control,aging,deep_work,47,0.248937190949249
p06_tone_control,aging,deep_work,48,0.247076545719543
p06_tone_control,aging,deep_work,49,0.253278231686343
p06_tone_control,aging,deep_work,50,0.239114519165289
p06_tone_control,aging,deep_work,51,0.248839533639262
p06_tone_control,aging,deep_work,52,0.228364710999748
p06_tone_control,aging,deep_work,53,0.243617918721208
p06_tone_control,aging,deep_work,54,0.234284749494214
p06_tone_control,aging,deep_work,55,0.247969185053702
p06_tone_control,aging,deep_work,56,0.248160089312715
p06_tone_control,aging,deep_work,57,0.213983698855759
p06_tone_control,aging,deep_work,58,0.250470295883652
p06_tone_control,aging,deep_work,59,0.231147041269753
p06_tone_control,aging,deep_work,60,0.236448768161491
p06_tone_control,aging,deep_work,61,0.224747603897514
p06_tone_control,aging,deep_work,62,0.246183225952433
p06_tone_control,aging,deep_work,63,0.245443500049868
p06_noise_random_pulse,aging,flow,0,0.373465474031905
p06_noise_random_pulse,aging,flow,1,0.398944569198527
p06_noise_random_pulse,aging,flow,2,0.375884280996735
p06_noise_random_pulse,aging,flow,3,0.330656446840014
p06_noise_random_pulse,aging,flow,4,0.356509228098936
p06_noise_random_pulse,aging,flow,5,0.323249068319994
p06_noise_random_pulse,aging,flow,6,0.436741578833556
p06_noise_random_pulse,aging,flow,7,0.321505081875312
p06_noise_random_pulse,aging,flow,8,0.289827651440471
p06_noise_random_pulse,aging,flow,9,0.381092007311797
p06_noise_random_pulse,aging,flow,10,0.376416253457310
p06_noise_random_pulse,aging,flow,11,0.370605446904798
p06_noise_random_pulse,aging,flow,12,0.320343686094264
p06_noise_random_pulse,aging,flow,13,0.456651097147598
p06_noise_random_pulse,aging,flow,14,0.162873450504733
p06_noise_random_pulse,aging,flow,15,0.367667911773761
p06_noise_random_pulse,aging,flow,16,0.317932028720563
p06_noise_random_pulse,aging,flow,17,0.369257391621520
p06_noise_random_pulse,aging,flow,18,0.388739388203961
p06_noise_random_pulse,aging,flow,19,0.347878635638638
p06_noise_random_pulse,aging,flow,20,0.356638105900720
p06_noise_random_pulse,aging,flow,21,0.361244887263166
p06_noise_random_pulse,aging,flow,22,0.295864940538071
p06_noise_random_pulse,aging,flow,23,0.314182168595910
p06_noise_random_pulse,aging,flow,24,0.324144509368347
p06_noise_random_pulse,aging,flow,25,0.373058595958128
p06_noise_random_pulse,aging,flow,26,0.354552692210782
p06_noise_random_pulse,aging,flow,27,0.431172467275299
p06_noise_random_pulse,aging,flow,28,0.414937171599837
p06_noise_random_pulse,aging,flow,29,0.290526543128354
p06_noise_random_pulse,aging,flow,30,0.386835150773712
p06_noise_random_pulse,aging,flow,31,0.372451783730131
p06_noise_random_pulse,aging,flow,32,0.386950549405620
p06_noise_random_pulse,aging,flow,33,0.315268362378614
p06_noise_random_pulse,aging,flow,34,0.367366517920208
p06_noise_random_pulse,aging,flow,35,0.381293800906878
p06_noise_random_pulse,aging,flow,36,0.395331589087384
p06_noise_random_pulse,aging,flow,37,0.306053881150846
p06_noise_random_pulse,aging,flow,38,0.388779658031564
p06_noise_random_pulse,aging,flow,39,0.347865466455816
p06_noise_random_pulse,aging,flow,40,0.320681601941012
p06_noise_random_pulse,aging,flow,41,0.312131086185423
p06_noise_random_pulse,aging,flow,42,0.318438624406792
p06_noise_random_pulse,aging,flow,43,0.284214537272258
p06_noise_random_pulse,aging,flow,44,0.345135376271408
p06_noise_random_pulse,aging,flow,45,0.402962110229350
p06_noise_random_pulse,aging,flow,46,0.409688055262903
p06_noise_random_pulse,aging,flow,47,0.384717727920768
p06_noise_random_pulse,aging,flow,48,0.351568779742128
p06_noise_random_pulse,aging,flow,49,0.335642537132019
p06_noise_random_pulse,aging,flow,50,0.368121322134215
p06_noise_random_pulse,aging,flow,51,0.330374148390371
p06_noise_random_pulse,aging,flow,52,0.337732349933161
p06_noise_random_pulse,aging,flow,53,0.400878795732128
p06_noise_random_pulse,aging,flow,54,0.311066372716165
p06_noise_random_pulse,aging,flow,55,0.350602220845409
p06_noise_random_pulse,aging,flow,56,0.380009477449290
p06_noise_random_pulse,aging,flow,57,0.374346868234293
p06_noise_random_pulse,aging,flow,58,0.217341234309127
p06_noise_random_pulse,aging,flow,59,0.278534602322564
p06_noise_random_pulse,aging,flow,60,0.383493466406572
p06_noise_random_pulse,aging,flow,61,0.342159363620400
p06_noise_random_pulse,aging,flow,62,0.289479101186298
p06_noise_random_pulse,aging,flow,63,0.287601053751393
p06_noise_random_walk,aging,flow,0,0.308506038313660
p06_noise_random_walk,aging,flow,1,0.372012925555012
p06_noise_random_walk,aging,flow,2,0.263165182576311
p06_noise_random_walk,aging,flow,3,0.390727662290065
p06_noise_random_walk,aging,flow,4,0.353631261461519
p06_noise_random_walk,aging,flow,5,0.282259454593331
p06_noise_random_walk,aging,flow,6,0.268786080747493
p06_noise_random_walk,aging,flow,7,0.353967110953524
p06_noise_random_walk,aging,flow,8,0.325305494817699
p06_noise_random_walk,aging,flow,9,0.331857927493626
p06_noise_random_walk,aging,flow,10,0.309912054869265
p06_noise_random_walk,aging,flow,11,0.321801766407483
p06_noise_random_walk,aging,flow,12,0.336674438719071
p06_noise_random_walk,aging,flow,13,0.348251906215510
p06_noise_random_walk,aging,flow,14,0.357833356060234
p06_noise_random_walk,aging,flow,15,0.474532079570869
p06_noise_random_walk,aging,flow,16,0.374152518616230
p06_noise_random_walk,aging,flow,17,0.367190956734585
p06_noise_random_walk,aging,flow,18,0.255610416834126
p06_noise_random_walk,aging,flow,19,0.312070059266469
p06_noise_random_walk,aging,flow,20,0.315709398584105
p06_noise_random_walk,aging,flow,21,0.264891989244607
p06_noise_random_walk,aging,flow,22,0.348915450217983
p06_noise_random_walk,aging,flow,23,0.309754962729538
p06_noise_random_walk,aging,flow,24,0.313994348634511
p06_noise_random_walk,aging,flow,25,0.269241603673464
p06_noise_random_walk,aging,flow,26,0.360153020347206
p06_noise_random_walk,aging,flow,27,0.326363256577225
p06_noise_random_walk,aging,flow,28,0.321868558768489
p06_noise_random_walk,aging,flow,29,0.325647766899450
p06_noise_random_walk,aging,flow,30,0.358364128182254
p06_noise_random_walk,aging,flow,31,0.380889584533536
p06_noise_random_walk,aging,flow,32,0.387551200290964
p06_noise_random_walk,aging,flow,33,0.253628674609784
p06_noise_random_walk,aging,flow,34,0.328313752722246
p06_noise_random_walk,aging,flow,35,0.359319858640908
p06_noise_random_walk,aging,flow,36,0.321786098079611
p06_noise_random_walk,aging,flow,37,0.387791685806916
p06_noise_random_walk,aging,flow,38,0.343095584959738
p06_noise_random_walk,aging,flow,39,0.335936586824493
p06_noise_random_walk,aging,flow,40,0.327272138815711
p06_noise_random_walk,aging,flow,41,0.371119320019909
p06_noise_random_walk,aging,flow,42,0.365233767671397
p06_noise_random_walk,aging,flow,43,0.324868257642145
p06_noise_random_walk,aging,flow,44,0.309504312769743
p06_noise_random_walk,aging,flow,45,0.317745603146704
p06_noise_random_walk,aging,flow,46,0.301989743567656
p06_noise_random_walk,aging,flow,47,0.283733384428368
p06_noise_random_walk,aging,flow,48,0.344930368747813
p06_noise_random_walk,aging,flow,49,0.291621146497354
p06_noise_random_walk,aging,flow,50,0.299420439665452
p06_noise_random_walk,aging,flow,51,0.345779705843013
p06_noise_random_walk,aging,flow,52,0.268063675791963
p06_noise_random_walk,aging,flow,53,0.347764196998183
p06_noise_random_walk,aging,flow,54,0.259826192042892
p06_noise_random_walk,aging,flow,55,0.259921451834107
p06_noise_random_walk,aging,flow,56,0.360239849011597
p06_noise_random_walk,aging,flow,57,0.323046674010893
p06_noise_random_walk,aging,flow,58,0.359382480963497
p06_noise_random_walk,aging,flow,59,0.334552706885341
p06_noise_random_walk,aging,flow,60,0.383663797959545
p06_noise_random_walk,aging,flow,61,0.320846542690164
p06_noise_random_walk,aging,flow,62,0.259781398995170
p06_noise_random_walk,aging,flow,63,0.250697531839029
p06_noise_room,aging,flow,0,0.332385733154187
p06_noise_room,aging,flow,1,0.340009580198882
p06_noise_room,aging,flow,2,0.328085951661666
p06_noise_room,aging,flow,3,0.323190712130351
p06_noise_room,aging,flow,4,0.296623377425197
p06_noise_room,aging,flow,5,0.317687907031153
p06_noise_room,aging,flow,6,0.344423384009990
p06_noise_room,aging,flow,7,0.334134370619946
p06_noise_room,aging,flow,8,0.354262316689723
p06_noise_room,aging,flow,9,0.372480516861199
p06_noise_room,aging,flow,10,0.345326119305654
p06_noise_room,aging,flow,11,0.485289124922963
p06_noise_room,aging,flow,12,0.338140643844628
p06_noise_room,aging,flow,13,0.309436498678491
p06_noise_room,aging,flow,14,0.315796022883886
p06_noise_room,aging,flow,15,0.468581760286663
p06_noise_room,aging,flow,16,0.388386673281625
p06_noise_room,aging,flow,17,0.375911239472405
p06_noise_room,aging,flow,18,0.292870668418896
p06_noise_room,aging,flow,19,0.361681881122391
p06_noise_room,aging,flow,20,0.342793575910073
p06_noise_room,aging,flow,21,0.342314691138999
p06_noise_room,aging,flow,22,0.305594960819268
p06_noise_room,aging,flow,23,0.329027010552994
p06_noise_room,aging,flow,24,0.370821471428374
p06_noise_room,aging,flow,25,0.299888073083888
p06_noise_room,aging,flow,26,0.330719074021951
p06_noise_room,aging,flow,27,0.391646855805596
p06_noise_room,aging,flow,28,0.343398900492275
p06_noise_room,aging,flow,29,0.342030205455518
p06_noise_room,aging,flow,30,0.336843453060175
p06_noise_room,aging,flow,31,0.298207092302165
p06_noise_room,aging,flow,32,0.383832231792754
p06_noise_room,aging,flow,33,0.309258202215683
p06_noise_room,aging,flow,34,0.332327004526015
p06_noise_room,aging,flow,35,0.334773547017522
p06_noise_room,aging,flow,36,0.495092241067669
p06_noise_room,aging,flow,37,0.368838494450674
p06_noise_room,aging,flow,38,0.322496772606631
p06_noise_room,aging,flow,39,0.325609188597488
p06_noise_room,aging,flow,40,0.337912065777569
p06_noise_room,aging,flow,41,0.310567987231938
p06_noise_room,aging,flow,42,0.380445139477217
p06_noise_room,aging,flow,43,0.356178263967711
p06_noise_room,aging,flow,44,0.306304410961477
p06_noise_room,aging,flow,45,0.174204519816836
p06_noise_room,aging,flow,46,0.378340313878221
p06_noise_room,aging,flow,47,0.283959446535174
p06_noise_room,aging,flow,48,0.334379781087895
p06_noise_room,aging,flow,49,0.336235979338609
p06_noise_room,aging,flow,50,0.210461652190133
p06_noise_room,aging,flow,51,0.439303866408790
p06_noise_room,aging,flow,52,0.339290879575447
p06_noise_room,aging,flow,53,0.371569218572098
p06_noise_room,aging,flow,54,0.353392537889171
p06_noise_room,aging,flow,55,0.301583453702918
p06_noise_room,aging,flow,56,0.348398488327251
p06_noise_room,aging,flow,57,0.345457483517145
p06_noise_room,aging,flow,58,0.332824999847892
p06_noise_room,aging,flow,59,0.417836026454599
p06_noise_room,aging,flow,60,0.339010273732576
p06_noise_room,aging,flow,61,0.380075524801894
p06_noise_room,aging,flow,62,0.298715351343932
p06_noise_room,aging,flow,63,0.339959736342149
p06_noise_static,aging,flow,0,0.357756735394381
p06_noise_static,aging,flow,1,0.383711995221503
p06_noise_static,aging,flow,2,0.324513479250525
p06_noise_static,aging,flow,3,0.339684924680112
p06_noise_static,aging,flow,4,0.437827199893445
p06_noise_static,aging,flow,5,0.292143412387429
p06_noise_static,aging,flow,6,0.370371526805167
p06_noise_static,aging,flow,7,0.409049295489145
p06_noise_static,aging,flow,8,0.305694098496789
p06_noise_static,aging,flow,9,0.334984276534411
p06_noise_static,aging,flow,10,0.331195458325787
p06_noise_static,aging,flow,11,0.384689202062403
p06_noise_static,aging,flow,12,0.322599202424020
p06_noise_static,aging,flow,13,0.360539026453386
p06_noise_static,aging,flow,14,0.362633784241669
p06_noise_static,aging,flow,15,0.334382347993431
p06_noise_static,aging,flow,16,0.368523976262360
p06_noise_static,aging,flow,17,0.370147206685621
p06_noise_static,aging,flow,18,0.186797326405439
p06_noise_static,aging,flow,19,0.347257561251988
p06_noise_static,aging,flow,20,0.300639734745612
p06_noise_static,aging,flow,21,0.323851771174347
p06_noise_static,aging,flow,22,0.314617758893740
p06_noise_static,aging,flow,23,0.260032666198049
p06_noise_static,aging,flow,24,0.325652624875805
p06_noise_static,aging,flow,25,0.280405433565829
p06_noise_static,aging,flow,26,0.378054265530100
p06_noise_static,aging,flow,27,0.262921873543321
p06_noise_static,aging,flow,28,0.297437028489601
p06_noise_static,aging,flow,29,0.388845567091523
p06_noise_static,aging,flow,30,0.391309637261855
p06_noise_static,aging,flow,31,0.314818912793736
p06_noise_static,aging,flow,32,0.334842598507423
p06_noise_static,aging,flow,33,0.317416545628573
p06_noise_static,aging,flow,34,0.365401339993561
p06_noise_static,aging,flow,35,0.370007641023822
p06_noise_static,aging,flow,36,0.337864186745436
p06_noise_static,aging,flow,37,0.331203551623273
p06_noise_static,aging,flow,38,0.339159908524191
p06_noise_static,aging,flow,39,0.321373482044749
p06_noise_static,aging,flow,40,0.344170950651754
p06_noise_static,aging,flow,41,0.280759930123133
p06_noise_static,aging,flow,42,0.366299445654566
p06_noise_static,aging,flow,43,0.455702086161221
p06_noise_static,aging,flow,44,0.281886250691212
p06_noise_static,aging,flow,45,0.357165820296468
p06_noise_static,aging,flow,46,0.335654555549693
p06_noise_static,aging,flow,47,0.411234983977997
p06_noise_static,aging,flow,48,0.359478549263680
p06_noise_static,aging,flow,49,0.343968863848271
p06_noise_static,aging,flow,50,0.342108886321103
p06_noise_static,aging,flow,51,0.328234610315575
p06_noise_static,aging,flow,52,0.322287047705480
p06_noise_static,aging,flow,53,0.279052284302037
p06_noise_static,aging,flow,54,0.361739515868982
p06_noise_static,aging,flow,55,0.392873679873244
p06_noise_static,aging,flow,56,0.386516831584154
p06_noise_static,aging,flow,57,0.293722232634412
p06_noise_static,aging,flow,58,0.331163878652095
p06_noise_static,aging,flow,59,0.349324114933487
p06_noise_static,aging,flow,60,0.342266534125452
p06_noise_static,aging,flow,61,0.314781581452044
p06_noise_static,aging,flow,62,0.340008332132692
p06_noise_static,aging,flow,63,0.311537971928873
p06_tone_control,aging,flow,0,0.129018701136065
p06_tone_control,aging,flow,1,0.129872492542951
p06_tone_control,aging,flow,2,0.123850057942838
p06_tone_control,aging,flow,3,0.130326852499519
p06_tone_control,aging,flow,4,0.129684605486632
p06_tone_control,aging,flow,5,0.129769013833339
p06_tone_control,aging,flow,6,0.127233557784322
p06_tone_control,aging,flow,7,0.126496616100960
p06_tone_control,aging,flow,8,0.126704993436849
p06_tone_control,aging,flow,9,0.129241818376321
p06_tone_control,aging,flow,10,0.129171370506434
p06_tone_control,aging,flow,11,0.128891535067959
p06_tone_control,aging,flow,12,0.127655263471803
p06_tone_control,aging,flow,13,0.127131139978302
p06_tone_control,aging,flow,14,0.128357448916612
p06_tone_control,aging,flow,15,0.128515254911825
p06_tone_control,aging,flow,16,0.124846690700224
p06_tone_control,aging,flow,17,0.127933933582274
p06_tone_control,aging,flow,18,0.130684539899962
p06_tone_control,aging,flow,19,0.130272987524858
p06_tone_control,aging,flow,20,0.129199757562146
p06_tone_control,aging,flow,21,0.128563193393513
p06_tone_control,aging,flow,22,0.130169795751503
p06_tone_control,aging,flow,23,0.125830800076866
p06_tone_control,aging,flow,24,0.129621018320242
p06_tone_control,aging,flow,25,0.128553087256863
p06_tone_control,aging,flow,26,0.129421602866884
p06_tone_control,aging,flow,27,0.128468695055287
p06_tone_control,aging,flow,28,0.128281000887846
p06_tone_control,aging,flow,29,0.129490039529231
p06_tone_control,aging,flow,30,0.128946558107943
p06_tone_control,aging,flow,31,0.126309306634837
p06_tone_control,aging,flow,32,0.126141957458847
p06_tone_control,aging,flow,33,0.128544222945457
p06_tone_control,aging,flow,34,0.125306262510485
p06_tone_control,aging,flow,35,0.128758689780098
p06_tone_control,aging,flow,36,0.130371646890286
p06_tone_control,aging,flow,37,0.125634353841351
p06_tone_control,aging,flow,38,0.130587642177237
p06_tone_control,aging,flow,39,0.126448176921388
p06_tone_control,aging,flow,40,0.128536533725097
p06_tone_control,aging,flow,41,0.128996839927324
p06_tone_control,aging,flow,42,0.130081997281203
p06_tone_control,aging,flow,43,0.129278888482605
p06_tone_control,aging,flow,44,0.129423464715818
p06_tone_control,aging,flow,45,0.127495775138223
p06_tone_control,aging,flow,46,0.128449757884767
p06_tone_control,aging,flow,47,0.129480621843713
p06_tone_control,aging,flow,48,0.129308235167626
p06_tone_control,aging,flow,49,0.129414930071342
p06_tone_control,aging,flow,50,0.129897217730920
p06_tone_control,aging,flow,51,0.129452288257307
p06_tone_control,aging,flow,52,0.128137686644979
p06_tone_control,aging,flow,53,0.127449887523161
p06_tone_control,aging,flow,54,0.129687823493811
p06_tone_control,aging,flow,55,0.129797348618717
p06_tone_control,aging,flow,56,0.129433394872297
p06_tone_control,aging,flow,57,0.122767262733645
p06_tone_control,aging,flow,58,0.129608171910749
p06_tone_control,aging,flow,59,0.126615064655768
p06_tone_control,aging,flow,60,0.123747479344291
p06_tone_control,aging,flow,61,0.124954630549920
p06_tone_control,aging,flow,62,0.126116209714365
p06_tone_control,aging,flow,63,0.128708502871096
p06_noise_random_pulse,aging,focus,0,0.196767008227412
p06_noise_random_pulse,aging,focus,1,0.269978432704184
p06_noise_random_pulse,aging,focus,2,0.199473035238059
p06_noise_random_pulse,aging,focus,3,0.199988843425488
p06_noise_random_pulse,aging,focus,4,0.202206495778318
p06_noise_random_pulse,aging,focus,5,0.188184368108664
p06_noise_random_pulse,aging,focus,6,0.302729416441444
p06_noise_random_pulse,aging,focus,7,0.168611323066597
p06_noise_random_pulse,aging,focus,8,0.114561199421007
p06_noise_random_pulse,aging,focus,9,0.206656838341370
p06_noise_random_pulse,aging,focus,10,0.215142278528118
p06_noise_random_pulse,aging,focus,11,0.193669601131914
p06_noise_random_pulse,aging,focus,12,0.168087537328752
p06_noise_random_pulse,aging,focus,13,0.292881997335776
p06_noise_random_pulse,aging,focus,14,0.063315487149062
p06_noise_random_pulse,aging,focus,15,0.203497059641100
p06_noise_random_pulse,aging,focus,16,0.170711659957463
p06_noise_random_pulse,aging,focus,17,0.206922644464822
p06_noise_random_pulse,aging,focus,18,0.225464666398648
p06_noise_random_pulse,aging,focus,19,0.178521978448408
p06_noise_random_pulse,aging,focus,20,0.197025295244729
p06_noise_random_pulse,aging,focus,21,0.216448128172249
p06_noise_random_pulse,aging,focus,22,0.135244492594338
p06_noise_random_pulse,aging,focus,23,0.168854130191150
p06_noise_random_pulse,aging,focus,24,0.196440107813680
p06_noise_random_pulse,aging,focus,25,0.223045089922952
p06_noise_random_pulse,aging,focus,26,0.195478080813513
p06_noise_random_pulse,aging,focus,27,0.324349724251960
p06_noise_random_pulse,aging,focus,28,0.287981912364146
p06_noise_random_pulse,aging,focus,29,0.158789784389073
p06_noise_random_pulse,aging,focus,30,0.220800802561441
p06_noise_random_pulse,aging,focus,31,0.216803386694543
p06_noise_random_pulse,aging,focus,32,0.234220108656017
p06_noise_random_pulse,aging,focus,33,0.161529491056710
p06_noise_random_pulse,aging,focus,34,0.226967642979992
p06_noise_random_pulse,aging,focus,35,0.241912447468393
p06_noise_random_pulse,aging,focus,36,0.278420277864839
p06_noise_random_pulse,aging,focus,37,0.149703489592402
p06_noise_random_pulse,aging,focus,38,0.219146468030196
p06_noise_random_pulse,aging,focus,39,0.195070914676152
p06_noise_random_pulse,aging,focus,40,0.174586350907727
p06_noise_random_pulse,aging,focus,41,0.184133610447697
p06_noise_random_pulse,aging,focus,42,0.149915290755000
p06_noise_random_pulse,aging,focus,43,0.119502203948312
p06_noise_random_pulse,aging,focus,44,0.196127320236108
p06_noise_random_pulse,aging,focus,45,0.246485731942687
p06_noise_random_pulse,aging,focus,46,0.209442522956065
p06_noise_random_pulse,aging,focus,47,0.258492424647856
p06_noise_random_pulse,aging,focus,48,0.198565216324965
p06_noise_random_pulse,aging,focus,49,0.177772893790480
p06_noise_random_pulse,aging,focus,50,0.220667440581763
p06_noise_random_pulse,aging,focus,51,0.178905953579064
p06_noise_random_pulse,aging,focus,52,0.182037603939706
p06_noise_random_pulse,aging,focus,53,0.273540648369657
p06_noise_random_pulse,aging,focus,54,0.168624290987091
p06_noise_random_pulse,aging,focus,55,0.214680512230758
p06_noise_random_pulse,aging,focus,56,0.220767888451348
p06_noise_random_pulse,aging,focus,57,0.210336433661207
p06_noise_random_pulse,aging,focus,58,0.100651400179036
p06_noise_random_pulse,aging,focus,59,0.132852977764044
p06_noise_random_pulse,aging,focus,60,0.255504507454653
p06_noise_random_pulse,aging,focus,61,0.213841977001089
p06_noise_random_pulse,aging,focus,62,0.115785866686181
p06_noise_random_pulse,aging,focus,63,0.219259908125648
p06_noise_random_walk,aging,focus,0,0.175849763919327
p06_noise_random_walk,aging,focus,1,0.217618790478007
p06_noise_random_walk,aging,focus,2,0.125777728848927
p06_noise_random_walk,aging,focus,3,0.271892021190088
p06_noise_random_walk,aging,focus,4,0.232785180905088
p06_noise_random_walk,aging,focus,5,0.123942381394892
p06_noise_random_walk,aging,focus,6,0.130954340382493
p06_noise_random_walk,aging,focus,7,0.220129788897851
p06_noise_random_walk,aging,focus,8,0.191021475583189
p06_noise_random_walk,aging,focus,9,0.215876078382400
p06_noise_random_walk,aging,focus,10,0.159206731884542
p06_noise_random_walk,aging,focus,11,0.192759094112129
p06_noise_random_walk,aging,focus,12,0.218794254063950
p06_noise_random_walk,aging,focus,13,0.187645263389525
p06_noise_random_walk,aging,focus,14,0.213331291595695
p06_noise_random_walk,aging,focus,15,0.255045342548727
p06_noise_random_walk,aging,focus,16,0.269390436344906
p06_noise_random_walk,aging,focus,17,0.232695301298777
p06_noise_random_walk,aging,focus,18,0.090109105456872
p06_noise_random_walk,aging,focus,19,0.173839600756728
p06_noise_random_walk,aging,focus,20,0.168927513802206
p06_noise_random_walk,aging,focus,21,0.152082420028716
p06_noise_random_walk,aging,focus,22,0.258476148080451
p06_noise_random_walk,aging,focus,23,0.181495088420751
p06_noise_random_walk,aging,focus,24,0.187760804228247
p06_noise_random_walk,aging,focus,25,0.124653857320771
p06_noise_random_walk,aging,focus,26,0.249843653835792
p06_noise_random_walk,aging,focus,27,0.192087294477035
p06_noise_random_walk,aging,focus,28,0.203991919083096
p06_noise_random_walk,aging,focus,29,0.142827462832718
p06_noise_random_walk,aging,focus,30,0.223578018351589
p06_noise_random_walk,aging,focus,31,0.265400149246404
p06_noise_random_walk,aging,focus,32,0.249151602554576
p06_noise_random_walk,aging,focus,33,0.126890443068961
p06_noise_random_walk,aging,focus,34,0.225916310142305
p06_noise_random_walk,aging,focus,35,0.242731111945938
p06_noise_random_walk,aging,focus,36,0.171547667350560
p06_noise_random_walk,aging,focus,37,0.256750236084942
p06_noise_random_walk,aging,focus,38,0.215870887319904
p06_noise_random_walk,aging,focus,39,0.201029071795020
p06_noise_random_walk,aging,focus,40,0.219834945896505
p06_noise_random_walk,aging,focus,41,0.246364072168076
p06_noise_random_walk,aging,focus,42,0.238747504032042
p06_noise_random_walk,aging,focus,43,0.214172040938883
p06_noise_random_walk,aging,focus,44,0.162154903484046
p06_noise_random_walk,aging,focus,45,0.182960427220110
p06_noise_random_walk,aging,focus,46,0.144150992916252
p06_noise_random_walk,aging,focus,47,0.182713194558873
p06_noise_random_walk,aging,focus,48,0.237574300867329
p06_noise_random_walk,aging,focus,49,0.130565418319259
p06_noise_random_walk,aging,focus,50,0.184182597147858
p06_noise_random_walk,aging,focus,51,0.215120563200140
p06_noise_random_walk,aging,focus,52,0.124895821939892
p06_noise_random_walk,aging,focus,53,0.242763667240651
p06_noise_random_walk,aging,focus,54,0.123129066773645
p06_noise_random_walk,aging,focus,55,0.128831598862265
p06_noise_random_walk,aging,focus,56,0.248663997455265
p06_noise_random_walk,aging,focus,57,0.221578527654825
p06_noise_random_walk,aging,focus,58,0.237640155877951
p06_noise_random_walk,aging,focus,59,0.220887392360203
p06_noise_random_walk,aging,focus,60,0.282298110034110
p06_noise_random_walk,aging,focus,61,0.194357450168687
p06_noise_random_walk,aging,focus,62,0.126069788308041
p06_noise_random_walk,aging,focus,63,0.111874699863140
p06_noise_room,aging,focus,0,0.168325640982479
p06_noise_room,aging,focus,1,0.179087955801729
p06_noise_room,aging,focus,2,0.181175251007939
p06_noise_room,aging,focus,3,0.163183733422529
p06_noise_room,aging,focus,4,0.149962571626735
p06_noise_room,aging,focus,5,0.182739298949406
p06_noise_room,aging,focus,6,0.204178384052155
p06_noise_room,aging,focus,7,0.178688837310725
p06_noise_room,aging,focus,8,0.220613185187043
p06_noise_room,aging,focus,9,0.217806620516153
p06_noise_room,aging,focus,10,0.191713137584579
p06_noise_room,aging,focus,11,0.370981186821610
p06_noise_room,aging,focus,12,0.179301333061942
p06_noise_room,aging,focus,13,0.145898519576363
p06_noise_room,aging,focus,14,0.179678240690815
p06_noise_room,aging,focus,15,0.346034778400162
p06_noise_room,aging,focus,16,0.228430436913857
p06_noise_room,aging,focus,17,0.210688425422964
p06_noise_room,aging,focus,18,0.124243624642863
p06_noise_room,aging,focus,19,0.223432475494505
p06_noise_room,aging,focus,20,0.182486483185914
p06_noise_room,aging,focus,21,0.168786019335940
p06_noise_room,aging,focus,22,0.126546265253339
p06_noise_room,aging,focus,23,0.170529689718227
p06_noise_room,aging,focus,24,0.249605992678650
p06_noise_room,aging,focus,25,0.137766703271156
p06_noise_room,aging,focus,26,0.164596226319129
p06_noise_room,aging,focus,27,0.255819503671001
p06_noise_room,aging,focus,28,0.199216187149599
p06_noise_room,aging,focus,29,0.201182640392543
p06_noise_room,aging,focus,30,0.216151975410287
p06_noise_room,aging,focus,31,0.154452510438108
p06_noise_room,aging,focus,32,0.218635990647770
p06_noise_room,aging,focus,33,0.145681560371920
p06_noise_room,aging,focus,34,0.172869292883431
p06_noise_room,aging,focus,35,0.191898390901676
p06_noise_room,aging,focus,36,0.305644505879900
p06_noise_room,aging,focus,37,0.210482138521417
p06_noise_room,aging,focus,38,0.173450562959981
p06_noise_room,aging,focus,39,0.164763801520421
p06_noise_room,aging,focus,40,0.234194712621474
p06_noise_room,aging,focus,41,0.151410778267403
p06_noise_room,aging,focus,42,0.228319309636257
p06_noise_room,aging,focus,43,0.229938142260972
p06_noise_room,aging,focus,44,0.131900508700173
p06_noise_room,aging,focus,45,0.056438893310434
p06_noise_room,aging,focus,46,0.237839924145996
p06_noise_room,aging,focus,47,0.199687531276218
p06_noise_room,aging,focus,48,0.168989782076237
p06_noise_room,aging,focus,49,0.153445616480144
p06_noise_room,aging,focus,50,0.143467056004995
p06_noise_room,aging,focus,51,0.327829737913050
p06_noise_room,aging,focus,52,0.172742551479025
p06_noise_room,aging,focus,53,0.217960693042543
p06_noise_room,aging,focus,54,0.189088958152541
p06_noise_room,aging,focus,55,0.124447035800480
p06_noise_room,aging,focus,56,0.211641415338055
p06_noise_room,aging,focus,57,0.176804196298279
p06_noise_room,aging,focus,58,0.151448371615495
p06_noise_room,aging,focus,59,0.317756121312816
p06_noise_room,aging,focus,60,0.185395879204199
p06_noise_room,aging,focus,61,0.226595311811385
p06_noise_room,aging,focus,62,0.145406589385828
p06_noise_room,aging,focus,63,0.213462900565580
p06_noise_static,aging,focus,0,0.217337869252611
p06_noise_static,aging,focus,1,0.217579599737113
p06_noise_static,aging,focus,2,0.154668361260523
p06_noise_static,aging,focus,3,0.196349655776568
p06_noise_static,aging,focus,4,0.299238293210684
p06_noise_static,aging,focus,5,0.122922384402490
p06_noise_static,aging,focus,6,0.157805767904696
p06_noise_static,aging,focus,7,0.247337105755756
p06_noise_static,aging,focus,8,0.137951505187404
p06_noise_static,aging,focus,9,0.147868280042587
p06_noise_static,aging,focus,10,0.175465952821726
p06_noise_static,aging,focus,11,0.226647677988377
p06_noise_static,aging,focus,12,0.168417669642260
p06_noise_static,aging,focus,13,0.197959549153830
p06_noise_static,aging,focus,14,0.218441315594230
p06_noise_static,aging,focus,15,0.195084562262072
p06_noise_static,aging,focus,16,0.221499308363486
p06_noise_static,aging,focus,17,0.204611331866525
p06_noise_static,aging,focus,18,0.050184414864597
p06_noise_static,aging,focus,19,0.161125492469546
p06_noise_static,aging,focus,20,0.140508790080629
p06_noise_static,aging,focus,21,0.136974076889397
p06_noise_static,aging,focus,22,0.142202343292327
p06_noise_static,aging,focus,23,0.105585233245323
p06_noise_static,aging,focus,24,0.168039067788729
p06_noise_static,aging,focus,25,0.124841793622592
p06_noise_static,aging,focus,26,0.160242847677307
p06_noise_static,aging,focus,27,0.104989552752709
p06_noise_static,aging,focus,28,0.119500496030623
p06_noise_static,aging,focus,29,0.218653124907306
p06_noise_static,aging,focus,30,0.310405455091537
p06_noise_static,aging,focus,31,0.149663049440538
p06_noise_static,aging,focus,32,0.191367273253696
p06_noise_static,aging,focus,33,0.171443661131279
p06_noise_static,aging,focus,34,0.193728942389737
p06_noise_static,aging,focus,35,0.184104444404455
p06_noise_static,aging,focus,36,0.168180203969465
p06_noise_static,aging,focus,37,0.148987022715516
p06_noise_static,aging,focus,38,0.179901976744273
p06_noise_static,aging,focus,39,0.158406898271740
p06_noise_static,aging,focus,40,0.191990033394567
p06_noise_static,aging,focus,41,0.107947778348288
p06_noise_static,aging,focus,42,0.207232850671545
p06_noise_static,aging,focus,43,0.320768280511059
p06_noise_static,aging,focus,44,0.165058335014148
p06_noise_static,aging,focus,45,0.197341086691974
p06_noise_static,aging,focus,46,0.170041640940507
p06_noise_static,aging,focus,47,0.220016960334821
p06_noise_static,aging,focus,48,0.211952127202891
p06_noise_static,aging,focus,49,0.166882383983216
p06_noise_static,aging,focus,50,0.165979060055038
p06_noise_static,aging,focus,51,0.169488756456686
p06_noise_static,aging,focus,52,0.160273101900127
p06_noise_static,aging,focus,53,0.091123300378143
p06_noise_static,aging,focus,54,0.225580570773536
p06_noise_static,aging,focus,55,0.260064846259201
p06_noise_static,aging,focus,56,0.230539971685008
p06_noise_static,aging,focus,57,0.138680168079239
p06_noise_static,aging,focus,58,0.180090905929036
p06_noise_static,aging,focus,59,0.196417769724628
p06_noise_static,aging,focus,60,0.160137090197791
p06_noise_static,aging,focus,61,0.149275659593495
p06_noise_static,aging,focus,62,0.155176011721857
p06_noise_static,aging,focus,63,0.156360232072807
p06_tone_control,aging,focus,0,0.038410458950231
p06_tone_control,aging,focus,1,0.037997564613526
p06_tone_control,aging,focus,2,0.038347850223873
p06_tone_control,aging,focus,3,0.037910160531515
p06_tone_control,aging,focus,4,0.038162302131895
p06_tone_control,aging,focus,5,0.038362072401201
p06_tone_control,aging,focus,6,0.037165448377455
p06_tone_control,aging,focus,7,0.039100453925629
p06_tone_control,aging,focus,8,0.037845888505822
p06_tone_control,aging,focus,9,0.037338440294386
p06_tone_control,aging,focus,10,0.037667474391678
p06_tone_control,aging,focus,11,0.037612365576101
p06_tone_control,aging,focus,12,0.037351931946320
p06_tone_control,aging,focus,13,0.038227104694091
p06_tone_control,aging,focus,14,0.037930183172401
p06_tone_control,aging,focus,15,0.037328777244971
p06_tone_control,aging,focus,16,0.037358220511695
p06_tone_control,aging,focus,17,0.037181001123720
p06_tone_control,aging,focus,18,0.039481862851593
p06_tone_control,aging,focus,19,0.037744577932320
p06_tone_control,aging,focus,20,0.037709001591070
p06_tone_control,aging,focus,21,0.038916168369088
p06_tone_control,aging,focus,22,0.037758174377200
p06_tone_control,aging,focus,23,0.037440022640196
p06_tone_control,aging,focus,24,0.037763268469046
p06_tone_control,aging,focus,25,0.037495168195757
p06_tone_control,aging,focus,26,0.037700244063804
p06_tone_control,aging,focus,27,0.037963400950317
p06_tone_control,aging,focus,28,0.037730165580182
p06_tone_control,aging,focus,29,0.038865769907414
p06_tone_control,aging,focus,30,0.037683061285831
p06_tone_control,aging,focus,31,0.038420366687173
p06_tone_control,aging,focus,32,0.039300686175022
p06_tone_control,aging,focus,33,0.037386973892066
p06_tone_control,aging,focus,34,0.037367097005894
p06_tone_control,aging,focus,35,0.038609322903637
p06_tone_control,aging,focus,36,0.038212801148140
p06_tone_control,aging,focus,37,0.037444491497649
p06_tone_control,aging,focus,38,0.038027363191960
p06_tone_control,aging,focus,39,0.037544297638036
p06_tone_control,aging,focus,40,0.038107308115636
p06_tone_control,aging,focus,41,0.038073022418906
p06_tone_control,aging,focus,42,0.037641683088854
p06_tone_control,aging,focus,43,0.037346324579906
p06_tone_control,aging,focus,44,0.038124428048309
p06_tone_control,aging,focus,45,0.037804545193575
p06_tone_control,aging,focus,46,0.037272398736773
p06_tone_control,aging,focus,47,0.037979050941936
p06_tone_control,aging,focus,48,0.037773131106114
p06_tone_control,aging,focus,49,0.038009244923039
p06_tone_control,aging,focus,50,0.037709425975008
p06_tone_control,aging,focus,51,0.037917158666858
p06_tone_control,aging,focus,52,0.037547511296475
p06_tone_control,aging,focus,53,0.037769633103802
p06_tone_control,aging,focus,54,0.037520158038256
p06_tone_control,aging,focus,55,0.037854655034772
p06_tone_control,aging,focus,56,0.037863028242759
p06_tone_control,aging,focus,57,0.037292584199443
p06_tone_control,aging,focus,58,0.037932703958001
p06_tone_control,aging,focus,59,0.037484781214573
p06_tone_control,aging,focus,60,0.037528055437792
p06_tone_control,aging,focus,61,0.037380284401307
p06_tone_control,aging,focus,62,0.037802656131936
p06_tone_control,aging,focus,63,0.037690570105147
p06_noise_random_pulse,aging,ignition,0,0.136636217611329
p06_noise_random_pulse,aging,ignition,1,0.137550798929135
p06_noise_random_pulse,aging,ignition,2,0.145662987306780
p06_noise_random_pulse,aging,ignition,3,0.151807812581763
p06_noise_random_pulse,aging,ignition,4,0.133345026281912
p06_noise_random_pulse,aging,ignition,5,0.137488103850926
p06_noise_random_pulse,aging,ignition,6,0.187915332661040
p06_noise_random_pulse,aging,ignition,7,0.121993486013842
p06_noise_random_pulse,aging,ignition,8,0.084782102598044
p06_noise_random_pulse,aging,ignition,9,0.147249211896054
p06_noise_random_pulse,aging,ignition,10,0.167982573970067
p06_noise_random_pulse,aging,ignition,11,0.135386415048124
p06_noise_random_pulse,aging,ignition,12,0.123469811919560
p06_noise_random_pulse,aging,ignition,13,0.189735107808779
p06_noise_random_pulse,aging,ignition,14,0.053645663561989
p06_noise_random_pulse,aging,ignition,15,0.146292616897224
p06_noise_random_pulse,aging,ignition,16,0.118713495175029
p06_noise_random_pulse,aging,ignition,17,0.146883477748886
p06_noise_random_pulse,aging,ignition,18,0.171473399742745
p06_noise_random_pulse,aging,ignition,19,0.129862378501162
p06_noise_random_pulse,aging,ignition,20,0.140385285304610
p06_noise_random_pulse,aging,ignition,21,0.193320223458224
p06_noise_random_pulse,aging,ignition,22,0.096388251794071
p06_noise_random_pulse,aging,ignition,23,0.127594774731551
p06_noise_random_pulse,aging,ignition,24,0.080350320439981
p06_noise_random_pulse,aging,ignition,25,0.163042827379336
p06_noise_random_pulse,aging,ignition,26,0.142848572183749
p06_noise_random_pulse,aging,ignition,27,0.173038709749197
p06_noise_random_pulse,aging,ignition,28,0.155798093030090
p06_noise_random_pulse,aging,ignition,29,0.112670388813324
p06_noise_random_pulse,aging,ignition,30,0.152198015524195
p06_noise_random_pulse,aging,ignition,31,0.169708810642482
p06_noise_random_pulse,aging,ignition,32,0.169251878403728
p06_noise_random_pulse,aging,ignition,33,0.116314341394010
p06_noise_random_pulse,aging,ignition,34,0.166006888268824
p06_noise_random_pulse,aging,ignition,35,0.134092214002829
p06_noise_random_pulse,aging,ignition,36,0.144771299559043
p06_noise_random_pulse,aging,ignition,37,0.106013349483765
p06_noise_random_pulse,aging,ignition,38,0.159105967202951
p06_noise_random_pulse,aging,ignition,39,0.143514950856064
p06_noise_random_pulse,aging,ignition,40,0.129061774119270
p06_noise_random_pulse,aging,ignition,41,0.135097525231734
p06_noise_random_pulse,aging,ignition,42,0.107188438447691
p06_noise_random_pulse,aging,ignition,43,0.087707791327816
p06_noise_random_pulse,aging,ignition,44,0.140385742092229
p06_noise_random_pulse,aging,ignition,45,0.183337201375163
p06_noise_random_pulse,aging,ignition,46,0.274179801038227
p06_noise_random_pulse,aging,ignition,47,0.203368018791786
p06_noise_random_pulse,aging,ignition,48,0.147757729428124
p06_noise_random_pulse,aging,ignition,49,0.129394546869836
p06_noise_random_pulse,aging,ignition,50,0.147753463481867
p06_noise_random_pulse,aging,ignition,51,0.132715021668509
p06_noise_random_pulse,aging,ignition,52,0.134672757695793
p06_noise_random_pulse,aging,ignition,53,0.158129022071843
p06_noise_random_pulse,aging,ignition,54,0.125948616020003
p06_noise_random_pulse,aging,ignition,55,0.165735737035330
p06_noise_random_pulse,aging,ignition,56,0.162667899344465
p06_noise_random_pulse,aging,ignition,57,0.153475279511414
p06_noise_random_pulse,aging,ignition,58,0.204453764370343
p06_noise_random_pulse,aging,ignition,59,0.103490573622578
p06_noise_random_pulse,aging,ignition,60,0.198746261303227
p06_noise_random_pulse,aging,ignition,61,0.163746430123816
p06_noise_random_pulse,aging,ignition,62,0.083950365463851
p06_noise_random_pulse,aging,ignition,63,0.117809210100852
p06_noise_random_walk,aging,ignition,0,0.122536660097754
p06_noise_random_walk,aging,ignition,1,0.226578368654770
p06_noise_random_walk,aging,ignition,2,0.092750729003554
p06_noise_random_walk,aging,ignition,3,0.214742265568934
p06_noise_random_walk,aging,ignition,4,0.164970249641661
p06_noise_random_walk,aging,ignition,5,0.114766274832491
p06_noise_random_walk,aging,ignition,6,0.103043341624231
p06_noise_random_walk,aging,ignition,7,0.159136859291292
p06_noise_random_walk,aging,ignition,8,0.147784754964141
p06_noise_random_walk,aging,ignition,9,0.227993293028627
p06_noise_random_walk,aging,ignition,10,0.234372319213217
p06_noise_random_walk,aging,ignition,11,0.143293125601070
p06_noise_random_walk,aging,ignition,12,0.224813588843697
p06_noise_random_walk,aging,ignition,13,0.145961612771620
p06_noise_random_walk,aging,ignition,14,0.201138379939175
p06_noise_random_walk,aging,ignition,15,0.233595106959470
p06_noise_random_walk,aging,ignition,16,0.266439120194793
p06_noise_random_walk,aging,ignition,17,0.171595602190711
p06_noise_random_walk,aging,ignition,18,0.070280188786305
p06_noise_random_walk,aging,ignition,19,0.123452418727345
p06_noise_random_walk,aging,ignition,20,0.136623317591185
p06_noise_random_walk,aging,ignition,21,0.128031522977486
p06_noise_random_walk,aging,ignition,22,0.263022080348840
p06_noise_random_walk,aging,ignition,23,0.134944051144415
p06_noise_random_walk,aging,ignition,24,0.138710360483578
p06_noise_random_walk,aging,ignition,25,0.092750366064405
p06_noise_random_walk,aging,ignition,26,0.184384890185949
p06_noise_random_walk,aging,ignition,27,0.198713814679664
p06_noise_random_walk,aging,ignition,28,0.144434073703865
p06_noise_random_walk,aging,ignition,29,0.101507718836831
p06_noise_random_walk,aging,ignition,30,0.153043731347349
p06_noise_random_walk,aging,ignition,31,0.205747052827155
p06_noise_random_walk,aging,ignition,32,0.193604603195395
p06_noise_random_walk,aging,ignition,33,0.096576662280049
p06_noise_random_walk,aging,ignition,34,0.164122019543883
p06_noise_random_walk,aging,ignition,35,0.188648161838198
p06_noise_random_walk,aging,ignition,36,0.131123902324602
p06_noise_random_walk,aging,ignition,37,0.190051397142900
p06_noise_random_walk,aging,ignition,38,0.150155178798775
p06_noise_random_walk,aging,ignition,39,0.139475109522012
p06_noise_random_walk,aging,ignition,40,0.231580158721552
p06_noise_random_walk,aging,ignition,41,0.200879207822835
p06_noise_random_walk,aging,ignition,42,0.173257526653233
p06_noise_random_walk,aging,ignition,43,0.215537565581385
p06_noise_random_walk,aging,ignition,44,0.115836758113057
p06_noise_random_walk,aging,ignition,45,0.127588296544790
p06_noise_random_walk,aging,ignition,46,0.116431008814416
p06_noise_random_walk,aging,ignition,47,0.143880780754335
p06_noise_random_walk,aging,ignition,48,0.212199475741006
p06_noise_random_walk,aging,ignition,49,0.097259677102057
p06_noise_random_walk,aging,ignition,50,0.128699643715812
p06_noise_random_walk,aging,ignition,51,0.150128776543689
p06_noise_random_walk,aging,ignition,52,0.102843802046723
p06_noise_random_walk,aging,ignition,53,0.221451664214460
p06_noise_random_walk,aging,ignition,54,0.096797190320399
p06_noise_random_walk,aging,ignition,55,0.096398972743299
p06_noise_random_walk,aging,ignition,56,0.180768369507825
p06_noise_random_walk,aging,ignition,57,0.165023632329304
p06_noise_random_walk,aging,ignition,58,0.214517078764089
p06_noise_random_walk,aging,ignition,59,0.193901009567885
p06_noise_random_walk,aging,ignition,60,0.207823640977953
p06_noise_random_walk,aging,ignition,61,0.171057338212148
p06_noise_random_walk,aging,ignition,62,0.103828078208905
p06_noise_random_walk,aging,ignition,63,0.084861701550720
p06_noise_room,aging,ignition,0,0.204059579335067
p06_noise_room,aging,ignition,1,0.211290591892410
p06_noise_room,aging,ignition,2,0.131098892107996
p06_noise_room,aging,ignition,3,0.183390383904076
p06_noise_room,aging,ignition,4,0.193616958548868
p06_noise_room,aging,ignition,5,0.210042919482610
p06_noise_room,aging,ignition,6,0.173232720464623
p06_noise_room,aging,ignition,7,0.193176969242266
p06_noise_room,aging,ignition,8,0.236684616122601
p06_noise_room,aging,ignition,9,0.188495198372634
p06_noise_room,aging,ignition,10,0.214674652454033
p06_noise_room,aging,ignition,11,0.198094683952035
p06_noise_room,aging,ignition,12,0.209200126050073
p06_noise_room,aging,ignition,13,0.145821913486010
p06_noise_room,aging,ignition,14,0.146717080682196
p06_noise_room,aging,ignition,15,0.277626660485140
p06_noise_room,aging,ignition,16,0.225932201488786
p06_noise_room,aging,ignition,17,0.180320599791094
p06_noise_room,aging,ignition,18,0.209202458062635
p06_noise_room,aging,ignition,19,0.200715733807365
p06_noise_room,aging,ignition,20,0.210788116502455
p06_noise_room,aging,ignition,21,0.194082570604216
p06_noise_room,aging,ignition,22,0.148234782551388
p06_noise_room,aging,ignition,23,0.191401108826276
p06_noise_room,aging,ignition,24,0.217892708149452
p06_noise_room,aging,ignition,25,0.115319743580919
p06_noise_room,aging,ignition,26,0.196298444952910
p06_noise_room,aging,ignition,27,0.199517427698546
p06_noise_room,aging,ignition,28,0.199504495536599
p06_noise_room,aging,ignition,29,0.217196245497114
p06_noise_room,aging,ignition,30,0.271437611787315
p06_noise_room,aging,ignition,31,0.117455243219972
p06_noise_room,aging,ignition,32,0.166393226223022
p06_noise_room,aging,ignition,33,0.115524445800068
p06_noise_room,aging,ignition,34,0.203078771648533
p06_noise_room,aging,ignition,35,0.222421716615334
p06_noise_room,aging,ignition,36,0.279894335825617
p06_noise_room,aging,ignition,37,0.238172564911864
p06_noise_room,aging,ignition,38,0.118802756750279
p06_noise_room,aging,ignition,39,0.194808199563883
p06_noise_room,aging,ignition,40,0.340009551383728
p06_noise_room,aging,ignition,41,0.114675203866138
p06_noise_room,aging,ignition,42,0.194705207846751
p06_noise_room,aging,ignition,43,0.163307914718770
p06_noise_room,aging,ignition,44,0.174562573530399
p06_noise_room,aging,ignition,45,0.054582072703121
p06_noise_room,aging,ignition,46,0.167578847755880
p06_noise_room,aging,ignition,47,0.085657854089136
p06_noise_room,aging,ignition,48,0.195834649494804
p06_noise_room,aging,ignition,49,0.108486770327694
p06_noise_room,aging,ignition,50,0.071652559569358
p06_noise_room,aging,ignition,51,0.249587834009208
p06_noise_room,aging,ignition,52,0.287553230342770
p06_noise_room,aging,ignition,53,0.198834777224312
p06_noise_room,aging,ignition,54,0.183576014997551
p06_noise_room,aging,ignition,55,0.091327375810062
p06_noise_room,aging,ignition,56,0.199029161423224
p06_noise_room,aging,ignition,57,0.206039092152433
p06_noise_room,aging,ignition,58,0.172487805239766
p06_noise_room,aging,ignition,59,0.225300336883474
p06_noise_room,aging,ignition,60,0.202986437933452
p06_noise_room,aging,ignition,61,0.185905081022378
p06_noise_room,aging,ignition,62,0.165398059201233
p06_noise_room,aging,ignition,63,0.288154350673123
p06_noise_static,aging,ignition,0,0.204669708387089
p06_noise_static,aging,ignition,1,0.196210364541126
p06_noise_static,aging,ignition,2,0.286752587988466
p06_noise_static,aging,ignition,3,0.132296213950490
p06_noise_static,aging,ignition,4,0.171463899600820
p06_noise_static,aging,ignition,5,0.084607041636515
p06_noise_static,aging,ignition,6,0.186633138311107
p06_noise_static,aging,ignition,7,0.163181831702854
p06_noise_static,aging,ignition,8,0.139266431694690
p06_noise_static,aging,ignition,9,0.101629538199987
p06_noise_static,aging,ignition,10,0.272935848950066
p06_noise_static,aging,ignition,11,0.153212233398337
p06_noise_static,aging,ignition,12,0.119791970301091
p06_noise_static,aging,ignition,13,0.132462622447894
p06_noise_static,aging,ignition,14,0.218026911673943
p06_noise_static,aging,ignition,15,0.130805995926191
p06_noise_static,aging,ignition,16,0.147831805944929
p06_noise_static,aging,ignition,17,0.136050547635880
p06_noise_static,aging,ignition,18,0.045043128663125
p06_noise_static,aging,ignition,19,0.198944082723201
p06_noise_static,aging,ignition,20,0.093161346673235
p06_noise_static,aging,ignition,21,0.102411280510106
p06_noise_static,aging,ignition,22,0.187206234959563
p06_noise_static,aging,ignition,23,0.073720518370623
p06_noise_static,aging,ignition,24,0.180634450426801
p06_noise_static,aging,ignition,25,0.087136245302952
p06_noise_static,aging,ignition,26,0.172692334544401
p06_noise_static,aging,ignition,27,0.074249988478660
p06_noise_static,aging,ignition,28,0.083545177195653
p06_noise_static,aging,ignition,29,0.157810675125533
p06_noise_static,aging,ignition,30,0.188078963554970
p06_noise_static,aging,ignition,31,0.297238438462949
p06_noise_static,aging,ignition,32,0.189087560907549
p06_noise_static,aging,ignition,33,0.116282335458538
p06_noise_static,aging,ignition,34,0.128288748550073
p06_noise_static,aging,ignition,35,0.200598069564593
p06_noise_static,aging,ignition,36,0.208435893743436
p06_noise_static,aging,ignition,37,0.240512956949408
p06_noise_static,aging,ignition,38,0.197506314580738
p06_noise_static,aging,ignition,39,0.266059691277136
p06_noise_static,aging,ignition,40,0.193477849484394
p06_noise_static,aging,ignition,41,0.074742243914702
p06_noise_static,aging,ignition,42,0.137171573418550
p06_noise_static,aging,ignition,43,0.214193518339016
p06_noise_static,aging,ignition,44,0.206183917846842
p06_noise_static,aging,ignition,45,0.140119983272369
p06_noise_static,aging,ignition,46,0.239286661011853
p06_noise_static,aging,ignition,47,0.159327351867575
p06_noise_static,aging,ignition,48,0.210966533411896
p06_noise_static,aging,ignition,49,0.114140741911588
p06_noise_static,aging,ignition,50,0.172460777812350
p06_noise_static,aging,ignition,51,0.189366676417031
p06_noise_static,aging,ignition,52,0.169812394212523
p06_noise_static,aging,ignition,53,0.083791222108841
p06_noise_static,aging,ignition,54,0.186656490111256
p06_noise_static,aging,ignition,55,0.313573476939904
p06_noise_static,aging,ignition,56,0.192401299910215
p06_noise_static,aging,ignition,57,0.096290310690903
p06_noise_static,aging,ignition,58,0.120099086926638
p06_noise_static,aging,ignition,59,0.132927437723140
p06_noise_static,aging,ignition,60,0.111038434574523
p06_noise_static,aging,ignition,61,0.162384617158087
p06_noise_static,aging,ignition,62,0.176205039934375
p06_noise_static,aging,ignition,63,0.133737561128421
p06_tone_control,aging,ignition,0,0.031321016975641
p06_tone_control,aging,ignition,1,0.031314045315650
p06_tone_control,aging,ignition,2,0.031328301536768
p06_tone_control,aging,ignition,3,0.031248583486455
p06_tone_control,aging,ignition,4,0.031439553967570
p06_tone_control,aging,ignition,5,0.031238407527698
p06_tone_control,aging,ignition,6,0.031205155745174
p06_tone_control,aging,ignition,7,0.031340268116123
p06_tone_control,aging,ignition,8,0.031267357682232
p06_tone_control,aging,ignition,9,0.031216049317166
p06_tone_control,aging,ignition,10,0.031301085231821
p06_tone_control,aging,ignition,11,0.031263365197967
p06_tone_control,aging,ignition,12,0.031295428795445
p06_tone_control,aging,ignition,13,0.031252735770634
p06_tone_control,aging,ignition,14,0.031250922423920
p06_tone_control,aging,ignition,15,0.031229606788646
p06_tone_control,aging,ignition,16,0.031388080114990
p06_tone_control,aging,ignition,17,0.031274488354981
p06_tone_control,aging,ignition,18,0.031339443889748
p06_tone_control,aging,ignition,19,0.031248181951876
p06_tone_control,aging,ignition,20,0.031282123432503
p06_tone_control,aging,ignition,21,0.031390887857657
p06_tone_control,aging,ignition,22,0.031243401891154
p06_tone_control,aging,ignition,23,0.031285436316400
p06_tone_control,aging,ignition,24,0.031314553251587
p06_tone_control,aging,ignition,25,0.031335019662912
p06_tone_control,aging,ignition,26,0.031247951969417
p06_tone_control,aging,ignition,27,0.031271347694380
p06_tone_control,aging,ignition,28,0.031333768873352
p06_tone_control,aging,ignition,29,0.031255210910597
p06_tone_control,aging,ignition,30,0.031344796477957
p06_tone_control,aging,ignition,31,0.031386185729194
p06_tone_control,aging,ignition,32,0.031514289342500
p06_tone_control,aging,ignition,33,0.031209749402080
p06_tone_control,aging,ignition,34,0.031279532599337
p06_tone_control,aging,ignition,35,0.031231106835621
p06_tone_control,aging,ignition,36,0.031230010634850
p06_tone_control,aging,ignition,37,0.031260857258853
p06_tone_control,aging,ignition,38,0.031310225126343
p06_tone_control,aging,ignition,39,0.031253170902053
p06_tone_control,aging,ignition,40,0.031327141197718
p06_tone_control,aging,ignition,41,0.031284461466542
p06_tone_control,aging,ignition,42,0.031270882043719
p06_tone_control,aging,ignition,43,0.031212533672962
p06_tone_control,aging,ignition,44,0.031261918308218
p06_tone_control,aging,ignition,45,0.031226306228500
p06_tone_control,aging,ignition,46,0.031224181070099
p06_tone_control,aging,ignition,47,0.031291608504094
p06_tone_control,aging,ignition,48,0.031243757611567
p06_tone_control,aging,ignition,49,0.031241476376769
p06_tone_control,aging,ignition,50,0.031291945532653
p06_tone_control,aging,ignition,51,0.031313994421461
p06_tone_control,aging,ignition,52,0.031268423190079
p06_tone_control,aging,ignition,53,0.031265443952492
p06_tone_control,aging,ignition,54,0.031292997826107
p06_tone_control,aging,ignition,55,0.031267623829720
p06_tone_control,aging,ignition,56,0.031306559153507
p06_tone_control,aging,ignition,57,0.031293941551080
p06_tone_control,aging,ignition,58,0.031316247990763
p06_tone_control,aging,ignition,59,0.031230444419369
p06_tone_control,aging,ignition,60,0.031288546077551
p06_tone_control,aging,ignition,61,0.031222726397935
p06_tone_control,aging,ignition,62,0.031235375016791
p06_tone_control,aging,ignition,63,0.031244274579573
p06_noise_random_pulse,aging,isolation,0,0.534336155517652
p06_noise_random_pulse,aging,isolation,1,0.596093790244741
p06_noise_random_pulse,aging,isolation,2,0.574877262958032
p06_noise_random_pulse,aging,isolation,3,0.576654816755349
p06_noise_random_pulse,aging,isolation,4,0.558847369556951
p06_noise_random_pulse,aging,isolation,5,0.565443307733993
p06_noise_random_pulse,aging,isolation,6,0.557872010773786
p06_noise_random_pulse,aging,isolation,7,0.560010538426680
p06_noise_random_pulse,aging,isolation,8,0.554708103091224
p06_noise_random_pulse,aging,isolation,9,0.550029540258299
p06_noise_random_pulse,aging,isolation,10,0.567382469169531
p06_noise_random_pulse,aging,isolation,11,0.538842001709309
p06_noise_random_pulse,aging,isolation,12,0.559392796302732
p06_noise_random_pulse,aging,isolation,13,0.548961234494279
p06_noise_random_pulse,aging,isolation,14,0.549845060010641
p06_noise_random_pulse,aging,isolation,15,0.549189239503656
p06_noise_random_pulse,aging,isolation,16,0.559804082085270
p06_noise_random_pulse,aging,isolation,17,0.559172919783393
p06_noise_random_pulse,aging,isolation,18,0.556945477833378
p06_noise_random_pulse,aging,isolation,19,0.564759497847380
p06_noise_random_pulse,aging,isolation,20,0.552366299147513
p06_noise_random_pulse,aging,isolation,21,0.571346464431728
p06_noise_random_pulse,aging,isolation,22,0.573589099394697
p06_noise_random_pulse,aging,isolation,23,0.570888652251520
p06_noise_random_pulse,aging,isolation,24,0.536699899780224
p06_noise_random_pulse,aging,isolation,25,0.553373494245398
p06_noise_random_pulse,aging,isolation,26,0.557232587786679
p06_noise_random_pulse,aging,isolation,27,0.570986200071555
p06_noise_random_pulse,aging,isolation,28,0.534207850892004
p06_noise_random_pulse,aging,isolation,29,0.561832838332133
p06_noise_random_pulse,aging,isolation,30,0.561984446715703
p06_noise_random_pulse,aging,isolation,31,0.546716830524490
p06_noise_random_pulse,aging,isolation,32,0.570581223680989
p06_noise_random_pulse,aging,isolation,33,0.570916739117338
p06_noise_random_pulse,aging,isolation,34,0.563541638106196
p06_noise_random_pulse,aging,isolation,35,0.554445898484790
p06_noise_random_pulse,aging,isolation,36,0.550040246682850
p06_noise_random_pulse,aging,isolation,37,0.541790926474691
p06_noise_random_pulse,aging,isolation,38,0.550451873295250
p06_noise_random_pulse,aging,isolation,39,0.562219282362987
p06_noise_random_pulse,aging,isolation,40,0.570254554127104
p06_noise_random_pulse,aging,isolation,41,0.584365228926998
p06_noise_random_pulse,aging,isolation,42,0.568892453387177
p06_noise_random_pulse,aging,isolation,43,0.557825064414754
p06_noise_random_pulse,aging,isolation,44,0.570012091940757
p06_noise_random_pulse,aging,isolation,45,0.557964014959366
p06_noise_random_pulse,aging,isolation,46,0.499354878828584
p06_noise_random_pulse,aging,isolation,47,0.573386703427210
p06_noise_random_pulse,aging,isolation,48,0.561285775759919
p06_noise_random_pulse,aging,isolation,49,0.554074483263296
p06_noise_random_pulse,aging,isolation,50,0.560951821966757
p06_noise_random_pulse,aging,isolation,51,0.590440435632405
p06_noise_random_pulse,aging,isolation,52,0.570095086343957
p06_noise_random_pulse,aging,isolation,53,0.546972116006624
p06_noise_random_pulse,aging,isolation,54,0.586599234851479
p06_noise_random_pulse,aging,isolation,55,0.587245094585755
p06_noise_random_pulse,aging,isolation,56,0.580906436040157
p06_noise_random_pulse,aging,isolation,57,0.559520061717772
p06_noise_random_pulse,aging,isolation,58,0.466881616609818
p06_noise_random_pulse,aging,isolation,59,0.569661438287936
p06_noise_random_pulse,aging,isolation,60,0.592669286133459
p06_noise_random_pulse,aging,isolation,61,0.580107094522768
p06_noise_random_pulse,aging,isolation,62,0.573303423211141
p06_noise_random_pulse,aging,isolation,63,0.551775187228150
p06_noise_random_walk,aging,isolation,0,0.458441513248722
p06_noise_random_walk,aging,isolation,1,0.456986058824401
p06_noise_random_walk,aging,isolation,2,0.548930904231394
p06_noise_random_walk,aging,isolation,3,0.683639169650332
p06_noise_random_walk,aging,isolation,4,0.571183604177875
p06_noise_random_walk,aging,isolation,5,0.616989173605528
p06_noise_random_walk,aging,isolation,6,0.597510711818705
p06_noise_random_walk,aging,isolation,7,0.589473618266055
p06_noise_random_walk,aging,isolation,8,0.645666568116035
p06_noise_random_walk,aging,isolation,9,0.598538877419267
p06_noise_random_walk,aging,isolation,10,0.682398087785146
p06_noise_random_walk,aging,isolation,11,0.543343249250586
p06_noise_random_walk,aging,isolation,12,0.553913094378365
p06_noise_random_walk,aging,isolation,13,0.514167943089273
p06_noise_random_walk,aging,isolation,14,0.580358639985626
p06_noise_random_walk,aging,isolation,15,0.492580353685689
p06_noise_random_walk,aging,isolation,16,0.614445727542116
p06_noise_random_walk,aging,isolation,17,0.633212738031982
p06_noise_random_walk,aging,isolation,18,0.573853682891360
p06_noise_random_walk,aging,isolation,19,0.573323462891681
p06_noise_random_walk,aging,isolation,20,0.621864332986470
p06_noise_random_walk,aging,isolation,21,0.589174127206653
p06_noise_random_walk,aging,isolation,22,0.614640610587052
p06_noise_random_walk,aging,isolation,23,0.471846968124641
p06_noise_random_walk,aging,isolation,24,0.559739874077392
p06_noise_random_walk,aging,isolation,25,0.543766781976907
p06_noise_random_walk,aging,isolation,26,0.588152550613269
p06_noise_random_walk,aging,isolation,27,0.468565230445121
p06_noise_random_walk,aging,isolation,28,0.531713836409906
p06_noise_random_walk,aging,isolation,29,0.473414863502080
p06_noise_random_walk,aging,isolation,30,0.570193678863614
p06_noise_random_walk,aging,isolation,31,0.621058533939520
p06_noise_random_walk,aging,isolation,32,0.587025963993172
p06_noise_random_walk,aging,isolation,33,0.563164757799637
p06_noise_random_walk,aging,isolation,34,0.571000141973531
p06_noise_random_walk,aging,isolation,35,0.613596737881827
p06_noise_random_walk,aging,isolation,36,0.618081072449159
p06_noise_random_walk,aging,isolation,37,0.626571392415583
p06_noise_random_walk,aging,isolation,38,0.493139836149994
p06_noise_random_walk,aging,isolation,39,0.528870349460589
p06_noise_random_walk,aging,isolation,40,0.549373723046122
p06_noise_random_walk,aging,isolation,41,0.606331958669777
p06_noise_random_walk,aging,isolation,42,0.465764255157061
p06_noise_random_walk,aging,isolation,43,0.564590037739935
p06_noise_random_walk,aging,isolation,44,0.503361896965066
p06_noise_random_walk,aging,isolation,45,0.523690337203757
p06_noise_random_walk,aging,isolation,46,0.481827481818671
p06_noise_random_walk,aging,isolation,47,0.577621183439809
p06_noise_random_walk,aging,isolation,48,0.562870685806107
p06_noise_random_walk,aging,isolation,49,0.595552828777160
p06_noise_random_walk,aging,isolation,50,0.550921027186121
p06_noise_random_walk,aging,isolation,51,0.517139271540399
p06_noise_random_walk,aging,isolation,52,0.583460766976164
p06_noise_random_walk,aging,isolation,53,0.558167530933934
p06_noise_random_walk,aging,isolation,54,0.593862955450454
p06_noise_random_walk,aging,isolation,55,0.511235622267193
p06_noise_random_walk,aging,isolation,56,0.585562412689595
p06_noise_random_walk,aging,isolation,57,0.583115088576963
p06_noise_random_walk,aging,isolation,58,0.590223468598893
p06_noise_random_walk,aging,isolation,59,0.484361922985210
p06_noise_random_walk,aging,isolation,60,0.559076483867950
p06_noise_random_walk,aging,isolation,61,0.620465732560480
p06_noise_random_walk,aging,isolation,62,0.580855085250604
p06_noise_random_walk,aging,isolation,63,0.528884737361590
p06_noise_room,aging,isolation,0,0.587119798514397
p06_noise_room,aging,isolation,1,0.604482144653841
p06_noise_room,aging,isolation,2,0.565999191192975
p06_noise_room,aging,isolation,3,0.587588377626668
p06_noise_room,aging,isolation,4,0.623789659480183
p06_noise_room,aging,isolation,5,0.556478670979287
p06_noise_room,aging,isolation,6,0.487151889540486
p06_noise_room,aging,isolation,7,0.555079511528993
p06_noise_room,aging,isolation,8,0.605983136340180
p06_noise_room,aging,isolation,9,0.548269418638965
p06_noise_room,aging,isolation,10,0.577809649477672
p06_noise_room,aging,isolation,11,0.611223673342630
p06_noise_room,aging,isolation,12,0.573803325654926
p06_noise_room,aging,isolation,13,0.543220801477820
p06_noise_room,aging,isolation,14,0.675393119486792
p06_noise_room,aging,isolation,15,0.683096573375757
p06_noise_room,aging,isolation,16,0.646033519978552
p06_noise_room,aging,isolation,17,0.587583678013533
p06_noise_room,aging,isolation,18,0.661436525379886
p06_noise_room,aging,isolation,19,0.629828522820169
p06_noise_room,aging,isolation,20,0.572422132071320
p06_noise_room,aging,isolation,21,0.558574051576023
p06_noise_room,aging,isolation,22,0.611464565433861
p06_noise_room,aging,isolation,23,0.583884725963783
p06_noise_room,aging,isolation,24,0.627023380459122
p06_noise_room,aging,isolation,25,0.615058101584321
p06_noise_room,aging,isolation,26,0.607052433420491
p06_noise_room,aging,isolation,27,0.578814610723789
p06_noise_room,aging,isolation,28,0.561814614989003
p06_noise_room,aging,isolation,29,0.596396411540442
p06_noise_room,aging,isolation,30,0.634274256580733
p06_noise_room,aging,isolation,31,0.541770966417056
p06_noise_room,aging,isolation,32,0.556182915889099
p06_noise_room,aging,isolation,33,0.605466492051952
p06_noise_room,aging,isolation,34,0.591916604977986
p06_noise_room,aging,isolation,35,0.594346901074594
p06_noise_room,aging,isolation,36,0.552981693500032
p06_noise_room,aging,isolation,37,0.648503948236787
p06_noise_room,aging,isolation,38,0.569189791067076
p06_noise_room,aging,isolation,39,0.556142113089956
p06_noise_room,aging,isolation,40,0.722462316110896
p06_noise_room,aging,isolation,41,0.578603192956123
p06_noise_room,aging,isolation,42,0.627597061666734
p06_noise_room,aging,isolation,43,0.566411413628367
p06_noise_room,aging,isolation,44,0.643882541357657
p06_noise_room,aging,isolation,45,0.596265048385905
p06_noise_room,aging,isolation,46,0.557097906911905
p06_noise_room,aging,isolation,47,0.605405351780050
p06_noise_room,aging,isolation,48,0.547179449256480
p06_noise_room,aging,isolation,49,0.550517324321784
p06_noise_room,aging,isolation,50,0.626322359082180
p06_noise_room,aging,isolation,51,0.559252141208316
p06_noise_room,aging,isolation,52,0.665030934383101
p06_noise_room,aging,isolation,53,0.578954747714388
p06_noise_room,aging,isolation,54,0.583521365916288
p06_noise_room,aging,isolation,55,0.558505203367746
p06_noise_room,aging,isolation,56,0.605134912448263
p06_noise_room,aging,isolation,57,0.554059682256747
p06_noise_room,aging,isolation,58,0.565184287674620
p06_noise_room,aging,isolation,59,0.665026471387451
p06_noise_room,aging,isolation,60,0.589631410150876
p06_noise_room,aging,isolation,61,0.590179360773548
p06_noise_room,aging,isolation,62,0.555216572541511
p06_noise_room,aging,isolation,63,0.642599603640483
p06_noise_static,aging,isolation,0,0.602254127802828
p06_noise_static,aging,isolation,1,0.488452477627295
p06_noise_static,aging,isolation,2,0.684549370231159
p06_noise_static,aging,isolation,3,0.465232424740929
p06_noise_static,aging,isolation,4,0.660091876554229
p06_noise_static,aging,isolation,5,0.571778311811555
p06_noise_static,aging,isolation,6,0.628023838261071
p06_noise_static,aging,isolation,7,0.500569292270293
p06_noise_static,aging,isolation,8,0.463227522735769
p06_noise_static,aging,isolation,9,0.612016724576053
p06_noise_static,aging,isolation,10,0.696810326085487
p06_noise_static,aging,isolation,11,0.616644287400811
p06_noise_static,aging,isolation,12,0.555388282218673
p06_noise_static,aging,isolation,13,0.573362470782058
p06_noise_static,aging,isolation,14,0.644219725368697
p06_noise_static,aging,isolation,15,0.556298403572075
p06_noise_static,aging,isolation,16,0.586254939579482
p06_noise_static,aging,isolation,17,0.570005498804961
p06_noise_static,aging,isolation,18,0.613179139072668
p06_noise_static,aging,isolation,19,0.651626418097579
p06_noise_static,aging,isolation,20,0.583484992970539
p06_noise_static,aging,isolation,21,0.650986853793268
p06_noise_static,aging,isolation,22,0.646244233688556
p06_noise_static,aging,isolation,23,0.480563704797902
p06_noise_static,aging,isolation,24,0.571656282027808
p06_noise_static,aging,isolation,25,0.561785755653493
p06_noise_static,aging,isolation,26,0.588732743632923
p06_noise_static,aging,isolation,27,0.558584471444185
p06_noise_static,aging,isolation,28,0.605506512732634
p06_noise_static,aging,isolation,29,0.618779262818247
p06_noise_static,aging,isolation,30,0.722487931623029
p06_noise_static,aging,isolation,31,0.696120879392086
p06_noise_static,aging,isolation,32,0.531600615741115
p06_noise_static,aging,isolation,33,0.523995914137133
p06_noise_static,aging,isolation,34,0.591394985854164
p06_noise_static,aging,isolation,35,0.647211912847641
p06_noise_static,aging,isolation,36,0.670869441608129
p06_noise_static,aging,isolation,37,0.667970233356687
p06_noise_static,aging,isolation,38,0.455217283013631
p06_noise_static,aging,isolation,39,0.683756600139439
p06_noise_static,aging,isolation,40,0.566364057799900
p06_noise_static,aging,isolation,41,0.585637562653641
p06_noise_static,aging,isolation,42,0.509320982702839
p06_noise_static,aging,isolation,43,0.711208886129859
p06_noise_static,aging,isolation,44,0.718873914180384
p06_noise_static,aging,isolation,45,0.616653786872061
p06_noise_static,aging,isolation,46,0.684403638073401
p06_noise_static,aging,isolation,47,0.616933861367252
p06_noise_static,aging,isolation,48,0.589803184737183
p06_noise_static,aging,isolation,49,0.571974953615108
p06_noise_static,aging,isolation,50,0.590492072852033
p06_noise_static,aging,isolation,51,0.589817448141155
p06_noise_static,aging,isolation,52,0.543945884177792
p06_noise_static,aging,isolation,53,0.646234415669341
p06_noise_static,aging,isolation,54,0.542333534962713
p06_noise_static,aging,isolation,55,0.701591078603261
p06_noise_static,aging,isolation,56,0.627198347952202
p06_noise_static,aging,isolation,57,0.526582133719308
p06_noise_static,aging,isolation,58,0.560247709501047
p06_noise_static,aging,isolation,59,0.589607267707314
p06_noise_static,aging,isolation,60,0.606006699874132
p06_noise_static,aging,isolation,61,0.601845915382959
p06_noise_static,aging,isolation,62,0.625793116372872
p06_noise_static,aging,isolation,63,0.655871873176370
p06_tone_control,aging,isolation,0,0.410012869874595
p06_tone_control,aging,isolation,1,0.410164011350820
p06_tone_control,aging,isolation,2,0.402751655586441
p06_tone_control,aging,isolation,3,0.407175074346359
p06_tone_control,aging,isolation,4,0.413797597385843
p06_tone_control,aging,isolation,5,0.408840651169667
p06_tone_control,aging,isolation,6,0.405372718917825
p06_tone_control,aging,isolation,7,0.407348878831486
p06_tone_control,aging,isolation,8,0.407505580564455
p06_tone_control,aging,isolation,9,0.406282680746723
p06_tone_control,aging,isolation,10,0.409523925634207
p06_tone_control,aging,isolation,11,0.408639673746331
p06_tone_control,aging,isolation,12,0.409928474645799
p06_tone_control,aging,isolation,13,0.407966620448413
p06_tone_control,aging,isolation,14,0.408423273384807
p06_tone_control,aging,isolation,15,0.406539056566636
p06_tone_control,aging,isolation,16,0.413462304585327
p06_tone_control,aging,isolation,17,0.409162313004080
p06_tone_control,aging,isolation,18,0.410394034377043
p06_tone_control,aging,isolation,19,0.407122640616996
p06_tone_control,aging,isolation,20,0.408953299766035
p06_tone_control,aging,isolation,21,0.413351419574027
p06_tone_control,aging,isolation,22,0.408041684263649
p06_tone_control,aging,isolation,23,0.408790452560017
p06_tone_control,aging,isolation,24,0.409375197084362
p06_tone_control,aging,isolation,25,0.410569719470353
p06_tone_control,aging,isolation,26,0.407246885255768
p06_tone_control,aging,isolation,27,0.409879273339147
p06_tone_control,aging,isolation,28,0.410777738507873
p06_tone_control,aging,isolation,29,0.406834600420906
p06_tone_control,aging,isolation,30,0.412737002728515
p06_tone_control,aging,isolation,31,0.411720243057195
p06_tone_control,aging,isolation,32,0.415365979523593
p06_tone_control,aging,isolation,33,0.406018510047701
p06_tone_control,aging,isolation,34,0.408784914242644
p06_tone_control,aging,isolation,35,0.406321829947166
p06_tone_control,aging,isolation,36,0.406183548225683
p06_tone_control,aging,isolation,37,0.408284067350188
p06_tone_control,aging,isolation,38,0.410429447188552
p06_tone_control,aging,isolation,39,0.409070805135165
p06_tone_control,aging,isolation,40,0.411337187693702
p06_tone_control,aging,isolation,41,0.409094221933862
p06_tone_control,aging,isolation,42,0.408076190001589
p06_tone_control,aging,isolation,43,0.405345452982314
p06_tone_control,aging,isolation,44,0.407566827427768
p06_tone_control,aging,isolation,45,0.407034682880190
p06_tone_control,aging,isolation,46,0.407346789845088
p06_tone_control,aging,isolation,47,0.408168743024479
p06_tone_control,aging,isolation,48,0.407842001173360
p06_tone_control,aging,isolation,49,0.408639577532385
p06_tone_control,aging,isolation,50,0.407625785468963
p06_tone_control,aging,isolation,51,0.410133496257129
p06_tone_control,aging,isolation,52,0.406111710048341
p06_tone_control,aging,isolation,53,0.407820303000295
p06_tone_control,aging,isolation,54,0.408953986636914
p06_tone_control,aging,isolation,55,0.408486083470728
p06_tone_control,aging,isolation,56,0.410035922207876
p06_tone_control,aging,isolation,57,0.409520177832275
p06_tone_control,aging,isolation,58,0.411058975980676
p06_tone_control,aging,isolation,59,0.405838482427855
p06_tone_control,aging,isolation,60,0.410157792269552
p06_tone_control,aging,isolation,61,0.406006355691789
p06_tone_control,aging,isolation,62,0.407476332840800
p06_tone_control,aging,isolation,63,0.408389792303662
p06_noise_random_pulse,aging,meditation,0,0.504896929236913
p06_noise_random_pulse,aging,meditation,1,0.420447132123964
p06_noise_random_pulse,aging,meditation,2,0.599681888103554
p06_noise_random_pulse,aging,meditation,3,0.542941262245610
p06_noise_random_pulse,aging,meditation,4,0.487144153680360
p06_noise_random_pulse,aging,meditation,5,0.493708026181947
p06_noise_random_pulse,aging,meditation,6,0.452889856805578
p06_noise_random_pulse,aging,meditation,7,0.578636285695019
p06_noise_random_pulse,aging,meditation,8,0.527559141162976
p06_noise_random_pulse,aging,meditation,9,0.613744502016824
p06_noise_random_pulse,aging,meditation,10,0.633233547284760
p06_noise_random_pulse,aging,meditation,11,0.607860670749625
p06_noise_random_pulse,aging,meditation,12,0.442279587168704
p06_noise_random_pulse,aging,meditation,13,0.426995997998244
p06_noise_random_pulse,aging,meditation,14,0.444327408843649
p06_noise_random_pulse,aging,meditation,15,0.577409339779757
p06_noise_random_pulse,aging,meditation,16,0.495391169149081
p06_noise_random_pulse,aging,meditation,17,0.537129219395490
p06_noise_random_pulse,aging,meditation,18,0.555425739628779
p06_noise_random_pulse,aging,meditation,19,0.530647596655995
p06_noise_random_pulse,aging,meditation,20,0.500356827528604
p06_noise_random_pulse,aging,meditation,21,0.494492089530957
p06_noise_random_pulse,aging,meditation,22,0.553128046080529
p06_noise_random_pulse,aging,meditation,23,0.552631828798726
p06_noise_random_pulse,aging,meditation,24,0.381614571733440
p06_noise_random_pulse,aging,meditation,25,0.614472154758341
p06_noise_random_pulse,aging,meditation,26,0.520718892622193
p06_noise_random_pulse,aging,meditation,27,0.466142603857365
p06_noise_random_pulse,aging,meditation,28,0.406176019802507
p06_noise_random_pulse,aging,meditation,29,0.425786137292127
p06_noise_random_pulse,aging,meditation,30,0.562439757985357
p06_noise_random_pulse,aging,meditation,31,0.534980745169530
p06_noise_random_pulse,aging,meditation,32,0.606621439256037
p06_noise_random_pulse,aging,meditation,33,0.519412686260099
p06_noise_random_pulse,aging,meditation,34,0.561494019607488
p06_noise_random_pulse,aging,meditation,35,0.491091105759760
p06_noise_random_pulse,aging,meditation,36,0.472024640046147
p06_noise_random_pulse,aging,meditation,37,0.529533044834236
p06_noise_random_pulse,aging,meditation,38,0.590931846489485
p06_noise_random_pulse,aging,meditation,39,0.532619354689921
p06_noise_random_pulse,aging,meditation,40,0.535016478434237
p06_noise_random_pulse,aging,meditation,41,0.463558498278493
p06_noise_random_pulse,aging,meditation,42,0.455363610097080
p06_noise_random_pulse,aging,meditation,43,0.539706713469224
p06_noise_random_pulse,aging,meditation,44,0.531472017541132
p06_noise_random_pulse,aging,meditation,45,0.533268456290359
p06_noise_random_pulse,aging,meditation,46,0.453173357605011
p06_noise_random_pulse,aging,meditation,47,0.594871702346671
p06_noise_random_pulse,aging,meditation,48,0.522911983396296
p06_noise_random_pulse,aging,meditation,49,0.561686104129750
p06_noise_random_pulse,aging,meditation,50,0.489200621016688
p06_noise_random_pulse,aging,meditation,51,0.583352950559400
p06_noise_random_pulse,aging,meditation,52,0.562471010492063
p06_noise_random_pulse,aging,meditation,53,0.503088005089699
p06_noise_random_pulse,aging,meditation,54,0.541940248749241
p06_noise_random_pulse,aging,meditation,55,0.569549238098719
p06_noise_random_pulse,aging,meditation,56,0.637891164903712
p06_noise_random_pulse,aging,meditation,57,0.612646459284009
p06_noise_random_pulse,aging,meditation,58,0.324703241392392
p06_noise_random_pulse,aging,meditation,59,0.512566802140754
p06_noise_random_pulse,aging,meditation,60,0.517636076230603
p06_noise_random_pulse,aging,meditation,61,0.579644219657572
p06_noise_random_pulse,aging,meditation,62,0.486132311578073
p06_noise_random_pulse,aging,meditation,63,0.354816301697102
p06_noise_random_walk,aging,meditation,0,0.473324169288403
p06_noise_random_walk,aging,meditation,1,0.562219193266082
p06_noise_random_walk,aging,meditation,2,0.375058480774128
p06_noise_random_walk,aging,meditation,3,0.583058501040312
p06_noise_random_walk,aging,meditation,4,0.465999748359068
p06_noise_random_walk,aging,meditation,5,0.402480159009049
p06_noise_random_walk,aging,meditation,6,0.388772389570610
p06_noise_random_walk,aging,meditation,7,0.504721967643988
p06_noise_random_walk,aging,meditation,8,0.507138815779541
p06_noise_random_walk,aging,meditation,9,0.481820564755351
p06_noise_random_walk,aging,meditation,10,0.478795754808349
p06_noise_random_walk,aging,meditation,11,0.438482188105601
p06_noise_random_walk,aging,meditation,12,0.498340708889388
p06_noise_random_walk,aging,meditation,13,0.545464024138346
p06_noise_random_walk,aging,meditation,14,0.497214903897361
p06_noise_random_walk,aging,meditation,15,0.586801698577930
p06_noise_random_walk,aging,meditation,16,0.577707818422769
p06_noise_random_walk,aging,meditation,17,0.548136942624538
p06_noise_random_walk,aging,meditation,18,0.388041353617123
p06_noise_random_walk,aging,meditation,19,0.449273333428633
p06_noise_random_walk,aging,meditation,20,0.445787827635671
p06_noise_random_walk,aging,meditation,21,0.359182135250650
p06_noise_random_walk,aging,meditation,22,0.493614316379438
p06_noise_random_walk,aging,meditation,23,0.476604283929750
p06_noise_random_walk,aging,meditation,24,0.446053145852636
p06_noise_random_walk,aging,meditation,25,0.388869510232426
p06_noise_random_walk,aging,meditation,26,0.472138332580360
p06_noise_random_walk,aging,meditation,27,0.512118283097019
p06_noise_random_walk,aging,meditation,28,0.456554458029686
p06_noise_random_walk,aging,meditation,29,0.501251042541441
p06_noise_random_walk,aging,meditation,30,0.510368644763756
p06_noise_random_walk,aging,meditation,31,0.543032481012416
p06_noise_random_walk,aging,meditation,32,0.644741089784562
p06_noise_random_walk,aging,meditation,33,0.384516475990722
p06_noise_random_walk,aging,meditation,34,0.468233993287687
p06_noise_random_walk,aging,meditation,35,0.475978732695276
p06_noise_random_walk,aging,meditation,36,0.498964392383153
p06_noise_random_walk,aging,meditation,37,0.544971673152255
p06_noise_random_walk,aging,meditation,38,0.467678604619042
p06_noise_random_walk,aging,meditation,39,0.447667088352145
p06_noise_random_walk,aging,meditation,40,0.469414984673203
p06_noise_random_walk,aging,meditation,41,0.614475505682180
p06_noise_random_walk,aging,meditation,42,0.558249722953955
p06_noise_random_walk,aging,meditation,43,0.481606619502690
p06_noise_random_walk,aging,meditation,44,0.428891281648017
p06_noise_random_walk,aging,meditation,45,0.441626541553271
p06_noise_random_walk,aging,meditation,46,0.486354669859651
p06_noise_random_walk,aging,meditation,47,0.421495539577661
p06_noise_random_walk,aging,meditation,48,0.471693396911210
p06_noise_random_walk,aging,meditation,49,0.565752271832790
p06_noise_random_walk,aging,meditation,50,0.433396831148447
p06_noise_random_walk,aging,meditation,51,0.464396339030924
p06_noise_random_walk,aging,meditation,52,0.394893081123185
p06_noise_random_walk,aging,meditation,53,0.494022002684901
p06_noise_random_walk,aging,meditation,54,0.400108606737222
p06_noise_random_walk,aging,meditation,55,0.385564160756190
p06_noise_random_walk,aging,meditation,56,0.485736854159759
p06_noise_random_walk,aging,meditation,57,0.467925344655412
p06_noise_random_walk,aging,meditation,58,0.505608500134783
p06_noise_random_walk,aging,meditation,59,0.520908701396442
p06_noise_random_walk,aging,meditation,60,0.501640702931956
p06_noise_random_walk,aging,meditation,61,0.429659798898337
p06_noise_random_walk,aging,meditation,62,0.395749065313195
p06_noise_random_walk,aging,meditation,63,0.370169327430762
p06_noise_room,aging,meditation,0,0.461493069207905
p06_noise_room,aging,meditation,1,0.477425295414411
p06_noise_room,aging,meditation,2,0.547461200249848
p06_noise_room,aging,meditation,3,0.469139128194585
p06_noise_room,aging,meditation,4,0.426269222984983
p06_noise_room,aging,meditation,5,0.466981297020269
p06_noise_room,aging,meditation,6,0.527237350998795
p06_noise_room,aging,meditation,7,0.455832555796928
p06_noise_room,aging,meditation,8,0.545915906351475
p06_noise_room,aging,meditation,9,0.515360397029020
p06_noise_room,aging,meditation,10,0.482767363970022
p06_noise_room,aging,meditation,11,0.531074991499186
p06_noise_room,aging,meditation,12,0.496143417026341
p06_noise_room,aging,meditation,13,0.561033167272131
p06_noise_room,aging,meditation,14,0.446652239988946
p06_noise_room,aging,meditation,15,0.560443127480380
p06_noise_room,aging,meditation,16,0.665172701283130
p06_noise_room,aging,meditation,17,0.699693190343366
p06_noise_room,aging,meditation,18,0.544489114300979
p06_noise_room,aging,meditation,19,0.518395147275664
p06_noise_room,aging,meditation,20,0.487409781510926
p06_noise_room,aging,meditation,21,0.487227845457816
p06_noise_room,aging,meditation,22,0.474271701295552
p06_noise_room,aging,meditation,23,0.584592275088761
p06_noise_room,aging,meditation,24,0.527089358117797
p06_noise_room,aging,meditation,25,0.564631182424261
p06_noise_room,aging,meditation,26,0.524223152272873
p06_noise_room,aging,meditation,27,0.540153463059078
p06_noise_room,aging,meditation,28,0.463900559705544
p06_noise_room,aging,meditation,29,0.484652788681024
p06_noise_room,aging,meditation,30,0.463695193391504
p06_noise_room,aging,meditation,31,0.400399892940827
p06_noise_room,aging,meditation,32,0.630308266487700
p06_noise_room,aging,meditation,33,0.557183266557598
p06_noise_room,aging,meditation,34,0.515416186198887
p06_noise_room,aging,meditation,35,0.517636881101243
p06_noise_room,aging,meditation,36,0.522662509103094
p06_noise_room,aging,meditation,37,0.574357474516665
p06_noise_room,aging,meditation,38,0.498595244834076
p06_noise_room,aging,meditation,39,0.528404716751117
p06_noise_room,aging,meditation,40,0.519453952849082
p06_noise_room,aging,meditation,41,0.560087784642764
p06_noise_room,aging,meditation,42,0.528233467874536
p06_noise_room,aging,meditation,43,0.471939147993681
p06_noise_room,aging,meditation,44,0.577317581709060
p06_noise_room,aging,meditation,45,0.483203591233357
p06_noise_room,aging,meditation,46,0.556042620464928
p06_noise_room,aging,meditation,47,0.404509003001163
p06_noise_room,aging,meditation,48,0.470459293116853
p06_noise_room,aging,meditation,49,0.602743540254980
p06_noise_room,aging,meditation,50,0.360997342522904
p06_noise_room,aging,meditation,51,0.475557595899062
p06_noise_room,aging,meditation,52,0.607349251237400
p06_noise_room,aging,meditation,53,0.574351114491658
p06_noise_room,aging,meditation,54,0.538399524083618
p06_noise_room,aging,meditation,55,0.572167629436436
p06_noise_room,aging,meditation,56,0.501378943024507
p06_noise_room,aging,meditation,57,0.603162106390293
p06_noise_room,aging,meditation,58,0.581036794892081
p06_noise_room,aging,meditation,59,0.567249231435013
p06_noise_room,aging,meditation,60,0.540798854196119
p06_noise_room,aging,meditation,61,0.559614455237648
p06_noise_room,aging,meditation,62,0.512623315415815
p06_noise_room,aging,meditation,63,0.487564202469274
p06_noise_static,aging,meditation,0,0.537295144985402
p06_noise_static,aging,meditation,1,0.616898453635125
p06_noise_static,aging,meditation,2,0.511677473729853
p06_noise_static,aging,meditation,3,0.528857583376090
p06_noise_static,aging,meditation,4,0.492181301669411
p06_noise_static,aging,meditation,5,0.542139465763109
p06_noise_static,aging,meditation,6,0.557910262759950
p06_noise_static,aging,meditation,7,0.611019728897047
p06_noise_static,aging,meditation,8,0.525115890233271
p06_noise_static,aging,meditation,9,0.529127003477591
p06_noise_static,aging,meditation,10,0.527651398371562
p06_noise_static,aging,meditation,11,0.519852362699468
p06_noise_static,aging,meditation,12,0.447201649791690
p06_noise_static,aging,meditation,13,0.507877339055619
p06_noise_static,aging,meditation,14,0.504822734189875
p06_noise_static,aging,meditation,15,0.491726275193103
p06_noise_static,aging,meditation,16,0.514419421717718
p06_noise_static,aging,meditation,17,0.502742927327473
p06_noise_static,aging,meditation,18,0.514262670455631
p06_noise_static,aging,meditation,19,0.440548305205651
p06_noise_static,aging,meditation,20,0.481252349985445
p06_noise_static,aging,meditation,21,0.495653155512688
p06_noise_static,aging,meditation,22,0.504228636251141
p06_noise_static,aging,meditation,23,0.393019955560776
p06_noise_static,aging,meditation,24,0.506280342343431
p06_noise_static,aging,meditation,25,0.402638281817291
p06_noise_static,aging,meditation,26,0.594309662192981
p06_noise_static,aging,meditation,27,0.396681342423567
p06_noise_static,aging,meditation,28,0.414117922484388
p06_noise_static,aging,meditation,29,0.641211940021310
p06_noise_static,aging,meditation,30,0.652462371804541
p06_noise_static,aging,meditation,31,0.610083726119200
p06_noise_static,aging,meditation,32,0.495688912387765
p06_noise_static,aging,meditation,33,0.445455543959006
p06_noise_static,aging,meditation,34,0.486386330614356
p06_noise_static,aging,meditation,35,0.620114010227446
p06_noise_static,aging,meditation,36,0.546018408258788
p06_noise_static,aging,meditation,37,0.504835688716281
p06_noise_static,aging,meditation,38,0.562774995862587
p06_noise_static,aging,meditation,39,0.613579584981017
p06_noise_static,aging,meditation,40,0.511693019468426
p06_noise_static,aging,meditation,41,0.546440875506411
p06_noise_static,aging,meditation,42,0.543754001672491
p06_noise_static,aging,meditation,43,0.424551742885274
p06_noise_static,aging,meditation,44,0.437756714156587
p06_noise_static,aging,meditation,45,0.462963497490198
p06_noise_static,aging,meditation,46,0.589017529470263
p06_noise_static,aging,meditation,47,0.684955607547807
p06_noise_static,aging,meditation,48,0.527741651542988
p06_noise_static,aging,meditation,49,0.511321179180710
p06_noise_static,aging,meditation,50,0.489427674103654
p06_noise_static,aging,meditation,51,0.496294769842495
p06_noise_static,aging,meditation,52,0.493330272969806
p06_noise_static,aging,meditation,53,0.433268631707168
p06_noise_static,aging,meditation,54,0.530313460187008
p06_noise_static,aging,meditation,55,0.711358326746705
p06_noise_static,aging,meditation,56,0.536014555093654
p06_noise_static,aging,meditation,57,0.432704436541935
p06_noise_static,aging,meditation,58,0.486847365689462
p06_noise_static,aging,meditation,59,0.508940330858899
p06_noise_static,aging,meditation,60,0.450845426604512
p06_noise_static,aging,meditation,61,0.469325452687359
p06_noise_static,aging,meditation,62,0.476099725814238
p06_noise_static,aging,meditation,63,0.424657527742101
p06_tone_control,aging,meditation,0,0.406185021233485
p06_tone_control,aging,meditation,1,0.415361415458146
p06_tone_control,aging,meditation,2,0.380610814423576
p06_tone_control,aging,meditation,3,0.416063676642742
p06_tone_control,aging,meditation,4,0.414922459592673
p06_tone_control,aging,meditation,5,0.409308221230525
p06_tone_control,aging,meditation,6,0.448187497972200
p06_tone_control,aging,meditation,7,0.378896405342487
p06_tone_control,aging,meditation,8,0.401196506251816
p06_tone_control,aging,meditation,9,0.433797393361544
p06_tone_control,aging,meditation,10,0.421666490640085
p06_tone_control,aging,meditation,11,0.423831031752758
p06_tone_control,aging,meditation,12,0.436347317744004
p06_tone_control,aging,meditation,13,0.397530289259972
p06_tone_control,aging,meditation,14,0.403156713539120
p06_tone_control,aging,meditation,15,0.428137148072081
p06_tone_control,aging,meditation,16,0.428398314654212
p06_tone_control,aging,meditation,17,0.448069374888929
p06_tone_control,aging,meditation,18,0.391527024243278
p06_tone_control,aging,meditation,19,0.421017322958912
p06_tone_control,aging,meditation,20,0.420487340907225
p06_tone_control,aging,meditation,21,0.397019116781388
p06_tone_control,aging,meditation,22,0.418242784724096
p06_tone_control,aging,meditation,23,0.419307556077530
p06_tone_control,aging,meditation,24,0.420918911029680
p06_tone_control,aging,meditation,25,0.426520177702390
p06_tone_control,aging,meditation,26,0.415373663236628
p06_tone_control,aging,meditation,27,0.409156413877206
p06_tone_control,aging,meditation,28,0.418012704806694
p06_tone_control,aging,meditation,29,0.399515406170894
p06_tone_control,aging,meditation,30,0.411507553452582
p06_tone_control,aging,meditation,31,0.401496455886386
p06_tone_control,aging,meditation,32,0.391892574303101
p06_tone_control,aging,meditation,33,0.430774912366231
p06_tone_control,aging,meditation,34,0.431513193608347
p06_tone_control,aging,meditation,35,0.391666948705791
p06_tone_control,aging,meditation,36,0.411173558263628
p06_tone_control,aging,meditation,37,0.425124086232498
p06_tone_control,aging,meditation,38,0.414688597201082
p06_tone_control,aging,meditation,39,0.421440079939478
p06_tone_control,aging,meditation,40,0.401171126340997
p06_tone_control,aging,meditation,41,0.412372037923059
p06_tone_control,aging,meditation,42,0.427871501018568
p06_tone_control,aging,meditation,43,0.438638721818761
p06_tone_control,aging,meditation,44,0.413605947569908
p06_tone_control,aging,meditation,45,0.405587236897360
p06_tone_control,aging,meditation,46,0.441127828395880
p06_tone_control,aging,meditation,47,0.416819446298444
p06_tone_control,aging,meditation,48,0.411519770349321
p06_tone_control,aging,meditation,49,0.413232775439297
p06_tone_control,aging,meditation,50,0.426777846975100
p06_tone_control,aging,meditation,51,0.415643093053428
p06_tone_control,aging,meditation,52,0.432229487898960
p06_tone_control,aging,meditation,53,0.418624314132737
p06_tone_control,aging,meditation,54,0.430014601618568
p06_tone_control,aging,meditation,55,0.420596360159828
p06_tone_control,aging,meditation,56,0.416793986908186
p06_tone_control,aging,meditation,57,0.433774113189022
p06_tone_control,aging,meditation,58,0.411608296323254
p06_tone_control,aging,meditation,59,0.423964138035740
p06_tone_control,aging,meditation,60,0.417293626178440
p06_tone_control,aging,meditation,61,0.429855641916031
p06_tone_control,aging,meditation,62,0.411793303895326
p06_tone_control,aging,meditation,63,0.417564553018985
p06_noise_random_pulse,aging,shield,0,0.173065460787292
p06_noise_random_pulse,aging,shield,1,0.140504883991841
p06_noise_random_pulse,aging,shield,2,0.176802362512613
p06_noise_random_pulse,aging,shield,3,0.207849158670859
p06_noise_random_pulse,aging,shield,4,0.196313131170640
p06_noise_random_pulse,aging,shield,5,0.198605390937373
p06_noise_random_pulse,aging,shield,6,0.188988461859417
p06_noise_random_pulse,aging,shield,7,0.187312294059753
p06_noise_random_pulse,aging,shield,8,0.128648731586510
p06_noise_random_pulse,aging,shield,9,0.179707222226099
p06_noise_random_pulse,aging,shield,10,0.226094922533069
p06_noise_random_pulse,aging,shield,11,0.171299993110223
p06_noise_random_pulse,aging,shield,12,0.187262900447730
p06_noise_random_pulse,aging,shield,13,0.180242784423898
p06_noise_random_pulse,aging,shield,14,0.085110875388900
p06_noise_random_pulse,aging,shield,15,0.179218188746045
p06_noise_random_pulse,aging,shield,16,0.228897745519056
p06_noise_random_pulse,aging,shield,17,0.178432816151679
p06_noise_random_pulse,aging,shield,18,0.227371949783676
p06_noise_random_pulse,aging,shield,19,0.164488957626616
p06_noise_random_pulse,aging,shield,20,0.172892236962499
p06_noise_random_pulse,aging,shield,21,0.288024917726893
p06_noise_random_pulse,aging,shield,22,0.167199049252300
p06_noise_random_pulse,aging,shield,23,0.188756215813109
p06_noise_random_pulse,aging,shield,24,0.120449590873154
p06_noise_random_pulse,aging,shield,25,0.191209790295119
p06_noise_random_pulse,aging,shield,26,0.174378114345856
p06_noise_random_pulse,aging,shield,27,0.182902985012550
p06_noise_random_pulse,aging,shield,28,0.148631819170822
p06_noise_random_pulse,aging,shield,29,0.146500782336398
p06_noise_random_pulse,aging,shield,30,0.212085367842253
p06_noise_random_pulse,aging,shield,31,0.226111646905072
p06_noise_random_pulse,aging,shield,32,0.224100928248747
p06_noise_random_pulse,aging,shield,33,0.182251986957644
p06_noise_random_pulse,aging,shield,34,0.220802271690604
p06_noise_random_pulse,aging,shield,35,0.196742966225161
p06_noise_random_pulse,aging,shield,36,0.173961767345101
p06_noise_random_pulse,aging,shield,37,0.175095090807044
p06_noise_random_pulse,aging,shield,38,0.218656951631103
p06_noise_random_pulse,aging,shield,39,0.175552445403210
p06_noise_random_pulse,aging,shield,40,0.190500806324053
p06_noise_random_pulse,aging,shield,41,0.164524318334842
p06_noise_random_pulse,aging,shield,42,0.173850673130384
p06_noise_random_pulse,aging,shield,43,0.132104500900377
p06_noise_random_pulse,aging,shield,44,0.201151405183788
p06_noise_random_pulse,aging,shield,45,0.235577495027419
p06_noise_random_pulse,aging,shield,46,0.193089365939809
p06_noise_random_pulse,aging,shield,47,0.296902122733748
p06_noise_random_pulse,aging,shield,48,0.205291614337537
p06_noise_random_pulse,aging,shield,49,0.192747911086456
p06_noise_random_pulse,aging,shield,50,0.179137435622503
p06_noise_random_pulse,aging,shield,51,0.194347423856559
p06_noise_random_pulse,aging,shield,52,0.195791874923453
p06_noise_random_pulse,aging,shield,53,0.212146647687866
p06_noise_random_pulse,aging,shield,54,0.187661238465180
p06_noise_random_pulse,aging,shield,55,0.190664312081819
p06_noise_random_pulse,aging,shield,56,0.218685594856639
p06_noise_random_pulse,aging,shield,57,0.183174218546171
p06_noise_random_pulse,aging,shield,58,0.154420583609087
p06_noise_random_pulse,aging,shield,59,0.141948645272998
p06_noise_random_pulse,aging,shield,60,0.215483501925129
p06_noise_random_pulse,aging,shield,61,0.216294943507510
p06_noise_random_pulse,aging,shield,62,0.127824712730864
p06_noise_random_pulse,aging,shield,63,0.096526403571316
p06_noise_random_walk,aging,shield,0,0.220802707309327
p06_noise_random_walk,aging,shield,1,0.313798688706992
p06_noise_random_walk,aging,shield,2,0.158686402914177
p06_noise_random_walk,aging,shield,3,0.291129896534158
p06_noise_random_walk,aging,shield,4,0.258137662395472
p06_noise_random_walk,aging,shield,5,0.134857193801619
p06_noise_random_walk,aging,shield,6,0.171376925311398
p06_noise_random_walk,aging,shield,7,0.249544375173884
p06_noise_random_walk,aging,shield,8,0.242973476129082
p06_noise_random_walk,aging,shield,9,0.276422049990722
p06_noise_random_walk,aging,shield,10,0.176931323864378
p06_noise_random_walk,aging,shield,11,0.194654154227339
p06_noise_random_walk,aging,shield,12,0.297922032039674
p06_noise_random_walk,aging,shield,13,0.204217198018803
p06_noise_random_walk,aging,shield,14,0.286292463023824
p06_noise_random_walk,aging,shield,15,0.353330670769750
p06_noise_random_walk,aging,shield,16,0.281979776159438
p06_noise_random_walk,aging,shield,17,0.268806163870304
p06_noise_random_walk,aging,shield,18,0.114268161919833
p06_noise_random_walk,aging,shield,19,0.229629141112281
p06_noise_random_walk,aging,shield,20,0.190386945688571
p06_noise_random_walk,aging,shield,21,0.176084580768642
p06_noise_random_walk,aging,shield,22,0.323558227552490
p06_noise_random_walk,aging,shield,23,0.229535425826760
p06_noise_random_walk,aging,shield,24,0.191904320484669
p06_noise_random_walk,aging,shield,25,0.157626093905236
p06_noise_random_walk,aging,shield,26,0.268256708640078
p06_noise_random_walk,aging,shield,27,0.280586604646042
p06_noise_random_walk,aging,shield,28,0.240523797818683
p06_noise_random_walk,aging,shield,29,0.171729131214111
p06_noise_random_walk,aging,shield,30,0.259866615148668
p06_noise_random_walk,aging,shield,31,0.281460283385104
p06_noise_random_walk,aging,shield,32,0.288549198814215
p06_noise_random_walk,aging,shield,33,0.163168963687997
p06_noise_random_walk,aging,shield,34,0.256006632436046
p06_noise_random_walk,aging,shield,35,0.265885752945431
p06_noise_random_walk,aging,shield,36,0.191217617986822
p06_noise_random_walk,aging,shield,37,0.279228771095644
p06_noise_random_walk,aging,shield,38,0.244694055688838
p06_noise_random_walk,aging,shield,39,0.233497055105527
p06_noise_random_walk,aging,shield,40,0.305124106046373
p06_noise_random_walk,aging,shield,41,0.292006972748668
p06_noise_random_walk,aging,shield,42,0.254683787609688
p06_noise_random_walk,aging,shield,43,0.293593844620239
p06_noise_random_walk,aging,shield,44,0.177218681624021
p06_noise_random_walk,aging,shield,45,0.229024141982918
p06_noise_random_walk,aging,shield,46,0.174924700716319
p06_noise_random_walk,aging,shield,47,0.195110963977269
p06_noise_random_walk,aging,shield,48,0.294438101987178
p06_noise_random_walk,aging,shield,49,0.168934854073600
p06_noise_random_walk,aging,shield,50,0.226494384861822
p06_noise_random_walk,aging,shield,51,0.244014785846860
p06_noise_random_walk,aging,shield,52,0.156379675674432
p06_noise_random_walk,aging,shield,53,0.294397411169021
p06_noise_random_walk,aging,shield,54,0.162577565916041
p06_noise_random_walk,aging,shield,55,0.159455511180518
p06_noise_random_walk,aging,shield,56,0.269852623314157
p06_noise_random_walk,aging,shield,57,0.256301300919814
p06_noise_random_walk,aging,shield,58,0.291957844811114
p06_noise_random_walk,aging,shield,59,0.274853176947985
p06_noise_random_walk,aging,shield,60,0.290332232433790
p06_noise_random_walk,aging,shield,61,0.237266745973614
p06_noise_random_walk,aging,shield,62,0.140225294344159
p06_noise_random_walk,aging,shield,63,0.149072600248665
p06_noise_room,aging,shield,0,0.240378575976726
p06_noise_room,aging,shield,1,0.252725177630008
p06_noise_room,aging,shield,2,0.187045168850929
p06_noise_room,aging,shield,3,0.284647040159829
p06_noise_room,aging,shield,4,0.264478848669894
p06_noise_room,aging,shield,5,0.272921645615790
p06_noise_room,aging,shield,6,0.222894372222100
p06_noise_room,aging,shield,7,0.328254881543874
p06_noise_room,aging,shield,8,0.320482073014779
p06_noise_room,aging,shield,9,0.286284008217285
p06_noise_room,aging,shield,10,0.262877138287343
p06_noise_room,aging,shield,11,0.272673460212649
p06_noise_room,aging,shield,12,0.262681420648991
p06_noise_room,aging,shield,13,0.286503970093417
p06_noise_room,aging,shield,14,0.151017621954808
p06_noise_room,aging,shield,15,0.193600995499736
p06_noise_room,aging,shield,16,0.238335804211577
p06_noise_room,aging,shield,17,0.233917926625272
p06_noise_room,aging,shield,18,0.193161176569500
p06_noise_room,aging,shield,19,0.211056952487080
p06_noise_room,aging,shield,20,0.270356987528992
p06_noise_room,aging,shield,21,0.271936967450866
p06_noise_room,aging,shield,22,0.209148891572919
p06_noise_room,aging,shield,23,0.293151052552483
p06_noise_room,aging,shield,24,0.285294687693143
p06_noise_room,aging,shield,25,0.167563008500416
p06_noise_room,aging,shield,26,0.279099739070949
p06_noise_room,aging,shield,27,0.248558255985848
p06_noise_room,aging,shield,28,0.244060728921934
p06_noise_room,aging,shield,29,0.305754621481512
p06_noise_room,aging,shield,30,0.304172024076745
p06_noise_room,aging,shield,31,0.148719194514345
p06_noise_room,aging,shield,32,0.223319944685600
p06_noise_room,aging,shield,33,0.147506329059366
p06_noise_room,aging,shield,34,0.261887979472744
p06_noise_room,aging,shield,35,0.271752383264571
p06_noise_room,aging,shield,36,0.252248990386096
p06_noise_room,aging,shield,37,0.224311795322111
p06_noise_room,aging,shield,38,0.183742464682577
p06_noise_room,aging,shield,39,0.250718695657111
p06_noise_room,aging,shield,40,0.241682418730424
p06_noise_room,aging,shield,41,0.150484296353274
p06_noise_room,aging,shield,42,0.226573448761347
p06_noise_room,aging,shield,43,0.256227605268952
p06_noise_room,aging,shield,44,0.204056332723370
p06_noise_room,aging,shield,45,0.080552835920357
p06_noise_room,aging,shield,46,0.220858356610467
p06_noise_room,aging,shield,47,0.088990819588960
p06_noise_room,aging,shield,48,0.264233640650314
p06_noise_room,aging,shield,49,0.149530817171383
p06_noise_room,aging,shield,50,0.095792605166755
p06_noise_room,aging,shield,51,0.285792730603952
p06_noise_room,aging,shield,52,0.273853271696044
p06_noise_room,aging,shield,53,0.249564130005994
p06_noise_room,aging,shield,54,0.209861981300656
p06_noise_room,aging,shield,55,0.135767840096678
p06_noise_room,aging,shield,56,0.242319000313962
p06_noise_room,aging,shield,57,0.260170065961819
p06_noise_room,aging,shield,58,0.279605143604038
p06_noise_room,aging,shield,59,0.245402198034437
p06_noise_room,aging,shield,60,0.331935994601617
p06_noise_room,aging,shield,61,0.237337187518678
p06_noise_room,aging,shield,62,0.226817246041501
p06_noise_room,aging,shield,63,0.300983832914472
p06_noise_static,aging,shield,0,0.290520249875048
p06_noise_static,aging,shield,1,0.288300377195967
p06_noise_static,aging,shield,2,0.239077568720664
p06_noise_static,aging,shield,3,0.232821001652881
p06_noise_static,aging,shield,4,0.266805430606006
p06_noise_static,aging,shield,5,0.161797045772077
p06_noise_static,aging,shield,6,0.253076324850547
p06_noise_static,aging,shield,7,0.256676168897546
p06_noise_static,aging,shield,8,0.274027274974828
p06_noise_static,aging,shield,9,0.183760916244030
p06_noise_static,aging,shield,10,0.328774580181362
p06_noise_static,aging,shield,11,0.260840513152674
p06_noise_static,aging,shield,12,0.178765160247069
p06_noise_static,aging,shield,13,0.244330069391386
p06_noise_static,aging,shield,14,0.293312276672137
p06_noise_static,aging,shield,15,0.240344264450827
p06_noise_static,aging,shield,16,0.259721127240549
p06_noise_static,aging,shield,17,0.253655338288687
p06_noise_static,aging,shield,18,0.088482677427196
p06_noise_static,aging,shield,19,0.270801373977674
p06_noise_static,aging,shield,20,0.215678117072828
p06_noise_static,aging,shield,21,0.176605681123642
p06_noise_static,aging,shield,22,0.288356684638309
p06_noise_static,aging,shield,23,0.145511426486040
p06_noise_static,aging,shield,24,0.330247541298107
p06_noise_static,aging,shield,25,0.157716574684906
p06_noise_static,aging,shield,26,0.284141049976298
p06_noise_static,aging,shield,27,0.148163270046959
p06_noise_static,aging,shield,28,0.165144212303885
p06_noise_static,aging,shield,29,0.258067081298773
p06_noise_static,aging,shield,30,0.214941090974882
p06_noise_static,aging,shield,31,0.247220122808035
p06_noise_static,aging,shield,32,0.282219949130405
p06_noise_static,aging,shield,33,0.224035886448487
p06_noise_static,aging,shield,34,0.245045982287894
p06_noise_static,aging,shield,35,0.253499200417041
p06_noise_static,aging,shield,36,0.337897989545318
p06_noise_static,aging,shield,37,0.275498737553679
p06_noise_static,aging,shield,38,0.282929545355627
p06_noise_static,aging,shield,39,0.308739362377017
p06_noise_static,aging,shield,40,0.287822993268422
p06_noise_static,aging,shield,41,0.157560707470117
p06_noise_static,aging,shield,42,0.248179314540692
p06_noise_static,aging,shield,43,0.213473025169515
p06_noise_static,aging,shield,44,0.162338930372492
p06_noise_static,aging,shield,45,0.244675380293045
p06_noise_static,aging,shield,46,0.186491108143826
p06_noise_static,aging,shield,47,0.231442219031027
p06_noise_static,aging,shield,48,0.299950677873791
p06_noise_static,aging,shield,49,0.186152579474733
p06_noise_static,aging,shield,50,0.340554960322342
p06_noise_static,aging,shield,51,0.318572724641349
p06_noise_static,aging,shield,52,0.320322479077322
p06_noise_static,aging,shield,53,0.117721178274260
p06_noise_static,aging,shield,54,0.281300812476006
p06_noise_static,aging,shield,55,0.282459813067589
p06_noise_static,aging,shield,56,0.267446260201001
p06_noise_static,aging,shield,57,0.163369283758706
p06_noise_static,aging,shield,58,0.232867925418145
p06_noise_static,aging,shield,59,0.244981613657545
p06_noise_static,aging,shield,60,0.163155601828785
p06_noise_static,aging,shield,61,0.301082782402395
p06_noise_static,aging,shield,62,0.291873632557106
p06_noise_static,aging,shield,63,0.220056601591781
p06_tone_control,aging,shield,0,0.056951586699167
p06_tone_control,aging,shield,1,0.056873190758989
p06_tone_control,aging,shield,2,0.055959777485340
p06_tone_control,aging,shield,3,0.056823801935288
p06_tone_control,aging,shield,4,0.057274179949317
p06_tone_control,aging,shield,5,0.056497483610073
p06_tone_control,aging,shield,6,0.056664417102388
p06_tone_control,aging,shield,7,0.056209870899450
p06_tone_control,aging,shield,8,0.056600780433519
p06_tone_control,aging,shield,9,0.056600900223052
p06_tone_control,aging,shield,10,0.056810081280689
p06_tone_control,aging,shield,11,0.056711094140333
p06_tone_control,aging,shield,12,0.056783562103939
p06_tone_control,aging,shield,13,0.056661195652918
p06_tone_control,aging,shield,14,0.056617218539416
p06_tone_control,aging,shield,15,0.056711510508980
p06_tone_control,aging,shield,16,0.056914235846673
p06_tone_control,aging,shield,17,0.056654362925080
p06_tone_control,aging,shield,18,0.056943022220063
p06_tone_control,aging,shield,19,0.056820243814547
p06_tone_control,aging,shield,20,0.056773407956427
p06_tone_control,aging,shield,21,0.056764589756025
p06_tone_control,aging,shield,22,0.056573085154106
p06_tone_control,aging,shield,23,0.056846593993978
p06_tone_control,aging,shield,24,0.056997979319548
p06_tone_control,aging,shield,25,0.056939340286457
p06_tone_control,aging,shield,26,0.056855735893378
p06_tone_control,aging,shield,27,0.056567217115576
p06_tone_control,aging,shield,28,0.056812427171205
p06_tone_control,aging,shield,29,0.056878987531439
p06_tone_control,aging,shield,30,0.056483490478548
p06_tone_control,aging,shield,31,0.057253902778515
p06_tone_control,aging,shield,32,0.057370047213726
p06_tone_control,aging,shield,33,0.056613008612040
p06_tone_control,aging,shield,34,0.056822151231208
p06_tone_control,aging,shield,35,0.056788998013672
p06_tone_control,aging,shield,36,0.056813258294802
p06_tone_control,aging,shield,37,0.056711623907888
p06_tone_control,aging,shield,38,0.056737482579899
p06_tone_control,aging,shield,39,0.056535453757091
p06_tone_control,aging,shield,40,0.056643660793175
p06_tone_control,aging,shield,41,0.056825852871353
p06_tone_control,aging,shield,42,0.056959989298759
p06_tone_control,aging,shield,43,0.056800241882960
p06_tone_control,aging,shield,44,0.056966285158968
p06_tone_control,aging,shield,45,0.056581077617283
p06_tone_control,aging,shield,46,0.056637918911806
p06_tone_control,aging,shield,47,0.057111859089059
p06_tone_control,aging,shield,48,0.056595737455073
p06_tone_control,aging,shield,49,0.056496532239726
p06_tone_control,aging,shield,50,0.057225701128197
p06_tone_control,aging,shield,51,0.056914547499078
p06_tone_control,aging,shield,52,0.057255723225232
p06_tone_control,aging,shield,53,0.056925149735190
p06_tone_control,aging,shield,54,0.056898882934015
p06_tone_control,aging,shield,55,0.056875531416472
p06_tone_control,aging,shield,56,0.056785179844620
p06_tone_control,aging,shield,57,0.056814451840632
p06_tone_control,aging,shield,58,0.056770838895275
p06_tone_control,aging,shield,59,0.056873384110850
p06_tone_control,aging,shield,60,0.056578859296727
p06_tone_control,aging,shield,61,0.056797290517291
p06_tone_control,aging,shield,62,0.056628694811470
p06_tone_control,aging,shield,63,0.056473632347194
p06_noise_random_pulse,aging,sleep,0,0.589952257278792
p06_noise_random_pulse,aging,sleep,1,0.547705553283422
p06_noise_random_pulse,aging,sleep,2,0.653512482484627
p06_noise_random_pulse,aging,sleep,3,0.633158153899275
p06_noise_random_pulse,aging,sleep,4,0.510683649054067
p06_noise_random_pulse,aging,sleep,5,0.636230853354776
p06_noise_random_pulse,aging,sleep,6,0.521685046397586
p06_noise_random_pulse,aging,sleep,7,0.592320546900428
p06_noise_random_pulse,aging,sleep,8,0.521468898971095
p06_noise_random_pulse,aging,sleep,9,0.554395814221847
p06_noise_random_pulse,aging,sleep,10,0.574820476593407
p06_noise_random_pulse,aging,sleep,11,0.536255947287363
p06_noise_random_pulse,aging,sleep,12,0.640421330912416
p06_noise_random_pulse,aging,sleep,13,0.597931653738993
p06_noise_random_pulse,aging,sleep,14,0.388085325647818
p06_noise_random_pulse,aging,sleep,15,0.572325183402056
p06_noise_random_pulse,aging,sleep,16,0.574121896297852
p06_noise_random_pulse,aging,sleep,17,0.515163241337403
p06_noise_random_pulse,aging,sleep,18,0.608658526943080
p06_noise_random_pulse,aging,sleep,19,0.546784923033047
p06_noise_random_pulse,aging,sleep,20,0.489273516551247
p06_noise_random_pulse,aging,sleep,21,0.543569188788039
p06_noise_random_pulse,aging,sleep,22,0.579149763388341
p06_noise_random_pulse,aging,sleep,23,0.574107361094802
p06_noise_random_pulse,aging,sleep,24,0.415069209855033
p06_noise_random_pulse,aging,sleep,25,0.514683501716012
p06_noise_random_pulse,aging,sleep,26,0.503901577014717
p06_noise_random_pulse,aging,sleep,27,0.515352479165420
p06_noise_random_pulse,aging,sleep,28,0.481676493004456
p06_noise_random_pulse,aging,sleep,29,0.472517427126609
p06_noise_random_pulse,aging,sleep,30,0.513730142098876
p06_noise_random_pulse,aging,sleep,31,0.581921879589676
p06_noise_random_pulse,aging,sleep,32,0.537685751962019
p06_noise_random_pulse,aging,sleep,33,0.551211243873353
p06_noise_random_pulse,aging,sleep,34,0.505935078166866
p06_noise_random_pulse,aging,sleep,35,0.535679355393394
p06_noise_random_pulse,aging,sleep,36,0.481480921069115
p06_noise_random_pulse,aging,sleep,37,0.580290118500054
p06_noise_random_pulse,aging,sleep,38,0.500091467515364
p06_noise_random_pulse,aging,sleep,39,0.506894637911779
p06_noise_random_pulse,aging,sleep,40,0.551980623723728
p06_noise_random_pulse,aging,sleep,41,0.487678400719856
p06_noise_random_pulse,aging,sleep,42,0.682665286176376
p06_noise_random_pulse,aging,sleep,43,0.584021299224150
p06_noise_random_pulse,aging,sleep,44,0.522991625295399
p06_noise_random_pulse,aging,sleep,45,0.587578309951920
p06_noise_random_pulse,aging,sleep,46,0.555846144866101
p06_noise_random_pulse,aging,sleep,47,0.414758030967408
p06_noise_random_pulse,aging,sleep,48,0.665263400560236
p06_noise_random_pulse,aging,sleep,49,0.643285686768216
p06_noise_random_pulse,aging,sleep,50,0.465525624042083
p06_noise_random_pulse,aging,sleep,51,0.675229520875863
p06_noise_random_pulse,aging,sleep,52,0.581272651535691
p06_noise_random_pulse,aging,sleep,53,0.503045604174417
p06_noise_random_pulse,aging,sleep,54,0.616846127837991
p06_noise_random_pulse,aging,sleep,55,0.554736158084292
p06_noise_random_pulse,aging,sleep,56,0.594852212018641
p06_noise_random_pulse,aging,sleep,57,0.635500924473336
p06_noise_random_pulse,aging,sleep,58,0.339390304955268
p06_noise_random_pulse,aging,sleep,59,0.507965973876892
p06_noise_random_pulse,aging,sleep,60,0.623000826130031
p06_noise_random_pulse,aging,sleep,61,0.594668644265904
p06_noise_random_pulse,aging,sleep,62,0.533113104529356
p06_noise_random_pulse,aging,sleep,63,0.354262878528897
p06_noise_random_walk,aging,sleep,0,0.474877231764497
p06_noise_random_walk,aging,sleep,1,0.342279675004110
p06_noise_random_walk,aging,sleep,2,0.634602003309325
p06_noise_random_walk,aging,sleep,3,0.579676412922120
p06_noise_random_walk,aging,sleep,4,0.616964638368277
p06_noise_random_walk,aging,sleep,5,0.748911139146781
p06_noise_random_walk,aging,sleep,6,0.587968657929204
p06_noise_random_walk,aging,sleep,7,0.590579106300903
p06_noise_random_walk,aging,sleep,8,0.697782528899187
p06_noise_random_walk,aging,sleep,9,0.607124506492674
p06_noise_random_walk,aging,sleep,10,0.817313430820500
p06_noise_random_walk,aging,sleep,11,0.702256154372925
p06_noise_random_walk,aging,sleep,12,0.507862119326059
p06_noise_random_walk,aging,sleep,13,0.495887206176070
p06_noise_random_walk,aging,sleep,14,0.549524007131249
p06_noise_random_walk,aging,sleep,15,0.439821029711222
p06_noise_random_walk,aging,sleep,16,0.540887733305883
p06_noise_random_walk,aging,sleep,17,0.711544024100095
p06_noise_random_walk,aging,sleep,18,0.577705221309881
p06_noise_random_walk,aging,sleep,19,0.588585983880242
p06_noise_random_walk,aging,sleep,20,0.791398499130717
p06_noise_random_walk,aging,sleep,21,0.575440861509428
p06_noise_random_walk,aging,sleep,22,0.499481698072887
p06_noise_random_walk,aging,sleep,23,0.417352998698652
p06_noise_random_walk,aging,sleep,24,0.650709031415515
p06_noise_random_walk,aging,sleep,25,0.581093107054129
p06_noise_random_walk,aging,sleep,26,0.603747392035710
p06_noise_random_walk,aging,sleep,27,0.408071613643793
p06_noise_random_walk,aging,sleep,28,0.516867715578677
p06_noise_random_walk,aging,sleep,29,0.481160065723954
p06_noise_random_walk,aging,sleep,30,0.580043681925865
p06_noise_random_walk,aging,sleep,31,0.712066602520147
p06_noise_random_walk,aging,sleep,32,0.566709473745195
p06_noise_random_walk,aging,sleep,33,0.488639360140162
p06_noise_random_walk,aging,sleep,34,0.612483507396954
p06_noise_random_walk,aging,sleep,35,0.696299523162476
p06_noise_random_walk,aging,sleep,36,0.783622014665255
p06_noise_random_walk,aging,sleep,37,0.701944693343651
p06_noise_random_walk,aging,sleep,38,0.462955781883978
p06_noise_random_walk,aging,sleep,39,0.625333993107053
p06_noise_random_walk,aging,sleep,40,0.449747327361262
p06_noise_random_walk,aging,sleep,41,0.521061527456864
p06_noise_random_walk,aging,sleep,42,0.395107097360757
p06_noise_random_walk,aging,sleep,43,0.564848327029565
p06_noise_random_walk,aging,sleep,44,0.575486585637108
p06_noise_random_walk,aging,sleep,45,0.531208449071739
p06_noise_random_walk,aging,sleep,46,0.428405710808902
p06_noise_random_walk,aging,sleep,47,0.539192475760051
p06_noise_random_walk,aging,sleep,48,0.453078391630810
p06_noise_random_walk,aging,sleep,49,0.481094986308011
p06_noise_random_walk,aging,sleep,50,0.557365832578287
p06_noise_random_walk,aging,sleep,51,0.504726734114763
p06_noise_random_walk,aging,sleep,52,0.754436305114191
p06_noise_random_walk,aging,sleep,53,0.464074496400487
p06_noise_random_walk,aging,sleep,54,0.610365456358494
p06_noise_random_walk,aging,sleep,55,0.500102482842492
p06_noise_random_walk,aging,sleep,56,0.621243228903560
p06_noise_random_walk,aging,sleep,57,0.537946512135078
p06_noise_random_walk,aging,sleep,58,0.600769957534106
p06_noise_random_walk,aging,sleep,59,0.385984031497322
p06_noise_random_walk,aging,sleep,60,0.468746093190977
p06_noise_random_walk,aging,sleep,61,0.683578672375554
p06_noise_random_walk,aging,sleep,62,0.622805272395643
p06_noise_random_walk,aging,sleep,63,0.529703232066368
p06_noise_room,aging,sleep,0,0.616921615466960
p06_noise_room,aging,sleep,1,0.710836346959615
p06_noise_room,aging,sleep,2,0.685970449609569
p06_noise_room,aging,sleep,3,0.660554102034775
p06_noise_room,aging,sleep,4,0.646551308525978
p06_noise_room,aging,sleep,5,0.606610651358486
p06_noise_room,aging,sleep,6,0.475586735752969
p06_noise_room,aging,sleep,7,0.510624125025208
p06_noise_room,aging,sleep,8,0.467780076943412
p06_noise_room,aging,sleep,9,0.510220610043888
p06_noise_room,aging,sleep,10,0.627089471185529
p06_noise_room,aging,sleep,11,0.524912956256035
p06_noise_room,aging,sleep,12,0.641644276016884
p06_noise_room,aging,sleep,13,0.447851291644458
p06_noise_room,aging,sleep,14,0.522791726494941
p06_noise_room,aging,sleep,15,0.592129874955758
p06_noise_room,aging,sleep,16,0.711079775405786
p06_noise_room,aging,sleep,17,0.584413328148569
p06_noise_room,aging,sleep,18,0.579568748046238
p06_noise_room,aging,sleep,19,0.840946770348479
p06_noise_room,aging,sleep,20,0.609937718421599
p06_noise_room,aging,sleep,21,0.601508899451570
p06_noise_room,aging,sleep,22,0.712465207651318
p06_noise_room,aging,sleep,23,0.575067097442838
p06_noise_room,aging,sleep,24,0.470828463705367
p06_noise_room,aging,sleep,25,0.718055506412599
p06_noise_room,aging,sleep,26,0.728830860820123
p06_noise_room,aging,sleep,27,0.491155757623020
p06_noise_room,aging,sleep,28,0.601455197362734
p06_noise_room,aging,sleep,29,0.564864284452912
p06_noise_room,aging,sleep,30,0.583678169585256
p06_noise_room,aging,sleep,31,0.606287916895055
p06_noise_room,aging,sleep,32,0.547630000525051
p06_noise_room,aging,sleep,33,0.708347135747334
p06_noise_room,aging,sleep,34,0.545262704202993
p06_noise_room,aging,sleep,35,0.647166008956679
p06_noise_room,aging,sleep,36,0.534343095833209
p06_noise_room,aging,sleep,37,0.617336986493762
p06_noise_room,aging,sleep,38,0.610826852316482
p06_noise_room,aging,sleep,39,0.651343623666562
p06_noise_room,aging,sleep,40,0.640575198260787
p06_noise_room,aging,sleep,41,0.625216046113574
p06_noise_room,aging,sleep,42,0.682570930408353
p06_noise_room,aging,sleep,43,0.530732884394583
p06_noise_room,aging,sleep,44,0.672881839882171
p06_noise_room,aging,sleep,45,0.505916476229344
p06_noise_room,aging,sleep,46,0.510316260582035
p06_noise_room,aging,sleep,47,0.396968060383308
p06_noise_room,aging,sleep,48,0.570018998406293
p06_noise_room,aging,sleep,49,0.637914721578867
p06_noise_room,aging,sleep,50,0.314730703460894
p06_noise_room,aging,sleep,51,0.451146747772793
p06_noise_room,aging,sleep,52,0.634044835105442
p06_noise_room,aging,sleep,53,0.504796469804892
p06_noise_room,aging,sleep,54,0.505330322409863
p06_noise_room,aging,sleep,55,0.584429087442565
p06_noise_room,aging,sleep,56,0.676929307189562
p06_noise_room,aging,sleep,57,0.567928104260236
p06_noise_room,aging,sleep,58,0.621554380120779
p06_noise_room,aging,sleep,59,0.546519334658095
p06_noise_room,aging,sleep,60,0.591556927269268
p06_noise_room,aging,sleep,61,0.689725838661803
p06_noise_room,aging,sleep,62,0.576290143471678
p06_noise_room,aging,sleep,63,0.709255456173439
p06_noise_static,aging,sleep,0,0.622492915935634
p06_noise_static,aging,sleep,1,0.400805642278225
p06_noise_static,aging,sleep,2,0.472929444117783
p06_noise_static,aging,sleep,3,0.490289326124647
p06_noise_static,aging,sleep,4,0.504248437811412
p06_noise_static,aging,sleep,5,0.533137343634166
p06_noise_static,aging,sleep,6,0.471601583104442
p06_noise_static,aging,sleep,7,0.464349280627008
p06_noise_static,aging,sleep,8,0.378889490073700
p06_noise_static,aging,sleep,9,0.638895065776601
p06_noise_static,aging,sleep,10,0.572247399499238
p06_noise_static,aging,sleep,11,0.576189768925096
p06_noise_static,aging,sleep,12,0.693126428458022
p06_noise_static,aging,sleep,13,0.676130264850765
p06_noise_static,aging,sleep,14,0.498561253424271
p06_noise_static,aging,sleep,15,0.502313638064253
p06_noise_static,aging,sleep,16,0.577804679311909
p06_noise_static,aging,sleep,17,0.677876514830805
p06_noise_static,aging,sleep,18,0.501649267042261
p06_noise_static,aging,sleep,19,0.646411621469158
p06_noise_static,aging,sleep,20,0.596947579056079
p06_noise_static,aging,sleep,21,0.570122210316624
p06_noise_static,aging,sleep,22,0.724003055518322
p06_noise_static,aging,sleep,23,0.498943886917815
p06_noise_static,aging,sleep,24,0.582201468738424
p06_noise_static,aging,sleep,25,0.527877886843744
p06_noise_static,aging,sleep,26,0.526670628978391
p06_noise_static,aging,sleep,27,0.602546601060564
p06_noise_static,aging,sleep,28,0.639934366825329
p06_noise_static,aging,sleep,29,0.716667326479162
p06_noise_static,aging,sleep,30,0.610883643540907
p06_noise_static,aging,sleep,31,0.628664903749838
p06_noise_static,aging,sleep,32,0.519296554552217
p06_noise_static,aging,sleep,33,0.541244428197322
p06_noise_static,aging,sleep,34,0.548360861203982
p06_noise_static,aging,sleep,35,0.559630583306697
p06_noise_static,aging,sleep,36,0.520765615721121
p06_noise_static,aging,sleep,37,0.696394299955470
p06_noise_static,aging,sleep,38,0.434543958367467
p06_noise_static,aging,sleep,39,0.526254723336320
p06_noise_static,aging,sleep,40,0.535410579310827
p06_noise_static,aging,sleep,41,0.503295737025200
p06_noise_static,aging,sleep,42,0.510467465422400
p06_noise_static,aging,sleep,43,0.509638507988478
p06_noise_static,aging,sleep,44,0.597515768848784
p06_noise_static,aging,sleep,45,0.639362212976505
p06_noise_static,aging,sleep,46,0.833115565098102
p06_noise_static,aging,sleep,47,0.699444941481743
p06_noise_static,aging,sleep,48,0.524372043308811
p06_noise_static,aging,sleep,49,0.680208218138908
p06_noise_static,aging,sleep,50,0.419505239948496
p06_noise_static,aging,sleep,51,0.601283660623991
p06_noise_static,aging,sleep,52,0.519087371382257
p06_noise_static,aging,sleep,53,0.476423897129681
p06_noise_static,aging,sleep,54,0.445422605296552
p06_noise_static,aging,sleep,55,0.617128350426065
p06_noise_static,aging,sleep,56,0.654544320053318
p06_noise_static,aging,sleep,57,0.614318670182505
p06_noise_static,aging,sleep,58,0.649614847023424
p06_noise_static,aging,sleep,59,0.622922310591329
p06_noise_static,aging,sleep,60,0.654050458084334
p06_noise_static,aging,sleep,61,0.626613198806275
p06_noise_static,aging,sleep,62,0.614986362633365
p06_noise_static,aging,sleep,63,0.701746718795657
p06_tone_control,aging,sleep,0,0.362860475275884
p06_tone_control,aging,sleep,1,0.368819580607902
p06_tone_control,aging,sleep,2,0.361098521442431
p06_tone_control,aging,sleep,3,0.367584496525331
p06_tone_control,aging,sleep,4,0.372057453105610
p06_tone_control,aging,sleep,5,0.367536969179936
p06_tone_control,aging,sleep,6,0.384722389053485
p06_tone_control,aging,sleep,7,0.361201322686827
p06_tone_control,aging,sleep,8,0.367435417926029
p06_tone_control,aging,sleep,9,0.374418014324501
p06_tone_control,aging,sleep,10,0.369651051011151
p06_tone_control,aging,sleep,11,0.371092998511139
p06_tone_control,aging,sleep,12,0.378735387645206
p06_tone_control,aging,sleep,13,0.358176525296874
p06_tone_control,aging,sleep,14,0.367656907810319
p06_tone_control,aging,sleep,15,0.375288567610267
p06_tone_control,aging,sleep,16,0.380427435308007
p06_tone_control,aging,sleep,17,0.387322132402606
p06_tone_control,aging,sleep,18,0.360172070768340
p06_tone_control,aging,sleep,19,0.369389499051928
p06_tone_control,aging,sleep,20,0.368980724375252
p06_tone_control,aging,sleep,21,0.363105891359634
p06_tone_control,aging,sleep,22,0.369268261293709
p06_tone_control,aging,sleep,23,0.369435300986724
p06_tone_control,aging,sleep,24,0.369349873631595
p06_tone_control,aging,sleep,25,0.374867340270637
p06_tone_control,aging,sleep,26,0.370635981439987
p06_tone_control,aging,sleep,27,0.367691063874630
p06_tone_control,aging,sleep,28,0.367578523809565
p06_tone_control,aging,sleep,29,0.357260892781662
p06_tone_control,aging,sleep,30,0.373696762848470
p06_tone_control,aging,sleep,31,0.359759176385288
p06_tone_control,aging,sleep,32,0.357473620549482
p06_tone_control,aging,sleep,33,0.371937712886585
p06_tone_control,aging,sleep,34,0.371439007606412
p06_tone_control,aging,sleep,35,0.362358434423123
p06_tone_control,aging,sleep,36,0.364060586873975
p06_tone_control,aging,sleep,37,0.367161487554374
p06_tone_control,aging,sleep,38,0.369655752636746
p06_tone_control,aging,sleep,39,0.368030491528800
p06_tone_control,aging,sleep,40,0.365987970947134
p06_tone_control,aging,sleep,41,0.365599032180997
p06_tone_control,aging,sleep,42,0.374341763950926
p06_tone_control,aging,sleep,43,0.377523285984382
p06_tone_control,aging,sleep,44,0.365946672886921
p06_tone_control,aging,sleep,45,0.362770373581760
p06_tone_control,aging,sleep,46,0.381422612940749
p06_tone_control,aging,sleep,47,0.366926085621177
p06_tone_control,aging,sleep,48,0.366646390819046
p06_tone_control,aging,sleep,49,0.367292348957198
p06_tone_control,aging,sleep,50,0.371854279339489
p06_tone_control,aging,sleep,51,0.369564851091536
p06_tone_control,aging,sleep,52,0.371749525300531
p06_tone_control,aging,sleep,53,0.365680760425574
p06_tone_control,aging,sleep,54,0.374716766968162
p06_tone_control,aging,sleep,55,0.371253779637666
p06_tone_control,aging,sleep,56,0.368528151213302
p06_tone_control,aging,sleep,57,0.371600393680662
p06_tone_control,aging,sleep,58,0.371800811921816
p06_tone_control,aging,sleep,59,0.366853135147581
p06_tone_control,aging,sleep,60,0.362612250762453
p06_tone_control,aging,sleep,61,0.367887879380876
p06_tone_control,aging,sleep,62,0.360711819371497
p06_tone_control,aging,sleep,63,0.366708666988264
p06_noise_random_pulse,anxious,deep_relaxation,0,0.616047699317512
p06_noise_random_pulse,anxious,deep_relaxation,1,0.543592841968843
p06_noise_random_pulse,anxious,deep_relaxation,2,0.579925371338682
p06_noise_random_pulse,anxious,deep_relaxation,3,0.574775597724093
p06_noise_random_pulse,anxious,deep_relaxation,4,0.527628097470033
p06_noise_random_pulse,anxious,deep_relaxation,5,0.545129820265276
p06_noise_random_pulse,anxious,deep_relaxation,6,0.575721186350315
p06_noise_random_pulse,anxious,deep_relaxation,7,0.611897496176367
p06_noise_random_pulse,anxious,deep_relaxation,8,0.542007190827655
p06_noise_random_pulse,anxious,deep_relaxation,9,0.516832739341720
p06_noise_random_pulse,anxious,deep_relaxation,10,0.481402558998981
p06_noise_random_pulse,anxious,deep_relaxation,11,0.646701296574054
p06_noise_random_pulse,anxious,deep_relaxation,12,0.573087158574235
p06_noise_random_pulse,anxious,deep_relaxation,13,0.514854399370704
p06_noise_random_pulse,anxious,deep_relaxation,14,0.458928821121619
p06_noise_random_pulse,anxious,deep_relaxation,15,0.634188023670056
p06_noise_random_pulse,anxious,deep_relaxation,16,0.560864693086329
p06_noise_random_pulse,anxious,deep_relaxation,17,0.596408542541755
p06_noise_random_pulse,anxious,deep_relaxation,18,0.520256912252708
p06_noise_random_pulse,anxious,deep_relaxation,19,0.565083969291876
p06_noise_random_pulse,anxious,deep_relaxation,20,0.479384799219861
p06_noise_random_pulse,anxious,deep_relaxation,21,0.476539590213073
p06_noise_random_pulse,anxious,deep_relaxation,22,0.539148034220261
p06_noise_random_pulse,anxious,deep_relaxation,23,0.513016644688218
p06_noise_random_pulse,anxious,deep_relaxation,24,0.453415790759948
p06_noise_random_pulse,anxious,deep_relaxation,25,0.509819568472877
p06_noise_random_pulse,anxious,deep_relaxation,26,0.556824174718830
p06_noise_random_pulse,anxious,deep_relaxation,27,0.592700036130502
p06_noise_random_pulse,anxious,deep_relaxation,28,0.516587735076018
p06_noise_random_pulse,anxious,deep_relaxation,29,0.516831049122345
p06_noise_random_pulse,anxious,deep_relaxation,30,0.503990287766134
p06_noise_random_pulse,anxious,deep_relaxation,31,0.661142189346182
p06_noise_random_pulse,anxious,deep_relaxation,32,0.574850661224883
p06_noise_random_pulse,anxious,deep_relaxation,33,0.666225322667525
p06_noise_random_pulse,anxious,deep_relaxation,34,0.512436277298318
p06_noise_random_pulse,anxious,deep_relaxation,35,0.581776673409124
p06_noise_random_pulse,anxious,deep_relaxation,36,0.604878697317893
p06_noise_random_pulse,anxious,deep_relaxation,37,0.564009213764296
p06_noise_random_pulse,anxious,deep_relaxation,38,0.517974132391457
p06_noise_random_pulse,anxious,deep_relaxation,39,0.547361474344339
p06_noise_random_pulse,anxious,deep_relaxation,40,0.547704801461989
p06_noise_random_pulse,anxious,deep_relaxation,41,0.510726650911482
p06_noise_random_pulse,anxious,deep_relaxation,42,0.617129009161848
p06_noise_random_pulse,anxious,deep_relaxation,43,0.590112342761937
p06_noise_random_pulse,anxious,deep_relaxation,44,0.515543389198980
p06_noise_random_pulse,anxious,deep_relaxation,45,0.480972561562141
p06_noise_random_pulse,anxious,deep_relaxation,46,0.446177304397885
p06_noise_random_pulse,anxious,deep_relaxation,47,0.576406297012922
p06_noise_random_pulse,anxious,deep_relaxation,48,0.575167137485659
p06_noise_random_pulse,anxious,deep_relaxation,49,0.634091090885675
p06_noise_random_pulse,anxious,deep_relaxation,50,0.449610015457508
p06_noise_random_pulse,anxious,deep_relaxation,51,0.723818024770407
p06_noise_random_pulse,anxious,deep_relaxation,52,0.674396201148424
p06_noise_random_pulse,anxious,deep_relaxation,53,0.585359434741694
p06_noise_random_pulse,anxious,deep_relaxation,54,0.779723871138317
p06_noise_random_pulse,anxious,deep_relaxation,55,0.490364356180162
p06_noise_random_pulse,anxious,deep_relaxation,56,0.507880987727280
p06_noise_random_pulse,anxious,deep_relaxation,57,0.585891201394338
p06_noise_random_pulse,anxious,deep_relaxation,58,0.487390689650896
p06_noise_random_pulse,anxious,deep_relaxation,59,0.516974805877755
p06_noise_random_pulse,anxious,deep_relaxation,60,0.468811464619305
p06_noise_random_pulse,anxious,deep_relaxation,61,0.657919587939264
p06_noise_random_pulse,anxious,deep_relaxation,62,0.642605236994833
p06_noise_random_pulse,anxious,deep_relaxation,63,0.652676081011212
p06_noise_random_walk,anxious,deep_relaxation,0,0.739442241663773
p06_noise_random_walk,anxious,deep_relaxation,1,0.569407515195494
p06_noise_random_walk,anxious,deep_relaxation,2,0.623591606485402
p06_noise_random_walk,anxious,deep_relaxation,3,0.498774712612409
p06_noise_random_walk,anxious,deep_relaxation,4,0.619323954588199
p06_noise_random_walk,anxious,deep_relaxation,5,0.561978965532238
p06_noise_random_walk,anxious,deep_relaxation,6,0.697130429133065
p06_noise_random_walk,anxious,deep_relaxation,7,0.847277748820123
p06_noise_random_walk,anxious,deep_relaxation,8,0.589513113854372
p06_noise_random_walk,anxious,deep_relaxation,9,0.554188593496686
p06_noise_random_walk,anxious,deep_relaxation,10,0.420685744919008
p06_noise_random_walk,anxious,deep_relaxation,11,0.697734101193028
p06_noise_random_walk,anxious,deep_relaxation,12,0.500898526644525
p06_noise_random_walk,anxious,deep_relaxation,13,0.673473068140375
p06_noise_random_walk,anxious,deep_relaxation,14,0.573810763784893
p06_noise_random_walk,anxious,deep_relaxation,15,0.574525274655330
p06_noise_random_walk,anxious,deep_relaxation,16,0.419475822100483
p06_noise_random_walk,anxious,deep_relaxation,17,0.654348944611245
p06_noise_random_walk,anxious,deep_relaxation,18,0.508338407349567
p06_noise_random_walk,anxious,deep_relaxation,19,0.640314658616417
p06_noise_random_walk,anxious,deep_relaxation,20,0.545656446322215
p06_noise_random_walk,anxious,deep_relaxation,21,0.435311538134909
p06_noise_random_walk,anxious,deep_relaxation,22,0.474919251299709
p06_noise_random_walk,anxious,deep_relaxation,23,0.627340478700239
p06_noise_random_walk,anxious,deep_relaxation,24,0.655436592061529
p06_noise_random_walk,anxious,deep_relaxation,25,0.721026444069565
p06_noise_random_walk,anxious,deep_relaxation,26,0.662360526831495
p06_noise_random_walk,anxious,deep_relaxation,27,0.846023029256792
p06_noise_random_walk,anxious,deep_relaxation,28,0.752606793249336
p06_noise_random_walk,anxious,deep_relaxation,29,0.504732484315599
p06_noise_random_walk,anxious,deep_relaxation,30,0.523248712973804
p06_noise_random_walk,anxious,deep_relaxation,31,0.848347501421032
p06_noise_random_walk,anxious,deep_relaxation,32,0.538945020907241
p06_noise_random_walk,anxious,deep_relaxation,33,0.518761959672276
p06_noise_random_walk,anxious,deep_relaxation,34,0.640689677401622
p06_noise_random_walk,anxious,deep_relaxation,35,0.993050437072360
p06_noise_random_walk,anxious,deep_relaxation,36,0.516493600843996
p06_noise_random_walk,anxious,deep_relaxation,37,0.685083298023823
p06_noise_random_walk,anxious,deep_relaxation,38,0.679414591448969
p06_noise_random_walk,anxious,deep_relaxation,39,0.585899821309811
p06_noise_random_walk,anxious,deep_relaxation,40,0.563013816654928
p06_noise_random_walk,anxious,deep_relaxation,41,0.580896979711992
p06_noise_random_walk,anxious,deep_relaxation,42,0.594162178249684
p06_noise_random_walk,anxious,deep_relaxation,43,0.672182419621800
p06_noise_random_walk,anxious,deep_relaxation,44,0.424254312693502
p06_noise_random_walk,anxious,deep_relaxation,45,0.847583249828123
p06_noise_random_walk,anxious,deep_relaxation,46,0.531088424469592
p06_noise_random_walk,anxious,deep_relaxation,47,0.479007481074381
p06_noise_random_walk,anxious,deep_relaxation,48,0.504275100602192
p06_noise_random_walk,anxious,deep_relaxation,49,0.626633299782941
p06_noise_random_walk,anxious,deep_relaxation,50,0.666272069999734
p06_noise_random_walk,anxious,deep_relaxation,51,0.596700972423721
p06_noise_random_walk,anxious,deep_relaxation,52,0.777982280105380
p06_noise_random_walk,anxious,deep_relaxation,53,0.608483962464615
p06_noise_random_walk,anxious,deep_relaxation,54,0.548980554224374
p06_noise_random_walk,anxious,deep_relaxation,55,0.581254884596991
p06_noise_random_walk,anxious,deep_relaxation,56,0.656176708149983
p06_noise_random_walk,anxious,deep_relaxation,57,0.577071745322891
p06_noise_random_walk,anxious,deep_relaxation,58,0.549895872206598
p06_noise_random_walk,anxious,deep_relaxation,59,0.603861748574264
p06_noise_random_walk,anxious,deep_relaxation,60,0.690606837043224
p06_noise_random_walk,anxious,deep_relaxation,61,0.381729282910969
p06_noise_random_walk,anxious,deep_relaxation,62,0.602086094744143
p06_noise_random_walk,anxious,deep_relaxation,63,0.452391145403476
p06_noise_room,anxious,deep_relaxation,0,0.411469418540315
p06_noise_room,anxious,deep_relaxation,1,0.511775669951830
p06_noise_room,anxious,deep_relaxation,2,0.534984419472881
p06_noise_room,anxious,deep_relaxation,3,0.483263379036009
p06_noise_room,anxious,deep_relaxation,4,0.548877071133716
p06_noise_room,anxious,deep_relaxation,5,0.582830497690222
p06_noise_room,anxious,deep_relaxation,6,0.579819249926159
p06_noise_room,anxious,deep_relaxation,7,0.553066308546640
p06_noise_room,anxious,deep_relaxation,8,0.495729397694693
p06_noise_room,anxious,deep_relaxation,9,0.510982325124447
p06_noise_room,anxious,deep_relaxation,10,0.532399272503253
p06_noise_room,anxious,deep_relaxation,11,0.519210398340860
p06_noise_room,anxious,deep_relaxation,12,0.544630575797981
p06_noise_room,anxious,deep_relaxation,13,0.453077314189362
p06_noise_room,anxious,deep_relaxation,14,0.690725643578460
p06_noise_room,anxious,deep_relaxation,15,0.608451510847343
p06_noise_room,anxious,deep_relaxation,16,0.554942017752033
p06_noise_room,anxious,deep_relaxation,17,0.548059237618698
p06_noise_room,anxious,deep_relaxation,18,0.613820681419435
p06_noise_room,anxious,deep_relaxation,19,0.535258491171255
p06_noise_room,anxious,deep_relaxation,20,0.453819237409113
p06_noise_room,anxious,deep_relaxation,21,0.575592502323004
p06_noise_room,anxious,deep_relaxation,22,0.588385791694863
p06_noise_room,anxious,deep_relaxation,23,0.453195339625910
p06_noise_room,anxious,deep_relaxation,24,0.570755544671191
p06_noise_room,anxious,deep_relaxation,25,0.617262458793338
p06_noise_room,anxious,deep_relaxation,26,0.497536682850710
p06_noise_room,anxious,deep_relaxation,27,0.541431434731863
p06_noise_room,anxious,deep_relaxation,28,0.567806875410481
p06_noise_room,anxious,deep_relaxation,29,0.527314776651556
p06_noise_room,anxious,deep_relaxation,30,0.599344833244804
p06_noise_room,anxious,deep_relaxation,31,0.565945216263458
p06_noise_room,anxious,deep_relaxation,32,0.503730153614097
p06_noise_room,anxious,deep_relaxation,33,0.599148317517073
p06_noise_room,anxious,deep_relaxation,34,0.493943551674548
p06_noise_room,anxious,deep_relaxation,35,0.506417075867845
p06_noise_room,anxious,deep_relaxation,36,0.544710382715461
p06_noise_room,anxious,deep_relaxation,37,0.613598036018833
p06_noise_room,anxious,deep_relaxation,38,0.612017155505616
p06_noise_room,anxious,deep_relaxation,39,0.538160011817853
p06_noise_room,anxious,deep_relaxation,40,0.656119599760249
p06_noise_room,anxious,deep_relaxation,41,0.548201746689252
p06_noise_room,anxious,deep_relaxation,42,0.759603654342366
p06_noise_room,anxious,deep_relaxation,43,0.501735297011454
p06_noise_room,anxious,deep_relaxation,44,0.535470656153617
p06_noise_room,anxious,deep_relaxation,45,0.548766505667786
p06_noise_room,anxious,deep_relaxation,46,0.463360625319369
p06_noise_room,anxious,deep_relaxation,47,0.540260184017077
p06_noise_room,anxious,deep_relaxation,48,0.549512768236943
p06_noise_room,anxious,deep_relaxation,49,0.550612040576577
p06_noise_room,anxious,deep_relaxation,50,0.536277599453565
p06_noise_room,anxious,deep_relaxation,51,0.564718799636216
p06_noise_room,anxious,deep_relaxation,52,0.563793014886960
p06_noise_room,anxious,deep_relaxation,53,0.500598203700544
p06_noise_room,anxious,deep_relaxation,54,0.694727218434198
p06_noise_room,anxious,deep_relaxation,55,0.539423499503884
p06_noise_room,anxious,deep_relaxation,56,0.604923954314674
p06_noise_room,anxious,deep_relaxation,57,0.456744737330683
p06_noise_room,anxious,deep_relaxation,58,0.491683205399960
p06_noise_room,anxious,deep_relaxation,59,0.612983156880252
p06_noise_room,anxious,deep_relaxation,60,0.547067946947945
p06_noise_room,anxious,deep_relaxation,61,0.699225889685367
p06_noise_room,anxious,deep_relaxation,62,0.561881679703595
p06_noise_room,anxious,deep_relaxation,63,0.605213912541943
p06_noise_static,anxious,deep_relaxation,0,0.603183917893186
p06_noise_static,anxious,deep_relaxation,1,0.573819076890983
p06_noise_static,anxious,deep_relaxation,2,0.670505696580213
p06_noise_static,anxious,deep_relaxation,3,0.570382474031426
p06_noise_static,anxious,deep_relaxation,4,0.755293181049367
p06_noise_static,anxious,deep_relaxation,5,0.605960564090313
p06_noise_static,anxious,deep_relaxation,6,0.532799549904709
p06_noise_static,anxious,deep_relaxation,7,0.508010203867952
p06_noise_static,anxious,deep_relaxation,8,0.429221763932897
p06_noise_static,anxious,deep_relaxation,9,0.621454701496465
p06_noise_static,anxious,deep_relaxation,10,0.553599108105457
p06_noise_static,anxious,deep_relaxation,11,0.570105482389537
p06_noise_static,anxious,deep_relaxation,12,0.709792755844797
p06_noise_static,anxious,deep_relaxation,13,0.458864786006974
p06_noise_static,anxious,deep_relaxation,14,0.382268241032153
p06_noise_static,anxious,deep_relaxation,15,0.529833148321483
p06_noise_static,anxious,deep_relaxation,16,0.519098196562091
p06_noise_static,anxious,deep_relaxation,17,0.607616966636564
p06_noise_static,anxious,deep_relaxation,18,0.545957974561179
p06_noise_static,anxious,deep_relaxation,19,0.422731587120469
p06_noise_static,anxious,deep_relaxation,20,0.562874063058771
p06_noise_static,anxious,deep_relaxation,21,0.457735109112775
p06_noise_static,anxious,deep_relaxation,22,0.841755000499706
p06_noise_static,anxious,deep_relaxation,23,0.646097363321115
p06_noise_static,anxious,deep_relaxation,24,0.669079941178944
p06_noise_static,anxious,deep_relaxation,25,0.442806202617532
p06_noise_static,anxious,deep_relaxation,26,0.587078969449214
p06_noise_static,anxious,deep_relaxation,27,0.582070284510764
p06_noise_static,anxious,deep_relaxation,28,0.490123695993945
p06_noise_static,anxious,deep_relaxation,29,0.543770237248380
p06_noise_static,anxious,deep_relaxation,30,0.649541965240373
p06_noise_static,anxious,deep_relaxation,31,0.563129616764760
p06_noise_static,anxious,deep_relaxation,32,0.456456833232770
p06_noise_static,anxious,deep_relaxation,33,0.715322457499755
p06_noise_static,anxious,deep_relaxation,34,0.541806536495924
p06_noise_static,anxious,deep_relaxation,35,0.573901770866287
p06_noise_static,anxious,deep_relaxation,36,0.439918185514750
p06_noise_static,anxious,deep_relaxation,37,0.778296688287943
p06_noise_static,anxious,deep_relaxation,38,0.515245705290762
p06_noise_static,anxious,deep_relaxation,39,0.503999337157435
p06_noise_static,anxious,deep_relaxation,40,0.571593920164615
p06_noise_static,anxious,deep_relaxation,41,0.631176034930059
p06_noise_static,anxious,deep_relaxation,42,0.536932066463123
p06_noise_static,anxious,deep_relaxation,43,0.380376723123533
p06_noise_static,anxious,deep_relaxation,44,0.603241094988270
p06_noise_static,anxious,deep_relaxation,45,0.544155753217857
p06_noise_static,anxious,deep_relaxation,46,0.741977356064423
p06_noise_static,anxious,deep_relaxation,47,0.560544470979676
p06_noise_static,anxious,deep_relaxation,48,0.675920564902537
p06_noise_static,anxious,deep_relaxation,49,0.579679465640998
p06_noise_static,anxious,deep_relaxation,50,0.475960140695315
p06_noise_static,anxious,deep_relaxation,51,0.582375971994087
p06_noise_static,anxious,deep_relaxation,52,0.577150793659936
p06_noise_static,anxious,deep_relaxation,53,0.600024346688709
p06_noise_static,anxious,deep_relaxation,54,0.644178168661622
p06_noise_static,anxious,deep_relaxation,55,0.583394898530751
p06_noise_static,anxious,deep_relaxation,56,0.432083114145466
p06_noise_static,anxious,deep_relaxation,57,0.532881966173214
p06_noise_static,anxious,deep_relaxation,58,0.458977062818639
p06_noise_static,anxious,deep_relaxation,59,0.586572141399644
p06_noise_static,anxious,deep_relaxation,60,0.478419263204230
p06_noise_static,anxious,deep_relaxation,61,0.654622567440238
p06_noise_static,anxious,deep_relaxation,62,0.528821737925793
p06_noise_static,anxious,deep_relaxation,63,0.439767414379159
p06_tone_control,anxious,deep_relaxation,0,0.350060969602716
p06_tone_control,anxious,deep_relaxation,1,0.354307905072646
p06_tone_control,anxious,deep_relaxation,2,0.356801074674507
p06_tone_control,anxious,deep_relaxation,3,0.352958351112594
p06_tone_control,anxious,deep_relaxation,4,0.354979824475568
p06_tone_control,anxious,deep_relaxation,5,0.362211710407343
p06_tone_control,anxious,deep_relaxation,6,0.353028637921829
p06_tone_control,anxious,deep_relaxation,7,0.351355070004605
p06_tone_control,anxious,deep_relaxation,8,0.351135060331778
p06_tone_control,anxious,deep_relaxation,9,0.348951119862258
p06_tone_control,anxious,deep_relaxation,10,0.349826487581364
p06_tone_control,anxious,deep_relaxation,11,0.351011664842869
p06_tone_control,anxious,deep_relaxation,12,0.351529959477859
p06_tone_control,anxious,deep_relaxation,13,0.353413364837405
p06_tone_control,anxious,deep_relaxation,14,0.353030196182724
p06_tone_control,anxious,deep_relaxation,15,0.352763982596002
p06_tone_control,anxious,deep_relaxation,16,0.350344573877345
p06_tone_control,anxious,deep_relaxation,17,0.353510760252552
p06_tone_control,anxious,deep_relaxation,18,0.351379841569270
p06_tone_control,anxious,deep_relaxation,19,0.350639294504827
p06_tone_control,anxious,deep_relaxation,20,0.352230639808557
p06_tone_control,anxious,deep_relaxation,21,0.351555620241544
p06_tone_control,anxious,deep_relaxation,22,0.349586143366335
p06_tone_control,anxious,deep_relaxation,23,0.351124479219627
p06_tone_control,anxious,deep_relaxation,24,0.353320119085056
p06_tone_control,anxious,deep_relaxation,25,0.351130594381244
p06_tone_control,anxious,deep_relaxation,26,0.353213279625950
p06_tone_control,anxious,deep_relaxation,27,0.351952444966842
p06_tone_control,anxious,deep_relaxation,28,0.348990897328407
p06_tone_control,anxious,deep_relaxation,29,0.354017816916441
p06_tone_control,anxious,deep_relaxation,30,0.351948622656438
p06_tone_control,anxious,deep_relaxation,31,0.353365730186691
p06_tone_control,anxious,deep_relaxation,32,0.348264245137255
p06_tone_control,anxious,deep_relaxation,33,0.353704538371612
p06_tone_control,anxious,deep_relaxation,34,0.355237723567904
p06_tone_control,anxious,deep_relaxation,35,0.354440113637164
p06_tone_control,anxious,deep_relaxation,36,0.351255122424660
p06_tone_control,anxious,deep_relaxation,37,0.350007214830631
p06_tone_control,anxious,deep_relaxation,38,0.351950171613396
p06_tone_control,anxious,deep_relaxation,39,0.352014063677523
p06_tone_control,anxious,deep_relaxation,40,0.348891362465756
p06_tone_control,anxious,deep_relaxation,41,0.352582237245009
p06_tone_control,anxious,deep_relaxation,42,0.356480953248913
p06_tone_control,anxious,deep_relaxation,43,0.354199317773618
p06_tone_control,anxious,deep_relaxation,44,0.357011086394409
p06_tone_control,anxious,deep_relaxation,45,0.350970380195689
p06_tone_control,anxious,deep_relaxation,46,0.353493939173104
p06_tone_control,anxious,deep_relaxation,47,0.353055698774216
p06_tone_control,anxious,deep_relaxation,48,0.355317020094187
p06_tone_control,anxious,deep_relaxation,49,0.354241916689517
p06_tone_control,anxious,deep_relaxation,50,0.354082538878018
p06_tone_control,anxious,deep_relaxation,51,0.354229105310531
p06_tone_control,anxious,deep_relaxation,52,0.351676265948055
p06_tone_control,anxious,deep_relaxation,53,0.354372880372169
p06_tone_control,anxious,deep_relaxation,54,0.352882762940792
p06_tone_control,anxious,deep_relaxation,55,0.353084819949616
p06_tone_control,anxious,deep_relaxation,56,0.349592088252773
p06_tone_control,anxious,deep_relaxation,57,0.352331577244996
p06_tone_control,anxious,deep_relaxation,58,0.355258740546171
p06_tone_control,anxious,deep_relaxation,59,0.354886152166354
p06_tone_control,anxious,deep_relaxation,60,0.347163853440666
p06_tone_control,anxious,deep_relaxation,61,0.351124737051393
p06_tone_control,anxious,deep_relaxation,62,0.352454582876824
p06_tone_control,anxious,deep_relaxation,63,0.350983878158631
p06_noise_random_pulse,anxious,deep_work,0,0.367872349529649
p06_noise_random_pulse,anxious,deep_work,1,0.440829006769654
p06_noise_random_pulse,anxious,deep_work,2,0.415686278331891
p06_noise_random_pulse,anxious,deep_work,3,0.360481928491142
p06_noise_random_pulse,anxious,deep_work,4,0.448634653355305
p06_noise_random_pulse,anxious,deep_work,5,0.341671112797590
p06_noise_random_pulse,anxious,deep_work,6,0.334227234720777
p06_noise_random_pulse,anxious,deep_work,7,0.372170290176765
p06_noise_random_pulse,anxious,deep_work,8,0.339419451242945
p06_noise_random_pulse,anxious,deep_work,9,0.282953079625187
p06_noise_random_pulse,anxious,deep_work,10,0.289726085406788
p06_noise_random_pulse,anxious,deep_work,11,0.441245917398623
p06_noise_random_pulse,anxious,deep_work,12,0.372022394617144
p06_noise_random_pulse,anxious,deep_work,13,0.321901767584172
p06_noise_random_pulse,anxious,deep_work,14,0.308954172474321
p06_noise_random_pulse,anxious,deep_work,15,0.352625642560054
p06_noise_random_pulse,anxious,deep_work,16,0.314378665128177
p06_noise_random_pulse,anxious,deep_work,17,0.441271075678033
p06_noise_random_pulse,anxious,deep_work,18,0.340557074764490
p06_noise_random_pulse,anxious,deep_work,19,0.419919759091493
p06_noise_random_pulse,anxious,deep_work,20,0.425147334575181
p06_noise_random_pulse,anxious,deep_work,21,0.277878264272094
p06_noise_random_pulse,anxious,deep_work,22,0.315806056298037
p06_noise_random_pulse,anxious,deep_work,23,0.465334395305468
p06_noise_random_pulse,anxious,deep_work,24,0.297594948659076
p06_noise_random_pulse,anxious,deep_work,25,0.336250862451970
p06_noise_random_pulse,anxious,deep_work,26,0.413020383098252
p06_noise_random_pulse,anxious,deep_work,27,0.468060859165516
p06_noise_random_pulse,anxious,deep_work,28,0.316052402902015
p06_noise_random_pulse,anxious,deep_work,29,0.367175325330728
p06_noise_random_pulse,anxious,deep_work,30,0.289748364781904
p06_noise_random_pulse,anxious,deep_work,31,0.482178992626105
p06_noise_random_pulse,anxious,deep_work,32,0.359589770199944
p06_noise_random_pulse,anxious,deep_work,33,0.352570740477649
p06_noise_random_pulse,anxious,deep_work,34,0.446791497946286
p06_noise_random_pulse,anxious,deep_work,35,0.494495259173750
p06_noise_random_pulse,anxious,deep_work,36,0.353443197396622
p06_noise_random_pulse,anxious,deep_work,37,0.337973472541407
p06_noise_random_pulse,anxious,deep_work,38,0.320221187504726
p06_noise_random_pulse,anxious,deep_work,39,0.376656604826035
p06_noise_random_pulse,anxious,deep_work,40,0.413173614340846
p06_noise_random_pulse,anxious,deep_work,41,0.370089675504081
p06_noise_random_pulse,anxious,deep_work,42,0.430934673529996
p06_noise_random_pulse,anxious,deep_work,43,0.309975984674753
p06_noise_random_pulse,anxious,deep_work,44,0.376726332531126
p06_noise_random_pulse,anxious,deep_work,45,0.303367449075594
p06_noise_random_pulse,anxious,deep_work,46,0.289343661981161
p06_noise_random_pulse,anxious,deep_work,47,0.401389089067517
p06_noise_random_pulse,anxious,deep_work,48,0.498946217708694
p06_noise_random_pulse,anxious,deep_work,49,0.403406109774566
p06_noise_random_pulse,anxious,deep_work,50,0.324153846921860
p06_noise_random_pulse,anxious,deep_work,51,0.456953862601125
p06_noise_random_pulse,anxious,deep_work,52,0.490420361694794
p06_noise_random_pulse,anxious,deep_work,53,0.366780899796730
p06_noise_random_pulse,anxious,deep_work,54,0.394211608677259
p06_noise_random_pulse,anxious,deep_work,55,0.302329298199354
p06_noise_random_pulse,anxious,deep_work,56,0.299100459039549
p06_noise_random_pulse,anxious,deep_work,57,0.394891915420244
p06_noise_random_pulse,anxious,deep_work,58,0.400588077457983
p06_noise_random_pulse,anxious,deep_work,59,0.287461115825250
p06_noise_random_pulse,anxious,deep_work,60,0.388481171121817
p06_noise_random_pulse,anxious,deep_work,61,0.497162746112780
p06_noise_random_pulse,anxious,deep_work,62,0.494679624530280
p06_noise_random_pulse,anxious,deep_work,63,0.490772267097451
p06_noise_random_walk,anxious,deep_work,0,0.367722389237788
p06_noise_random_walk,anxious,deep_work,1,0.378415924521331
p06_noise_random_walk,anxious,deep_work,2,0.353851116838682
p06_noise_random_walk,anxious,deep_work,3,0.466875556957868
p06_noise_random_walk,anxious,deep_work,4,0.387265912220043
p06_noise_random_walk,anxious,deep_work,5,0.310825953355991
p06_noise_random_walk,anxious,deep_work,6,0.320946752971408
p06_noise_random_walk,anxious,deep_work,7,0.590444671955775
p06_noise_random_walk,anxious,deep_work,8,0.412117745198056
p06_noise_random_walk,anxious,deep_work,9,0.336082051454033
p06_noise_random_walk,anxious,deep_work,10,0.301697394758920
p06_noise_random_walk,anxious,deep_work,11,0.388633740859291
p06_noise_random_walk,anxious,deep_work,12,0.368056860116297
p06_noise_random_walk,anxious,deep_work,13,0.406634615199057
p06_noise_random_walk,anxious,deep_work,14,0.344033682075850
p06_noise_random_walk,anxious,deep_work,15,0.382213110494128
p06_noise_random_walk,anxious,deep_work,16,0.354079295677593
p06_noise_random_walk,anxious,deep_work,17,0.533529151476394
p06_noise_random_walk,anxious,deep_work,18,0.342511977293621
p06_noise_random_walk,anxious,deep_work,19,0.403664619583623
p06_noise_random_walk,anxious,deep_work,20,0.357829991013513
p06_noise_random_walk,anxious,deep_work,21,0.333281825729270
p06_noise_random_walk,anxious,deep_work,22,0.362085564007686
p06_noise_random_walk,anxious,deep_work,23,0.375779335080401
p06_noise_random_walk,anxious,deep_work,24,0.471123986726145
p06_noise_random_walk,anxious,deep_work,25,0.417384299933428
p06_noise_random_walk,anxious,deep_work,26,0.371902252478848
p06_noise_random_walk,anxious,deep_work,27,0.432275112703649
p06_noise_random_walk,anxious,deep_work,28,0.390569126643275
p06_noise_random_walk,anxious,deep_work,29,0.326601831711869
p06_noise_random_walk,anxious,deep_work,30,0.457788467088538
p06_noise_random_walk,anxious,deep_work,31,0.404849988782405
p06_noise_random_walk,anxious,deep_work,32,0.449231373959461
p06_noise_random_walk,anxious,deep_work,33,0.384703616843890
p06_noise_random_walk,anxious,deep_work,34,0.400695136135155
p06_noise_random_walk,anxious,deep_work,35,0.503857444231777
p06_noise_random_walk,anxious,deep_work,36,0.342740905450350
p06_noise_random_walk,anxious,deep_work,37,0.370736180896856
p06_noise_random_walk,anxious,deep_work,38,0.376863794681296
p06_noise_random_walk,anxious,deep_work,39,0.354762633133609
p06_noise_random_walk,anxious,deep_work,40,0.353136137179673
p06_noise_random_walk,anxious,deep_work,41,0.430217199479861
p06_noise_random_walk,anxious,deep_work,42,0.346432500245923
p06_noise_random_walk,anxious,deep_work,43,0.382581717265198
p06_noise_random_walk,anxious,deep_work,44,0.292291703685139
p06_noise_random_walk,anxious,deep_work,45,0.539103419484682
p06_noise_random_walk,anxious,deep_work,46,0.401636138137659
p06_noise_random_walk,anxious,deep_work,47,0.374825841973230
p06_noise_random_walk,anxious,deep_work,48,0.331051576473876
p06_noise_random_walk,anxious,deep_work,49,0.437120518179037
p06_noise_random_walk,anxious,deep_work,50,0.438223334296121
p06_noise_random_walk,anxious,deep_work,51,0.356650803088328
p06_noise_random_walk,anxious,deep_work,52,0.377794196199206
p06_noise_random_walk,anxious,deep_work,53,0.361266952140566
p06_noise_random_walk,anxious,deep_work,54,0.331052852790906
p06_noise_random_walk,anxious,deep_work,55,0.392205159279626
p06_noise_random_walk,anxious,deep_work,56,0.387024720287192
p06_noise_random_walk,anxious,deep_work,57,0.369036355892871
p06_noise_random_walk,anxious,deep_work,58,0.330698027306100
p06_noise_random_walk,anxious,deep_work,59,0.379443296023356
p06_noise_random_walk,anxious,deep_work,60,0.403550643207206
p06_noise_random_walk,anxious,deep_work,61,0.303328251947261
p06_noise_random_walk,anxious,deep_work,62,0.338814876083180
p06_noise_random_walk,anxious,deep_work,63,0.244950079913005
p06_noise_room,anxious,deep_work,0,0.262876441773191
p06_noise_room,anxious,deep_work,1,0.249053313655110
p06_noise_room,anxious,deep_work,2,0.284838205833558
p06_noise_room,anxious,deep_work,3,0.269517467500226
p06_noise_room,anxious,deep_work,4,0.278839724015459
p06_noise_room,anxious,deep_work,5,0.280646948722928
p06_noise_room,anxious,deep_work,6,0.292778918383326
p06_noise_room,anxious,deep_work,7,0.344318363546955
p06_noise_room,anxious,deep_work,8,0.307849781371121
p06_noise_room,anxious,deep_work,9,0.283974694122266
p06_noise_room,anxious,deep_work,10,0.222104026619745
p06_noise_room,anxious,deep_work,11,0.318092247994498
p06_noise_room,anxious,deep_work,12,0.291818364296835
p06_noise_room,anxious,deep_work,13,0.278670812633665
p06_noise_room,anxious,deep_work,14,0.331920771705521
p06_noise_room,anxious,deep_work,15,0.342081137421174
p06_noise_room,anxious,deep_work,16,0.291294916932442
p06_noise_room,anxious,deep_work,17,0.320286876680896
p06_noise_room,anxious,deep_work,18,0.343080911061295
p06_noise_room,anxious,deep_work,19,0.283624893553136
p06_noise_room,anxious,deep_work,20,0.279685549057818
p06_noise_room,anxious,deep_work,21,0.288970634705434
p06_noise_room,anxious,deep_work,22,0.324362105410872
p06_noise_room,anxious,deep_work,23,0.282639533089871
p06_noise_room,anxious,deep_work,24,0.368296633205012
p06_noise_room,anxious,deep_work,25,0.349310838306177
p06_noise_room,anxious,deep_work,26,0.264135952844602
p06_noise_room,anxious,deep_work,27,0.349059655031546
p06_noise_room,anxious,deep_work,28,0.344691020504906
p06_noise_room,anxious,deep_work,29,0.285273750965749
p06_noise_room,anxious,deep_work,30,0.320344535410415
p06_noise_room,anxious,deep_work,31,0.266729400087739
p06_noise_room,anxious,deep_work,32,0.302711718791621
p06_noise_room,anxious,deep_work,33,0.226311988175112
p06_noise_room,anxious,deep_work,34,0.276125779255161
p06_noise_room,anxious,deep_work,35,0.347315706234196
p06_noise_room,anxious,deep_work,36,0.324296619971519
p06_noise_room,anxious,deep_work,37,0.425338250894835
p06_noise_room,anxious,deep_work,38,0.311837438054022
p06_noise_room,anxious,deep_work,39,0.314077424598981
p06_noise_room,anxious,deep_work,40,0.312500072672369
p06_noise_room,anxious,deep_work,41,0.291585542051861
p06_noise_room,anxious,deep_work,42,0.375922194388377
p06_noise_room,anxious,deep_work,43,0.278423486453633
p06_noise_room,anxious,deep_work,44,0.283010255237456
p06_noise_room,anxious,deep_work,45,0.226051613068103
p06_noise_room,anxious,deep_work,46,0.285147775472211
p06_noise_room,anxious,deep_work,47,0.453903319474543
p06_noise_room,anxious,deep_work,48,0.284410127897944
p06_noise_room,anxious,deep_work,49,0.336728791868890
p06_noise_room,anxious,deep_work,50,0.370200569610572
p06_noise_room,anxious,deep_work,51,0.240349688288245
p06_noise_room,anxious,deep_work,52,0.292542816340984
p06_noise_room,anxious,deep_work,53,0.314639660343836
p06_noise_room,anxious,deep_work,54,0.331570220315919
p06_noise_room,anxious,deep_work,55,0.266353113387286
p06_noise_room,anxious,deep_work,56,0.360956279896764
p06_noise_room,anxious,deep_work,57,0.280821289328007
p06_noise_room,anxious,deep_work,58,0.297883756843089
p06_noise_room,anxious,deep_work,59,0.293899409794384
p06_noise_room,anxious,deep_work,60,0.283318664911595
p06_noise_room,anxious,deep_work,61,0.333762480743205
p06_noise_room,anxious,deep_work,62,0.283354755300391
p06_noise_room,anxious,deep_work,63,0.310780899435679
p06_noise_static,anxious,deep_work,0,0.335901251809766
p06_noise_static,anxious,deep_work,1,0.427000790611461
p06_noise_static,anxious,deep_work,2,0.398689093780174
p06_noise_static,anxious,deep_work,3,0.451504226324324
p06_noise_static,anxious,deep_work,4,0.439764148765190
p06_noise_static,anxious,deep_work,5,0.392156790580983
p06_noise_static,anxious,deep_work,6,0.414086547586082
p06_noise_static,anxious,deep_work,7,0.327505086871081
p06_noise_static,anxious,deep_work,8,0.393333063770940
p06_noise_static,anxious,deep_work,9,0.446563457126723
p06_noise_static,anxious,deep_work,10,0.382948262906419
p06_noise_static,anxious,deep_work,11,0.476758351217890
p06_noise_static,anxious,deep_work,12,0.467289873878224
p06_noise_static,anxious,deep_work,13,0.348382226217181
p06_noise_static,anxious,deep_work,14,0.446781461101985
p06_noise_static,anxious,deep_work,15,0.462770229023709
p06_noise_static,anxious,deep_work,16,0.377611786828082
p06_noise_static,anxious,deep_work,17,0.369934867522652
p06_noise_static,anxious,deep_work,18,0.300799826966784
p06_noise_static,anxious,deep_work,19,0.413960374581640
p06_noise_static,anxious,deep_work,20,0.388461077420918
p06_noise_static,anxious,deep_work,21,0.374907097707062
p06_noise_static,anxious,deep_work,22,0.530618471836177
p06_noise_static,anxious,deep_work,23,0.361585385536301
p06_noise_static,anxious,deep_work,24,0.415763358500861
p06_noise_static,anxious,deep_work,25,0.405452788996442
p06_noise_static,anxious,deep_work,26,0.344526086305358
p06_noise_static,anxious,deep_work,27,0.397864249310484
p06_noise_static,anxious,deep_work,28,0.483564443455951
p06_noise_static,anxious,deep_work,29,0.387457612099412
p06_noise_static,anxious,deep_work,30,0.402399610320422
p06_noise_static,anxious,deep_work,31,0.337987257644829
p06_noise_static,anxious,deep_work,32,0.380455853706708
p06_noise_static,anxious,deep_work,33,0.523260194947894
p06_noise_static,anxious,deep_work,34,0.498513247845128
p06_noise_static,anxious,deep_work,35,0.419689215116968
p06_noise_static,anxious,deep_work,36,0.422275572072155
p06_noise_static,anxious,deep_work,37,0.436631767352724
p06_noise_static,anxious,deep_work,38,0.430066159140788
p06_noise_static,anxious,deep_work,39,0.345582926618098
p06_noise_static,anxious,deep_work,40,0.427972579770891
p06_noise_static,anxious,deep_work,41,0.401702101216960
p06_noise_static,anxious,deep_work,42,0.443226719090863
p06_noise_static,anxious,deep_work,43,0.387769407358262
p06_noise_static,anxious,deep_work,44,0.705987957993855
p06_noise_static,anxious,deep_work,45,0.428691025138886
p06_noise_static,anxious,deep_work,46,0.316963896290846
p06_noise_static,anxious,deep_work,47,0.363007603554477
p06_noise_static,anxious,deep_work,48,0.398609080960507
p06_noise_static,anxious,deep_work,49,0.475881777826274
p06_noise_static,anxious,deep_work,50,0.446635944023720
p06_noise_static,anxious,deep_work,51,0.384311218311473
p06_noise_static,anxious,deep_work,52,0.355559151364969
p06_noise_static,anxious,deep_work,53,0.374036526097117
p06_noise_static,anxious,deep_work,54,0.427534902077875
p06_noise_static,anxious,deep_work,55,0.376062477352876
p06_noise_static,anxious,deep_work,56,0.298932246419135
p06_noise_static,anxious,deep_work,57,0.331122330363515
p06_noise_static,anxious,deep_work,58,0.437327730568168
p06_noise_static,anxious,deep_work,59,0.402185702610522
p06_noise_static,anxious,deep_work,60,0.463065309347096
p06_noise_static,anxious,deep_work,61,0.383519712797101
p06_noise_static,anxious,deep_work,62,0.412208425457238
p06_noise_static,anxious,deep_work,63,0.405825996489641
p06_tone_control,anxious,deep_work,0,0.143036575100088
p06_tone_control,anxious,deep_work,1,0.143672819042227
p06_tone_control,anxious,deep_work,2,0.144069907208085
p06_tone_control,anxious,deep_work,3,0.143019769431297
p06_tone_control,anxious,deep_work,4,0.145090134709277
p06_tone_control,anxious,deep_work,5,0.145101247245680
p06_tone_control,anxious,deep_work,6,0.142502761579235
p06_tone_control,anxious,deep_work,7,0.142402551504856
p06_tone_control,anxious,deep_work,8,0.142652651364589
p06_tone_control,anxious,deep_work,9,0.141571373943774
p06_tone_control,anxious,deep_work,10,0.141985138272701
p06_tone_control,anxious,deep_work,11,0.141892634151886
p06_tone_control,anxious,deep_work,12,0.144500148844865
p06_tone_control,anxious,deep_work,13,0.143476658780006
p06_tone_control,anxious,deep_work,14,0.142621020704082
p06_tone_control,anxious,deep_work,15,0.143493469416502
p06_tone_control,anxious,deep_work,16,0.145226362980966
p06_tone_control,anxious,deep_work,17,0.143622480393400
p06_tone_control,anxious,deep_work,18,0.143283234157438
p06_tone_control,anxious,deep_work,19,0.143947044865960
p06_tone_control,anxious,deep_work,20,0.142811415939620
p06_tone_control,anxious,deep_work,21,0.142728224003703
p06_tone_control,anxious,deep_work,22,0.143614182402493
p06_tone_control,anxious,deep_work,23,0.143377468635959
p06_tone_control,anxious,deep_work,24,0.142534589894254
p06_tone_control,anxious,deep_work,25,0.142731404759093
p06_tone_control,anxious,deep_work,26,0.143245499057892
p06_tone_control,anxious,deep_work,27,0.142805881767698
p06_tone_control,anxious,deep_work,28,0.142253648271264
p06_tone_control,anxious,deep_work,29,0.142775413532579
p06_tone_control,anxious,deep_work,30,0.144638529476147
p06_tone_control,anxious,deep_work,31,0.144069477504827
p06_tone_control,anxious,deep_work,32,0.143400714322236
p06_tone_control,anxious,deep_work,33,0.142550446891983
p06_tone_control,anxious,deep_work,34,0.144294768146863
p06_tone_control,anxious,deep_work,35,0.143852625686991
p06_tone_control,anxious,deep_work,36,0.142345535038386
p06_tone_control,anxious,deep_work,37,0.142051378040721
p06_tone_control,anxious,deep_work,38,0.144021037415015
p06_tone_control,anxious,deep_work,39,0.141754572508896
p06_tone_control,anxious,deep_work,40,0.142130056946810
p06_tone_control,anxious,deep_work,41,0.143884004767805
p06_tone_control,anxious,deep_work,42,0.144174818603060
p06_tone_control,anxious,deep_work,43,0.143014648750103
p06_tone_control,anxious,deep_work,44,0.144040625797963
p06_tone_control,anxious,deep_work,45,0.143253346635408
p06_tone_control,anxious,deep_work,46,0.142356193124337
p06_tone_control,anxious,deep_work,47,0.143759868373898
p06_tone_control,anxious,deep_work,48,0.144077508895886
p06_tone_control,anxious,deep_work,49,0.142535205971886
p06_tone_control,anxious,deep_work,50,0.143746736125763
p06_tone_control,anxious,deep_work,51,0.144888638205508
p06_tone_control,anxious,deep_work,52,0.143223721568264
p06_tone_control,anxious,deep_work,53,0.143480353676088
p06_tone_control,anxious,deep_work,54,0.144088113392668
p06_tone_control,anxious,deep_work,55,0.143072003537056
p06_tone_control,anxious,deep_work,56,0.142101724304179
p06_tone_control,anxious,deep_work,57,0.143109496362591
p06_tone_control,anxious,deep_work,58,0.143886234562565
p06_tone_control,anxious,deep_work,59,0.143180725408030
p06_tone_control,anxious,deep_work,60,0.141716638149581
p06_tone_control,anxious,deep_work,61,0.142509367012973
p06_tone_control,anxious,deep_work,62,0.142483041777757
p06_tone_control,anxious,deep_work,63,0.142084256099900
p06_noise_random_pulse,anxious,flow,0,0.299869451514602
p06_noise_random_pulse,anxious,flow,1,0.317949575929743
p06_noise_random_pulse,anxious,flow,2,0.340673756507816
p06_noise_random_pulse,anxious,flow,3,0.312258260542141
p06_noise_random_pulse,anxious,flow,4,0.316383304476612
p06_noise_random_pulse,anxious,flow,5,0.349923511747400
p06_noise_random_pulse,anxious,flow,6,0.317887353485750
p06_noise_random_pulse,anxious,flow,7,0.362026140049494
p06_noise_random_pulse,anxious,flow,8,0.275794705884504
p06_noise_random_pulse,anxious,flow,9,0.450370515974910
p06_noise_random_pulse,anxious,flow,10,0.295546011480510
p06_noise_random_pulse,anxious,flow,11,0.357552850746696
p06_noise_random_pulse,anxious,flow,12,0.339634304648373
p06_noise_random_pulse,anxious,flow,13,0.393268040072448
p06_noise_random_pulse,anxious,flow,14,0.285111052917996
p06_noise_random_pulse,anxious,flow,15,0.358474850704318
p06_noise_random_pulse,anxious,flow,16,0.323997493651165
p06_noise_random_pulse,anxious,flow,17,0.307615921966252
p06_noise_random_pulse,anxious,flow,18,0.345303088390752
p06_noise_random_pulse,anxious,flow,19,0.286127915663604
p06_noise_random_pulse,anxious,flow,20,0.407742089619132
p06_noise_random_pulse,anxious,flow,21,0.289284275541706
p06_noise_random_pulse,anxious,flow,22,0.305881843622476
p06_noise_random_pulse,anxious,flow,23,0.350890200326508
p06_noise_random_pulse,anxious,flow,24,0.295803023699138
p06_noise_random_pulse,anxious,flow,25,0.168096257653839
p06_noise_random_pulse,anxious,flow,26,0.294735878625383
p06_noise_random_pulse,anxious,flow,27,0.336176843066306
p06_noise_random_pulse,anxious,flow,28,0.296108769741062
p06_noise_random_pulse,anxious,flow,29,0.350096801527797
p06_noise_random_pulse,anxious,flow,30,0.308242391575094
p06_noise_random_pulse,anxious,flow,31,0.379468062849925
p06_noise_random_pulse,anxious,flow,32,0.371233468944157
p06_noise_random_pulse,anxious,flow,33,0.367077398565490
p06_noise_random_pulse,anxious,flow,34,0.340245137056288
p06_noise_random_pulse,anxious,flow,35,0.338149977233472
p06_noise_random_pulse,anxious,flow,36,0.341700706334465
p06_noise_random_pulse,anxious,flow,37,0.333032308651676
p06_noise_random_pulse,anxious,flow,38,0.294841475734246
p06_noise_random_pulse,anxious,flow,39,0.280108924974004
p06_noise_random_pulse,anxious,flow,40,0.383182737139626
p06_noise_random_pulse,anxious,flow,41,0.316214064630494
p06_noise_random_pulse,anxious,flow,42,0.301063177415090
p06_noise_random_pulse,anxious,flow,43,0.272447575868404
p06_noise_random_pulse,anxious,flow,44,0.324771751839370
p06_noise_random_pulse,anxious,flow,45,0.302469705752777
p06_noise_random_pulse,anxious,flow,46,0.274056844139573
p06_noise_random_pulse,anxious,flow,47,0.400471150465568
p06_noise_random_pulse,anxious,flow,48,0.377056659713319
p06_noise_random_pulse,anxious,flow,49,0.369319931100924
p06_noise_random_pulse,anxious,flow,50,0.311960984183884
p06_noise_random_pulse,anxious,flow,51,0.340514634433497
p06_noise_random_pulse,anxious,flow,52,0.351578506812192
p06_noise_random_pulse,anxious,flow,53,0.348023543668310
p06_noise_random_pulse,anxious,flow,54,0.340268248201389
p06_noise_random_pulse,anxious,flow,55,0.286647684376530
p06_noise_random_pulse,anxious,flow,56,0.306924073783846
p06_noise_random_pulse,anxious,flow,57,0.365339567304147
p06_noise_random_pulse,anxious,flow,58,0.289059780773084
p06_noise_random_pulse,anxious,flow,59,0.281855444311397
p06_noise_random_pulse,anxious,flow,60,0.323721659797035
p06_noise_random_pulse,anxious,flow,61,0.376000732313484
p06_noise_random_pulse,anxious,flow,62,0.368501882603830
p06_noise_random_pulse,anxious,flow,63,0.382008070090756
p06_noise_random_walk,anxious,flow,0,0.341380965288659
p06_noise_random_walk,anxious,flow,1,0.395153803489780
p06_noise_random_walk,anxious,flow,2,0.376600203685423
p06_noise_random_walk,anxious,flow,3,0.362378021829185
p06_noise_random_walk,anxious,flow,4,0.357070755550882
p06_noise_random_walk,anxious,flow,5,0.317308211303475
p06_noise_random_walk,anxious,flow,6,0.312978479531951
p06_noise_random_walk,anxious,flow,7,0.418688353769753
p06_noise_random_walk,anxious,flow,8,0.347259899546366
p06_noise_random_walk,anxious,flow,9,0.372970480284830
p06_noise_random_walk,anxious,flow,10,0.334106985384169
p06_noise_random_walk,anxious,flow,11,0.387544872301368
p06_noise_random_walk,anxious,flow,12,0.314276768095587
p06_noise_random_walk,anxious,flow,13,0.372603236860729
p06_noise_random_walk,anxious,flow,14,0.336517507646290
p06_noise_random_walk,anxious,flow,15,0.492836010641428
p06_noise_random_walk,anxious,flow,16,0.402337578009544
p06_noise_random_walk,anxious,flow,17,0.349288703189726
p06_noise_random_walk,anxious,flow,18,0.285445254103653
p06_noise_random_walk,anxious,flow,19,0.382468985438444
p06_noise_random_walk,anxious,flow,20,0.365940514964974
p06_noise_random_walk,anxious,flow,21,0.334034014943125
p06_noise_random_walk,anxious,flow,22,0.331602927491463
p06_noise_random_walk,anxious,flow,23,0.381920062595594
p06_noise_random_walk,anxious,flow,24,0.382056099083732
p06_noise_random_walk,anxious,flow,25,0.378491066417837
p06_noise_random_walk,anxious,flow,26,0.424831621648168
p06_noise_random_walk,anxious,flow,27,0.343322296655874
p06_noise_random_walk,anxious,flow,28,0.336289683212489
p06_noise_random_walk,anxious,flow,29,0.408251250464603
p06_noise_random_walk,anxious,flow,30,0.372194255965034
p06_noise_random_walk,anxious,flow,31,0.417701791109706
p06_noise_random_walk,anxious,flow,32,0.387369558245754
p06_noise_random_walk,anxious,flow,33,0.304679499416260
p06_noise_random_walk,anxious,flow,34,0.374803793802992
p06_noise_random_walk,anxious,flow,35,0.467557640128854
p06_noise_random_walk,anxious,flow,36,0.335293857611717
p06_noise_random_walk,anxious,flow,37,0.368454883417262
p06_noise_random_walk,anxious,flow,38,0.388503160463004
p06_noise_random_walk,anxious,flow,39,0.368529966908283
p06_noise_random_walk,anxious,flow,40,0.353849108825117
p06_noise_random_walk,anxious,flow,41,0.423595784021322
p06_noise_random_walk,anxious,flow,42,0.371265495870004
p06_noise_random_walk,anxious,flow,43,0.377985087788879
p06_noise_random_walk,anxious,flow,44,0.439999667788799
p06_noise_random_walk,anxious,flow,45,0.453348465877643
p06_noise_random_walk,anxious,flow,46,0.301157619398591
p06_noise_random_walk,anxious,flow,47,0.314934279171667
p06_noise_random_walk,anxious,flow,48,0.362831064675711
p06_noise_random_walk,anxious,flow,49,0.386924247535409
p06_noise_random_walk,anxious,flow,50,0.378762122473942
p06_noise_random_walk,anxious,flow,51,0.423493198874757
p06_noise_random_walk,anxious,flow,52,0.370824144727669
p06_noise_random_walk,anxious,flow,53,0.315658005629166
p06_noise_random_walk,anxious,flow,54,0.329188801360596
p06_noise_random_walk,anxious,flow,55,0.310514772663492
p06_noise_random_walk,anxious,flow,56,0.385039285995839
p06_noise_random_walk,anxious,flow,57,0.382131839264227
p06_noise_random_walk,anxious,flow,58,0.307988916786560
p06_noise_random_walk,anxious,flow,59,0.364429329127648
p06_noise_random_walk,anxious,flow,60,0.381982540810988
p06_noise_random_walk,anxious,flow,61,0.346123651896222
p06_noise_random_walk,anxious,flow,62,0.318554645729777
p06_noise_random_walk,anxious,flow,63,0.432771809623788
p06_noise_room,anxious,flow,0,0.273138604076288
p06_noise_room,anxious,flow,1,0.301702214794728
p06_noise_room,anxious,flow,2,0.306339340062245
p06_noise_room,anxious,flow,3,0.287889757914750
p06_noise_room,anxious,flow,4,0.283376808912432
p06_noise_room,anxious,flow,5,0.290426857145567
p06_noise_room,anxious,flow,6,0.311005894511954
p06_noise_room,anxious,flow,7,0.376543068783025
p06_noise_room,anxious,flow,8,0.314106358443511
p06_noise_room,anxious,flow,9,0.308270784268637
p06_noise_room,anxious,flow,10,0.288242914700583
p06_noise_room,anxious,flow,11,0.323309898575156
p06_noise_room,anxious,flow,12,0.311146600424138
p06_noise_room,anxious,flow,13,0.297930680161135
p06_noise_room,anxious,flow,14,0.336642427336492
p06_noise_room,anxious,flow,15,0.291135167089149
p06_noise_room,anxious,flow,16,0.305940374449870
p06_noise_room,anxious,flow,17,0.296670872618348
p06_noise_room,anxious,flow,18,0.355834828451916
p06_noise_room,anxious,flow,19,0.287133654526800
p06_noise_room,anxious,flow,20,0.301931860560029
p06_noise_room,anxious,flow,21,0.310986689669476
p06_noise_room,anxious,flow,22,0.371074713856262
p06_noise_room,anxious,flow,23,0.292659184500633
p06_noise_room,anxious,flow,24,0.300511283170302
p06_noise_room,anxious,flow,25,0.365255972415640
p06_noise_room,anxious,flow,26,0.266431707568537
p06_noise_room,anxious,flow,27,0.378231379376427
p06_noise_room,anxious,flow,28,0.377163628053781
p06_noise_room,anxious,flow,29,0.301402099035765
p06_noise_room,anxious,flow,30,0.345724298919726
p06_noise_room,anxious,flow,31,0.280271364170119
p06_noise_room,anxious,flow,32,0.313826310597320
p06_noise_room,anxious,flow,33,0.281983385934586
p06_noise_room,anxious,flow,34,0.302979072856618
p06_noise_room,anxious,flow,35,0.369700068632792
p06_noise_room,anxious,flow,36,0.321800234616373
p06_noise_room,anxious,flow,37,0.311780963834003
p06_noise_room,anxious,flow,38,0.322867275438044
p06_noise_room,anxious,flow,39,0.318413958339813
p06_noise_room,anxious,flow,40,0.329460352777587
p06_noise_room,anxious,flow,41,0.303672762307464
p06_noise_room,anxious,flow,42,0.362454041520032
p06_noise_room,anxious,flow,43,0.294586359372853
p06_noise_room,anxious,flow,44,0.298953601783064
p06_noise_room,anxious,flow,45,0.281012687344928
p06_noise_room,anxious,flow,46,0.291749063680536
p06_noise_room,anxious,flow,47,0.323908829292028
p06_noise_room,anxious,flow,48,0.296616307893873
p06_noise_room,anxious,flow,49,0.353920903821142
p06_noise_room,anxious,flow,50,0.294133962339881
p06_noise_room,anxious,flow,51,0.298380031908456
p06_noise_room,anxious,flow,52,0.312332402055381
p06_noise_room,anxious,flow,53,0.327091630156957
p06_noise_room,anxious,flow,54,0.337794139752735
p06_noise_room,anxious,flow,55,0.275106332586808
p06_noise_room,anxious,flow,56,0.361633843509399
p06_noise_room,anxious,flow,57,0.298155671676217
p06_noise_room,anxious,flow,58,0.308682929108734
p06_noise_room,anxious,flow,59,0.296110940411484
p06_noise_room,anxious,flow,60,0.293642257482489
p06_noise_room,anxious,flow,61,0.357558664351756
p06_noise_room,anxious,flow,62,0.296143232445743
p06_noise_room,anxious,flow,63,0.334991329934094
p06_noise_static,anxious,flow,0,0.307664803331487
p06_noise_static,anxious,flow,1,0.382452471656521
p06_noise_static,anxious,flow,2,0.370634391622801
p06_noise_static,anxious,flow,3,0.401363361908569
p06_noise_static,anxious,flow,4,0.403524691009706
p06_noise_static,anxious,flow,5,0.361331737984592
p06_noise_static,anxious,flow,6,0.379864349763633
p06_noise_static,anxious,flow,7,0.382071904833376
p06_noise_static,anxious,flow,8,0.399455929232596
p06_noise_static,anxious,flow,9,0.388819958480357
p06_noise_static,anxious,flow,10,0.385894782929796
p06_noise_static,anxious,flow,11,0.378741061099284
p06_noise_static,anxious,flow,12,0.379793193734377
p06_noise_static,anxious,flow,13,0.307143234620293
p06_noise_static,anxious,flow,14,0.334222807155516
p06_noise_static,anxious,flow,15,0.382354951055158
p06_noise_static,anxious,flow,16,0.317546260975648
p06_noise_static,anxious,flow,17,0.367604291366273
p06_noise_static,anxious,flow,18,0.352835843512516
p06_noise_static,anxious,flow,19,0.314709203715969
p06_noise_static,anxious,flow,20,0.321900518473446
p06_noise_static,anxious,flow,21,0.331136621731916
p06_noise_static,anxious,flow,22,0.413594645313666
p06_noise_static,anxious,flow,23,0.332319515223588
p06_noise_static,anxious,flow,24,0.403984674514092
p06_noise_static,anxious,flow,25,0.297749755987932
p06_noise_static,anxious,flow,26,0.314263600354017
p06_noise_static,anxious,flow,27,0.426398696181348
p06_noise_static,anxious,flow,28,0.409256042556727
p06_noise_static,anxious,flow,29,0.330091753411934
p06_noise_static,anxious,flow,30,0.471615169807356
p06_noise_static,anxious,flow,31,0.348790156242085
p06_noise_static,anxious,flow,32,0.313886189988161
p06_noise_static,anxious,flow,33,0.623489871952943
p06_noise_static,anxious,flow,34,0.400092633548259
p06_noise_static,anxious,flow,35,0.393435176590411
p06_noise_static,anxious,flow,36,0.372031689380597
p06_noise_static,anxious,flow,37,0.337421835296489
p06_noise_static,anxious,flow,38,0.326055185117795
p06_noise_static,anxious,flow,39,0.311496394637105
p06_noise_static,anxious,flow,40,0.359159336015894
p06_noise_static,anxious,flow,41,0.372910189736780
p06_noise_static,anxious,flow,42,0.385319271517836
p06_noise_static,anxious,flow,43,0.396067919846967
p06_noise_static,anxious,flow,44,0.571105741910766
p06_noise_static,anxious,flow,45,0.339501040467603
p06_noise_static,anxious,flow,46,0.325980551607236
p06_noise_static,anxious,flow,47,0.319566469394450
p06_noise_static,anxious,flow,48,0.356243576180653
p06_noise_static,anxious,flow,49,0.397603390732817
p06_noise_static,anxious,flow,50,0.404468831291557
p06_noise_static,anxious,flow,51,0.350129618911186
p06_noise_static,anxious,flow,52,0.338666417580492
p06_noise_static,anxious,flow,53,0.326227841699646
p06_noise_static,anxious,flow,54,0.389028079842133
p06_noise_static,anxious,flow,55,0.338351680406059
p06_noise_static,anxious,flow,56,0.361938315397796
p06_noise_static,anxious,flow,57,0.362709974058009
p06_noise_static,anxious,flow,58,0.333973430679623
p06_noise_static,anxious,flow,59,0.366051626813871
p06_noise_static,anxious,flow,60,0.352500950933662
p06_noise_static,anxious,flow,61,0.376991120998260
p06_noise_static,anxious,flow,62,0.323275252008614
p06_noise_static,anxious,flow,63,0.319851489551503
p06_tone_control,anxious,flow,0,0.266922750525044
p06_tone_control,anxious,flow,1,0.265174503680379
p06_tone_control,anxious,flow,2,0.261257976823044
p06_tone_control,anxious,flow,3,0.260422213271874
p06_tone_control,anxious,flow,4,0.270095959223149
p06_tone_control,anxious,flow,5,0.269710179405323
p06_tone_control,anxious,flow,6,0.258114753904568
p06_tone_control,anxious,flow,7,0.258227443372084
p06_tone_control,anxious,flow,8,0.262533625290919
p06_tone_control,anxious,flow,9,0.257824447601213
p06_tone_control,anxious,flow,10,0.255652120826204
p06_tone_control,anxious,flow,11,0.251114442289658
p06_tone_control,anxious,flow,12,0.274871886789227
p06_tone_control,anxious,flow,13,0.269007068439609
p06_tone_control,anxious,flow,14,0.260134108106492
p06_tone_control,anxious,flow,15,0.269804701437911
p06_tone_control,anxious,flow,16,0.277150028682383
p06_tone_control,anxious,flow,17,0.268996605475871
p06_tone_control,anxious,flow,18,0.265207544483029
p06_tone_control,anxious,flow,19,0.274269035403731
p06_tone_control,anxious,flow,20,0.261754641445654
p06_tone_control,anxious,flow,21,0.260655784169095
p06_tone_control,anxious,flow,22,0.274993500563327
p06_tone_control,anxious,flow,23,0.267979687226482
p06_tone_control,anxious,flow,24,0.247258611728168
p06_tone_control,anxious,flow,25,0.259027566831418
p06_tone_control,anxious,flow,26,0.260554790898784
p06_tone_control,anxious,flow,27,0.264235151380508
p06_tone_control,anxious,flow,28,0.261159576001148
p06_tone_control,anxious,flow,29,0.257572281819732
p06_tone_control,anxious,flow,30,0.277705808959012
p06_tone_control,anxious,flow,31,0.263668922063366
p06_tone_control,anxious,flow,32,0.266859326937432
p06_tone_control,anxious,flow,33,0.258074973869473
p06_tone_control,anxious,flow,34,0.270513685425343
p06_tone_control,anxious,flow,35,0.268443453886406
p06_tone_control,anxious,flow,36,0.257666138317745
p06_tone_control,anxious,flow,37,0.258392862729399
p06_tone_control,anxious,flow,38,0.272984394740727
p06_tone_control,anxious,flow,39,0.251529742588187
p06_tone_control,anxious,flow,40,0.263350721186307
p06_tone_control,anxious,flow,41,0.268755705071907
p06_tone_control,anxious,flow,42,0.263886031250720
p06_tone_control,anxious,flow,43,0.258617243260870
p06_tone_control,anxious,flow,44,0.259734469648667
p06_tone_control,anxious,flow,45,0.272368807186613
p06_tone_control,anxious,flow,46,0.253679803114016
p06_tone_control,anxious,flow,47,0.264749078281026
p06_tone_control,anxious,flow,48,0.272851329954120
p06_tone_control,anxious,flow,49,0.257804527523789
p06_tone_control,anxious,flow,50,0.258958204700171
p06_tone_control,anxious,flow,51,0.273027362628030
p06_tone_control,anxious,flow,52,0.257764671832306
p06_tone_control,anxious,flow,53,0.260716214749123
p06_tone_control,anxious,flow,54,0.271043368482635
p06_tone_control,anxious,flow,55,0.259007612629650
p06_tone_control,anxious,flow,56,0.258581366439912
p06_tone_control,anxious,flow,57,0.264915111044648
p06_tone_control,anxious,flow,58,0.265541488821974
p06_tone_control,anxious,flow,59,0.258795477160774
p06_tone_control,anxious,flow,60,0.265313617679617
p06_tone_control,anxious,flow,61,0.261779252163018
p06_tone_control,anxious,flow,62,0.259905074805075
p06_tone_control,anxious,flow,63,0.262888548405347
p06_noise_random_pulse,anxious,focus,0,0.144170441811804
p06_noise_random_pulse,anxious,focus,1,0.236746337436434
p06_noise_random_pulse,anxious,focus,2,0.324951369545629
p06_noise_random_pulse,anxious,focus,3,0.183057746596826
p06_noise_random_pulse,anxious,focus,4,0.191573749353505
p06_noise_random_pulse,anxious,focus,5,0.216969373231868
p06_noise_random_pulse,anxious,focus,6,0.182969273901618
p06_noise_random_pulse,anxious,focus,7,0.212092249817863
p06_noise_random_pulse,anxious,focus,8,0.121383038360515
p06_noise_random_pulse,anxious,focus,9,0.289896415428708
p06_noise_random_pulse,anxious,focus,10,0.137926845074566
p06_noise_random_pulse,anxious,focus,11,0.210770476969774
p06_noise_random_pulse,anxious,focus,12,0.231329796403585
p06_noise_random_pulse,anxious,focus,13,0.357982244159827
p06_noise_random_pulse,anxious,focus,14,0.155627330099134
p06_noise_random_pulse,anxious,focus,15,0.205519886903319
p06_noise_random_pulse,anxious,focus,16,0.169972422705644
p06_noise_random_pulse,anxious,focus,17,0.185892612672255
p06_noise_random_pulse,anxious,focus,18,0.230171634757352
p06_noise_random_pulse,anxious,focus,19,0.130197088401414
p06_noise_random_pulse,anxious,focus,20,0.343554799876721
p06_noise_random_pulse,anxious,focus,21,0.147828863004609
p06_noise_random_pulse,anxious,focus,22,0.162509111450583
p06_noise_random_pulse,anxious,focus,23,0.280458745273998
p06_noise_random_pulse,anxious,focus,24,0.165506155154123
p06_noise_random_pulse,anxious,focus,25,0.089671493331931
p06_noise_random_pulse,anxious,focus,26,0.184556673325708
p06_noise_random_pulse,anxious,focus,27,0.205305019558703
p06_noise_random_pulse,anxious,focus,28,0.161022624599290
p06_noise_random_pulse,anxious,focus,29,0.253637563421729
p06_noise_random_pulse,anxious,focus,30,0.153832750903134
p06_noise_random_pulse,anxious,focus,31,0.221539180328719
p06_noise_random_pulse,anxious,focus,32,0.245597363052342
p06_noise_random_pulse,anxious,focus,33,0.240952144000536
p06_noise_random_pulse,anxious,focus,34,0.239762967269195
p06_noise_random_pulse,anxious,focus,35,0.201288414622434
p06_noise_random_pulse,anxious,focus,36,0.192590368653297
p06_noise_random_pulse,anxious,focus,37,0.188590880375851
p06_noise_random_pulse,anxious,focus,38,0.162098831278011
p06_noise_random_pulse,anxious,focus,39,0.146212693293946
p06_noise_random_pulse,anxious,focus,40,0.343236971872477
p06_noise_random_pulse,anxious,focus,41,0.207494153145419
p06_noise_random_pulse,anxious,focus,42,0.284991529207016
p06_noise_random_pulse,anxious,focus,43,0.131485525992555
p06_noise_random_pulse,anxious,focus,44,0.360676172074547
p06_noise_random_pulse,anxious,focus,45,0.178985882545987
p06_noise_random_pulse,anxious,focus,46,0.149974541470449
p06_noise_random_pulse,anxious,focus,47,0.264456064874321
p06_noise_random_pulse,anxious,focus,48,0.270650772645182
p06_noise_random_pulse,anxious,focus,49,0.258015837847743
p06_noise_random_pulse,anxious,focus,50,0.221990440534544
p06_noise_random_pulse,anxious,focus,51,0.243339715077592
p06_noise_random_pulse,anxious,focus,52,0.234000281168409
p06_noise_random_pulse,anxious,focus,53,0.205854975376752
p06_noise_random_pulse,anxious,focus,54,0.330255002365844
p06_noise_random_pulse,anxious,focus,55,0.166965794749903
p06_noise_random_pulse,anxious,focus,56,0.161449989876319
p06_noise_random_pulse,anxious,focus,57,0.242025274736763
p06_noise_random_pulse,anxious,focus,58,0.185547431573133
p06_noise_random_pulse,anxious,focus,59,0.152379759429016
p06_noise_random_pulse,anxious,focus,60,0.277697209504130
p06_noise_random_pulse,anxious,focus,61,0.241549431144088
p06_noise_random_pulse,anxious,focus,62,0.341147028913301
p06_noise_random_pulse,anxious,focus,63,0.246373520667868
p06_noise_random_walk,anxious,focus,0,0.237101421566030
p06_noise_random_walk,anxious,focus,1,0.250602036815217
p06_noise_random_walk,anxious,focus,2,0.244324786622708
p06_noise_random_walk,anxious,focus,3,0.281218979460241
p06_noise_random_walk,anxious,focus,4,0.250802544732332
p06_noise_random_walk,anxious,focus,5,0.219129520496737
p06_noise_random_walk,anxious,focus,6,0.262830730241659
p06_noise_random_walk,anxious,focus,7,0.390410754520111
p06_noise_random_walk,anxious,focus,8,0.209190291531361
p06_noise_random_walk,anxious,focus,9,0.258545389674944
p06_noise_random_walk,anxious,focus,10,0.248289694825230
p06_noise_random_walk,anxious,focus,11,0.267045577495638
p06_noise_random_walk,anxious,focus,12,0.268862669795272
p06_noise_random_walk,anxious,focus,13,0.271853857138572
p06_noise_random_walk,anxious,focus,14,0.241105529857752
p06_noise_random_walk,anxious,focus,15,0.342269288407398
p06_noise_random_walk,anxious,focus,16,0.253458467195255
p06_noise_random_walk,anxious,focus,17,0.255493705810552
p06_noise_random_walk,anxious,focus,18,0.205079815859751
p06_noise_random_walk,anxious,focus,19,0.272460691042924
p06_noise_random_walk,anxious,focus,20,0.258841431845717
p06_noise_random_walk,anxious,focus,21,0.313119409910206
p06_noise_random_walk,anxious,focus,22,0.312992849708724
p06_noise_random_walk,anxious,focus,23,0.282404108718004
p06_noise_random_walk,anxious,focus,24,0.299923531987320
p06_noise_random_walk,anxious,focus,25,0.325194887036218
p06_noise_random_walk,anxious,focus,26,0.360203385297539
p06_noise_random_walk,anxious,focus,27,0.291456200557269
p06_noise_random_walk,anxious,focus,28,0.333263068290720
p06_noise_random_walk,anxious,focus,29,0.203100391032807
p06_noise_random_walk,anxious,focus,30,0.212741883116400
p06_noise_random_walk,anxious,focus,31,0.423628278179536
p06_noise_random_walk,anxious,focus,32,0.251699186628064
p06_noise_random_walk,anxious,focus,33,0.157313117016782
p06_noise_random_walk,anxious,focus,34,0.269442996753516
p06_noise_random_walk,anxious,focus,35,0.300728270247656
p06_noise_random_walk,anxious,focus,36,0.248790169633801
p06_noise_random_walk,anxious,focus,37,0.319135647374685
p06_noise_random_walk,anxious,focus,38,0.255911760981463
p06_noise_random_walk,anxious,focus,39,0.235970574799306
p06_noise_random_walk,anxious,focus,40,0.226719736791255
p06_noise_random_walk,anxious,focus,41,0.266371162567847
p06_noise_random_walk,anxious,focus,42,0.375393624875648
p06_noise_random_walk,anxious,focus,43,0.233387057452274
p06_noise_random_walk,anxious,focus,44,0.202546395458534
p06_noise_random_walk,anxious,focus,45,0.348768859216537
p06_noise_random_walk,anxious,focus,46,0.169723176472784
p06_noise_random_walk,anxious,focus,47,0.245360615446680
p06_noise_random_walk,anxious,focus,48,0.232337688384593
p06_noise_random_walk,anxious,focus,49,0.239414839092074
p06_noise_random_walk,anxious,focus,50,0.318815298891764
p06_noise_random_walk,anxious,focus,51,0.240513641177791
p06_noise_random_walk,anxious,focus,52,0.377450917795951
p06_noise_random_walk,anxious,focus,53,0.164241671321252
p06_noise_random_walk,anxious,focus,54,0.180695011505416
p06_noise_random_walk,anxious,focus,55,0.206379036146534
p06_noise_random_walk,anxious,focus,56,0.258233723922970
p06_noise_random_walk,anxious,focus,57,0.234919898377960
p06_noise_random_walk,anxious,focus,58,0.225209408944258
p06_noise_random_walk,anxious,focus,59,0.251205244098690
p06_noise_random_walk,anxious,focus,60,0.277095635185428
p06_noise_random_walk,anxious,focus,61,0.258455245253899
p06_noise_random_walk,anxious,focus,62,0.209319446037765
p06_noise_random_walk,anxious,focus,63,0.142705969129601
p06_noise_room,anxious,focus,0,0.120720181141878
p06_noise_room,anxious,focus,1,0.141170210248560
p06_noise_room,anxious,focus,2,0.151775817445911
p06_noise_room,anxious,focus,3,0.118857715002381
p06_noise_room,anxious,focus,4,0.141484764136339
p06_noise_room,anxious,focus,5,0.129188299444246
p06_noise_room,anxious,focus,6,0.160935319718949
p06_noise_room,anxious,focus,7,0.208215447190698
p06_noise_room,anxious,focus,8,0.199891580513554
p06_noise_room,anxious,focus,9,0.149612358520741
p06_noise_room,anxious,focus,10,0.113886193077576
p06_noise_room,anxious,focus,11,0.190326582073358
p06_noise_room,anxious,focus,12,0.158411521383893
p06_noise_room,anxious,focus,13,0.140976496686538
p06_noise_room,anxious,focus,14,0.199966435168509
p06_noise_room,anxious,focus,15,0.167243851870917
p06_noise_room,anxious,focus,16,0.159002944676740
p06_noise_room,anxious,focus,17,0.130660775740556
p06_noise_room,anxious,focus,18,0.232500701667538
p06_noise_room,anxious,focus,19,0.130025725988891
p06_noise_room,anxious,focus,20,0.150973979650518
p06_noise_room,anxious,focus,21,0.159348981629532
p06_noise_room,anxious,focus,22,0.210384259044690
p06_noise_room,anxious,focus,23,0.129620241192219
p06_noise_room,anxious,focus,24,0.163948793622239
p06_noise_room,anxious,focus,25,0.260484507474553
p06_noise_room,anxious,focus,26,0.107693137879411
p06_noise_room,anxious,focus,27,0.254688060962800
p06_noise_room,anxious,focus,28,0.212222157810339
p06_noise_room,anxious,focus,29,0.139573909104645
p06_noise_room,anxious,focus,30,0.204732694645225
p06_noise_room,anxious,focus,31,0.122634460605531
p06_noise_room,anxious,focus,32,0.151173266507608
p06_noise_room,anxious,focus,33,0.112412115863059
p06_noise_room,anxious,focus,34,0.131397052367635
p06_noise_room,anxious,focus,35,0.225565151739966
p06_noise_room,anxious,focus,36,0.170487081713375
p06_noise_room,anxious,focus,37,0.161430837358316
p06_noise_room,anxious,focus,38,0.170986658277030
p06_noise_room,anxious,focus,39,0.180858983308505
p06_noise_room,anxious,focus,40,0.194372796483227
p06_noise_room,anxious,focus,41,0.180849389012577
p06_noise_room,anxious,focus,42,0.332040427543021
p06_noise_room,anxious,focus,43,0.127190977784900
p06_noise_room,anxious,focus,44,0.135804598040388
p06_noise_room,anxious,focus,45,0.121892657110842
p06_noise_room,anxious,focus,46,0.155757719473315
p06_noise_room,anxious,focus,47,0.179893019263313
p06_noise_room,anxious,focus,48,0.154298962260840
p06_noise_room,anxious,focus,49,0.206709180224176
p06_noise_room,anxious,focus,50,0.142479176184678
p06_noise_room,anxious,focus,51,0.127957239679334
p06_noise_room,anxious,focus,52,0.181473395401907
p06_noise_room,anxious,focus,53,0.201241736044264
p06_noise_room,anxious,focus,54,0.190483855347275
p06_noise_room,anxious,focus,55,0.123307827819762
p06_noise_room,anxious,focus,56,0.241794409268436
p06_noise_room,anxious,focus,57,0.126433472240029
p06_noise_room,anxious,focus,58,0.152308069599866
p06_noise_room,anxious,focus,59,0.167085435101693
p06_noise_room,anxious,focus,60,0.173836540755598
p06_noise_room,anxious,focus,61,0.202382313713035
p06_noise_room,anxious,focus,62,0.130892243907682
p06_noise_room,anxious,focus,63,0.193503803007027
p06_noise_static,anxious,focus,0,0.184326984440872
p06_noise_static,anxious,focus,1,0.245358034903766
p06_noise_static,anxious,focus,2,0.260236270551054
p06_noise_static,anxious,focus,3,0.247998726696375
p06_noise_static,anxious,focus,4,0.270450864220869
p06_noise_static,anxious,focus,5,0.193753277977800
p06_noise_static,anxious,focus,6,0.224309789943569
p06_noise_static,anxious,focus,7,0.324330195447433
p06_noise_static,anxious,focus,8,0.225654693755591
p06_noise_static,anxious,focus,9,0.234468813974621
p06_noise_static,anxious,focus,10,0.225216853257770
p06_noise_static,anxious,focus,11,0.197478123438291
p06_noise_static,anxious,focus,12,0.292353216745490
p06_noise_static,anxious,focus,13,0.204730858753841
p06_noise_static,anxious,focus,14,0.229486532866961
p06_noise_static,anxious,focus,15,0.241557223910677
p06_noise_static,anxious,focus,16,0.193101866401333
p06_noise_static,anxious,focus,17,0.230328113219627
p06_noise_static,anxious,focus,18,0.131306067145841
p06_noise_static,anxious,focus,19,0.198966027453111
p06_noise_static,anxious,focus,20,0.177124558492961
p06_noise_static,anxious,focus,21,0.124396816929996
p06_noise_static,anxious,focus,22,0.386878780885459
p06_noise_static,anxious,focus,23,0.159574068289339
p06_noise_static,anxious,focus,24,0.287761370210303
p06_noise_static,anxious,focus,25,0.175312904002798
p06_noise_static,anxious,focus,26,0.135610177072123
p06_noise_static,anxious,focus,27,0.249187961615681
p06_noise_static,anxious,focus,28,0.283281834095320
p06_noise_static,anxious,focus,29,0.215702933832405
p06_noise_static,anxious,focus,30,0.381132821296360
p06_noise_static,anxious,focus,31,0.328419773785580
p06_noise_static,anxious,focus,32,0.184089304202172
p06_noise_static,anxious,focus,33,0.407663936971788
p06_noise_static,anxious,focus,34,0.224417018845377
p06_noise_static,anxious,focus,35,0.235223810678057
p06_noise_static,anxious,focus,36,0.200960808026100
p06_noise_static,anxious,focus,37,0.318285988081071
p06_noise_static,anxious,focus,38,0.172106817873682
p06_noise_static,anxious,focus,39,0.206259355571599
p06_noise_static,anxious,focus,40,0.212671772145981
p06_noise_static,anxious,focus,41,0.210623549679028
p06_noise_static,anxious,focus,42,0.254065131901610
p06_noise_static,anxious,focus,43,0.200529734401553
p06_noise_static,anxious,focus,44,0.234658773019978
p06_noise_static,anxious,focus,45,0.269890151515447
p06_noise_static,anxious,focus,46,0.302112198281643
p06_noise_static,anxious,focus,47,0.197514194803658
p06_noise_static,anxious,focus,48,0.280412194510399
p06_noise_static,anxious,focus,49,0.209506084803277
p06_noise_static,anxious,focus,50,0.235003473199814
p06_noise_static,anxious,focus,51,0.236454061508678
p06_noise_static,anxious,focus,52,0.226250425364446
p06_noise_static,anxious,focus,53,0.192275119738846
p06_noise_static,anxious,focus,54,0.253362345539546
p06_noise_static,anxious,focus,55,0.252962718538222
p06_noise_static,anxious,focus,56,0.187987412839573
p06_noise_static,anxious,focus,57,0.169796114993857
p06_noise_static,anxious,focus,58,0.205336434222327
p06_noise_static,anxious,focus,59,0.237642453719317
p06_noise_static,anxious,focus,60,0.224344457935670
p06_noise_static,anxious,focus,61,0.304541122682172
p06_noise_static,anxious,focus,62,0.168648229526774
p06_noise_static,anxious,focus,63,0.232107130618487
p06_tone_control,anxious,focus,0,0.111860966231233
p06_tone_control,anxious,focus,1,0.107784916200907
p06_tone_control,anxious,focus,2,0.101448087716423
p06_tone_control,anxious,focus,3,0.102601057595163
p06_tone_control,anxious,focus,4,0.116055575038940
p06_tone_control,anxious,focus,5,0.110243076949546
p06_tone_control,anxious,focus,6,0.098354880826797
p06_tone_control,anxious,focus,7,0.101330250937218
p06_tone_control,anxious,focus,8,0.106205085667008
p06_tone_control,anxious,focus,9,0.100570075055236
p06_tone_control,anxious,focus,10,0.098211199085274
p06_tone_control,anxious,focus,11,0.093654088251538
p06_tone_control,anxious,focus,12,0.127167119473443
p06_tone_control,anxious,focus,13,0.112784998260418
p06_tone_control,anxious,focus,14,0.101546454918341
p06_tone_control,anxious,focus,15,0.113918973710142
p06_tone_control,anxious,focus,16,0.135134232496953
p06_tone_control,anxious,focus,17,0.112975896817069
p06_tone_control,anxious,focus,18,0.109725272263267
p06_tone_control,anxious,focus,19,0.124156901275389
p06_tone_control,anxious,focus,20,0.104016385807944
p06_tone_control,anxious,focus,21,0.104827765045050
p06_tone_control,anxious,focus,22,0.127923542076694
p06_tone_control,anxious,focus,23,0.112734820023975
p06_tone_control,anxious,focus,24,0.087224923745533
p06_tone_control,anxious,focus,25,0.101494966966754
p06_tone_control,anxious,focus,26,0.103284809804018
p06_tone_control,anxious,focus,27,0.109581149897753
p06_tone_control,anxious,focus,28,0.105235109190439
p06_tone_control,anxious,focus,29,0.097766139969731
p06_tone_control,anxious,focus,30,0.132764505164172
p06_tone_control,anxious,focus,31,0.106638249295257
p06_tone_control,anxious,focus,32,0.115599923900761
p06_tone_control,anxious,focus,33,0.098724451146054
p06_tone_control,anxious,focus,34,0.113046515905651
p06_tone_control,anxious,focus,35,0.112261279664178
p06_tone_control,anxious,focus,36,0.100495801506427
p06_tone_control,anxious,focus,37,0.101631080795807
p06_tone_control,anxious,focus,38,0.121319931350658
p06_tone_control,anxious,focus,39,0.093214030558310
p06_tone_control,anxious,focus,40,0.109157822545555
p06_tone_control,anxious,focus,41,0.114817208959971
p06_tone_control,anxious,focus,42,0.104402051879651
p06_tone_control,anxious,focus,43,0.099412530669360
p06_tone_control,anxious,focus,44,0.099527572467524
p06_tone_control,anxious,focus,45,0.119739363299522
p06_tone_control,anxious,focus,46,0.095932876197667
p06_tone_control,anxious,focus,47,0.107798019362307
p06_tone_control,anxious,focus,48,0.116779930581770
p06_tone_control,anxious,focus,49,0.098696921460945
p06_tone_control,anxious,focus,50,0.099649467417638
p06_tone_control,anxious,focus,51,0.121473837118688
p06_tone_control,anxious,focus,52,0.099953416882416
p06_tone_control,anxious,focus,53,0.102021348537792
p06_tone_control,anxious,focus,54,0.116062908369903
p06_tone_control,anxious,focus,55,0.101495297579836
p06_tone_control,anxious,focus,56,0.101899687748427
p06_tone_control,anxious,focus,57,0.108263924165495
p06_tone_control,anxious,focus,58,0.108518575961307
p06_tone_control,anxious,focus,59,0.097934175279939
p06_tone_control,anxious,focus,60,0.113209629521671
p06_tone_control,anxious,focus,61,0.105732330266402
p06_tone_control,anxious,focus,62,0.101491729348380
p06_tone_control,anxious,focus,63,0.105431492246954
p06_noise_random_pulse,anxious,ignition,0,0.102805064859968
p06_noise_random_pulse,anxious,ignition,1,0.306230345849781
p06_noise_random_pulse,anxious,ignition,2,0.221317755230623
p06_noise_random_pulse,anxious,ignition,3,0.220975786313925
p06_noise_random_pulse,anxious,ignition,4,0.273298537197350
p06_noise_random_pulse,anxious,ignition,5,0.314301513647148
p06_noise_random_pulse,anxious,ignition,6,0.174179591941883
p06_noise_random_pulse,anxious,ignition,7,0.199176510210423
p06_noise_random_pulse,anxious,ignition,8,0.148955561082818
p06_noise_random_pulse,anxious,ignition,9,0.349871375950955
p06_noise_random_pulse,anxious,ignition,10,0.167850132398265
p06_noise_random_pulse,anxious,ignition,11,0.216959049400285
p06_noise_random_pulse,anxious,ignition,12,0.318246233035614
p06_noise_random_pulse,anxious,ignition,13,0.212371182702421
p06_noise_random_pulse,anxious,ignition,14,0.181117042845228
p06_noise_random_pulse,anxious,ignition,15,0.230318553393390
p06_noise_random_pulse,anxious,ignition,16,0.154523022051048
p06_noise_random_pulse,anxious,ignition,17,0.226917915268852
p06_noise_random_pulse,anxious,ignition,18,0.271154666516205
p06_noise_random_pulse,anxious,ignition,19,0.240864563564926
p06_noise_random_pulse,anxious,ignition,20,0.315501477691873
p06_noise_random_pulse,anxious,ignition,21,0.238884173444377
p06_noise_random_pulse,anxious,ignition,22,0.128975876873568
p06_noise_random_pulse,anxious,ignition,23,0.338302467142913
p06_noise_random_pulse,anxious,ignition,24,0.176630080902296
p06_noise_random_pulse,anxious,ignition,25,0.124314831794055
p06_noise_random_pulse,anxious,ignition,26,0.220730292722819
p06_noise_random_pulse,anxious,ignition,27,0.151792004137037
p06_noise_random_pulse,anxious,ignition,28,0.158440446854372
p06_noise_random_pulse,anxious,ignition,29,0.268654092768020
p06_noise_random_pulse,anxious,ignition,30,0.170952324838105
p06_noise_random_pulse,anxious,ignition,31,0.186241505542510
p06_noise_random_pulse,anxious,ignition,32,0.169474861113133
p06_noise_random_pulse,anxious,ignition,33,0.295358819572104
p06_noise_random_pulse,anxious,ignition,34,0.221660678986585
p06_noise_random_pulse,anxious,ignition,35,0.259915915868126
p06_noise_random_pulse,anxious,ignition,36,0.142251185866183
p06_noise_random_pulse,anxious,ignition,37,0.136760294581175
p06_noise_random_pulse,anxious,ignition,38,0.193140077223859
p06_noise_random_pulse,anxious,ignition,39,0.176561440202991
p06_noise_random_pulse,anxious,ignition,40,0.275498079778132
p06_noise_random_pulse,anxious,ignition,41,0.273677246382274
p06_noise_random_pulse,anxious,ignition,42,0.181109362726466
p06_noise_random_pulse,anxious,ignition,43,0.159517217417433
p06_noise_random_pulse,anxious,ignition,44,0.203190936586736
p06_noise_random_pulse,anxious,ignition,45,0.180557625911296
p06_noise_random_pulse,anxious,ignition,46,0.185604837684048
p06_noise_random_pulse,anxious,ignition,47,0.209321633343484
p06_noise_random_pulse,anxious,ignition,48,0.236511825825421
p06_noise_random_pulse,anxious,ignition,49,0.254085427122788
p06_noise_random_pulse,anxious,ignition,50,0.285313729155277
p06_noise_random_pulse,anxious,ignition,51,0.256398123646090
p06_noise_random_pulse,anxious,ignition,52,0.291922502483297
p06_noise_random_pulse,anxious,ignition,53,0.227753787844375
p06_noise_random_pulse,anxious,ignition,54,0.194185418733468
p06_noise_random_pulse,anxious,ignition,55,0.213562149160244
p06_noise_random_pulse,anxious,ignition,56,0.180305140587692
p06_noise_random_pulse,anxious,ignition,57,0.243557760982206
p06_noise_random_pulse,anxious,ignition,58,0.203914885560838
p06_noise_random_pulse,anxious,ignition,59,0.197391167039721
p06_noise_random_pulse,anxious,ignition,60,0.314777981163225
p06_noise_random_pulse,anxious,ignition,61,0.218903023471368
p06_noise_random_pulse,anxious,ignition,62,0.241665175699651
p06_noise_random_pulse,anxious,ignition,63,0.202165745790118
p06_noise_random_walk,anxious,ignition,0,0.227467274241844
p06_noise_random_walk,anxious,ignition,1,0.344893138109613
p06_noise_random_walk,anxious,ignition,2,0.175377241572006
p06_noise_random_walk,anxious,ignition,3,0.231004629291485
p06_noise_random_walk,anxious,ignition,4,0.369813475303757
p06_noise_random_walk,anxious,ignition,5,0.328170240027164
p06_noise_random_walk,anxious,ignition,6,0.117376196155236
p06_noise_random_walk,anxious,ignition,7,0.165859916344308
p06_noise_random_walk,anxious,ignition,8,0.168514351140570
p06_noise_random_walk,anxious,ignition,9,0.264124949614820
p06_noise_random_walk,anxious,ignition,10,0.306754839785237
p06_noise_random_walk,anxious,ignition,11,0.255992463135718
p06_noise_random_walk,anxious,ignition,12,0.318604146760142
p06_noise_random_walk,anxious,ignition,13,0.229995716463962
p06_noise_random_walk,anxious,ignition,14,0.303797964766810
p06_noise_random_walk,anxious,ignition,15,0.297850895026509
p06_noise_random_walk,anxious,ignition,16,0.314805416568675
p06_noise_random_walk,anxious,ignition,17,0.273428183339151
p06_noise_random_walk,anxious,ignition,18,0.207382789525359
p06_noise_random_walk,anxious,ignition,19,0.229328335890287
p06_noise_random_walk,anxious,ignition,20,0.255928325448291
p06_noise_random_walk,anxious,ignition,21,0.397183895370194
p06_noise_random_walk,anxious,ignition,22,0.397712797527336
p06_noise_random_walk,anxious,ignition,23,0.219191833962523
p06_noise_random_walk,anxious,ignition,24,0.318945460970896
p06_noise_random_walk,anxious,ignition,25,0.248195383744756
p06_noise_random_walk,anxious,ignition,26,0.216144984504707
p06_noise_random_walk,anxious,ignition,27,0.141218126029971
p06_noise_random_walk,anxious,ignition,28,0.242807012593527
p06_noise_random_walk,anxious,ignition,29,0.287809076089282
p06_noise_random_walk,anxious,ignition,30,0.149170127283343
p06_noise_random_walk,anxious,ignition,31,0.224235621012760
p06_noise_random_walk,anxious,ignition,32,0.247916136613592
p06_noise_random_walk,anxious,ignition,33,0.149866458504543
p06_noise_random_walk,anxious,ignition,34,0.323518853231522
p06_noise_random_walk,anxious,ignition,35,0.153967291513000
p06_noise_random_walk,anxious,ignition,36,0.251490690052769
p06_noise_random_walk,anxious,ignition,37,0.300568705408960
p06_noise_random_walk,anxious,ignition,38,0.200149769932288
p06_noise_random_walk,anxious,ignition,39,0.250866986522153
p06_noise_random_walk,anxious,ignition,40,0.240684571147167
p06_noise_random_walk,anxious,ignition,41,0.211801722354740
p06_noise_random_walk,anxious,ignition,42,0.252903560958727
p06_noise_random_walk,anxious,ignition,43,0.253956789473719
p06_noise_random_walk,anxious,ignition,44,0.172453127583480
p06_noise_random_walk,anxious,ignition,45,0.157144873654709
p06_noise_random_walk,anxious,ignition,46,0.263910627436386
p06_noise_random_walk,anxious,ignition,47,0.298233281389847
p06_noise_random_walk,anxious,ignition,48,0.240752370074268
p06_noise_random_walk,anxious,ignition,49,0.236164528400639
p06_noise_random_walk,anxious,ignition,50,0.275553867915900
p06_noise_random_walk,anxious,ignition,51,0.193577405955375
p06_noise_random_walk,anxious,ignition,52,0.230712114296700
p06_noise_random_walk,anxious,ignition,53,0.232758695190419
p06_noise_random_walk,anxious,ignition,54,0.152108603696038
p06_noise_random_walk,anxious,ignition,55,0.263810418327877
p06_noise_random_walk,anxious,ignition,56,0.229174414020538
p06_noise_random_walk,anxious,ignition,57,0.171242678934474
p06_noise_random_walk,anxious,ignition,58,0.234113999774654
p06_noise_random_walk,anxious,ignition,59,0.233522044791510
p06_noise_random_walk,anxious,ignition,60,0.198108085418940
p06_noise_random_walk,anxious,ignition,61,0.246595381898117
p06_noise_random_walk,anxious,ignition,62,0.208241158194759
p06_noise_random_walk,anxious,ignition,63,0.272446304201538
p06_noise_room,anxious,ignition,0,0.125699595114093
p06_noise_room,anxious,ignition,1,0.128169646524770
p06_noise_room,anxious,ignition,2,0.178785255954310
p06_noise_room,anxious,ignition,3,0.122787919133443
p06_noise_room,anxious,ignition,4,0.270820461979770
p06_noise_room,anxious,ignition,5,0.136526964145842
p06_noise_room,anxious,ignition,6,0.109822548624844
p06_noise_room,anxious,ignition,7,0.160662621591407
p06_noise_room,anxious,ignition,8,0.220643871532720
p06_noise_room,anxious,ignition,9,0.153947873357414
p06_noise_room,anxious,ignition,10,0.131412044367935
p06_noise_room,anxious,ignition,11,0.189016840333853
p06_noise_room,anxious,ignition,12,0.166410594349422
p06_noise_room,anxious,ignition,13,0.138925019934732
p06_noise_room,anxious,ignition,14,0.235412947479397
p06_noise_room,anxious,ignition,15,0.241087104838073
p06_noise_room,anxious,ignition,16,0.212142491707053
p06_noise_room,anxious,ignition,17,0.145198948398748
p06_noise_room,anxious,ignition,18,0.320976440415793
p06_noise_room,anxious,ignition,19,0.232778813489695
p06_noise_room,anxious,ignition,20,0.162319046554320
p06_noise_room,anxious,ignition,21,0.163109582238492
p06_noise_room,anxious,ignition,22,0.252754516367259
p06_noise_room,anxious,ignition,23,0.136170762598165
p06_noise_room,anxious,ignition,24,0.171712046916356
p06_noise_room,anxious,ignition,25,0.313834347709358
p06_noise_room,anxious,ignition,26,0.142414682614811
p06_noise_room,anxious,ignition,27,0.181373186069249
p06_noise_room,anxious,ignition,28,0.151657473351140
p06_noise_room,anxious,ignition,29,0.174067863503623
p06_noise_room,anxious,ignition,30,0.237935138340291
p06_noise_room,anxious,ignition,31,0.090790009907262
p06_noise_room,anxious,ignition,32,0.157990827929886
p06_noise_room,anxious,ignition,33,0.112057056994458
p06_noise_room,anxious,ignition,34,0.162536527856406
p06_noise_room,anxious,ignition,35,0.190798074325486
p06_noise_room,anxious,ignition,36,0.210033293953834
p06_noise_room,anxious,ignition,37,0.240427215591730
p06_noise_room,anxious,ignition,38,0.190338285032917
p06_noise_room,anxious,ignition,39,0.207383247036820
p06_noise_room,anxious,ignition,40,0.221659064598815
p06_noise_room,anxious,ignition,41,0.175742734762944
p06_noise_room,anxious,ignition,42,0.231984766839726
p06_noise_room,anxious,ignition,43,0.135400756636903
p06_noise_room,anxious,ignition,44,0.185281731946757
p06_noise_room,anxious,ignition,45,0.163083445214478
p06_noise_room,anxious,ignition,46,0.157870002031532
p06_noise_room,anxious,ignition,47,0.161082005126404
p06_noise_room,anxious,ignition,48,0.153375605142100
p06_noise_room,anxious,ignition,49,0.216229028116572
p06_noise_room,anxious,ignition,50,0.169190896441782
p06_noise_room,anxious,ignition,51,0.146073855709446
p06_noise_room,anxious,ignition,52,0.270909990002375
p06_noise_room,anxious,ignition,53,0.205168716314019
p06_noise_room,anxious,ignition,54,0.129775671997146
p06_noise_room,anxious,ignition,55,0.127187579918706
p06_noise_room,anxious,ignition,56,0.176161206154755
p06_noise_room,anxious,ignition,57,0.136746820431235
p06_noise_room,anxious,ignition,58,0.155403945488105
p06_noise_room,anxious,ignition,59,0.189361767454390
p06_noise_room,anxious,ignition,60,0.165926719785102
p06_noise_room,anxious,ignition,61,0.165698263692451
p06_noise_room,anxious,ignition,62,0.136298214283587
p06_noise_room,anxious,ignition,63,0.333557532226672
p06_noise_static,anxious,ignition,0,0.297031330603314
p06_noise_static,anxious,ignition,1,0.201879021744507
p06_noise_static,anxious,ignition,2,0.286514339997133
p06_noise_static,anxious,ignition,3,0.187371381617819
p06_noise_static,anxious,ignition,4,0.241159599630649
p06_noise_static,anxious,ignition,5,0.238464394792615
p06_noise_static,anxious,ignition,6,0.197746246550849
p06_noise_static,anxious,ignition,7,0.275968754173509
p06_noise_static,anxious,ignition,8,0.328959008991810
p06_noise_static,anxious,ignition,9,0.165296204857705
p06_noise_static,anxious,ignition,10,0.248670490673392
p06_noise_static,anxious,ignition,11,0.186965706427592
p06_noise_static,anxious,ignition,12,0.259535825634168
p06_noise_static,anxious,ignition,13,0.194219015467120
p06_noise_static,anxious,ignition,14,0.236694203634687
p06_noise_static,anxious,ignition,15,0.292794143935881
p06_noise_static,anxious,ignition,16,0.186705537315041
p06_noise_static,anxious,ignition,17,0.307601360718875
p06_noise_static,anxious,ignition,18,0.141391299853813
p06_noise_static,anxious,ignition,19,0.275320326756751
p06_noise_static,anxious,ignition,20,0.175251140912632
p06_noise_static,anxious,ignition,21,0.087373304550945
p06_noise_static,anxious,ignition,22,0.182543581033750
p06_noise_static,anxious,ignition,23,0.151004304600686
p06_noise_static,anxious,ignition,24,0.305601412945564
p06_noise_static,anxious,ignition,25,0.232775670764905
p06_noise_static,anxious,ignition,26,0.084363325899552
p06_noise_static,anxious,ignition,27,0.205838175959414
p06_noise_static,anxious,ignition,28,0.200579740205808
p06_noise_static,anxious,ignition,29,0.219248703719346
p06_noise_static,anxious,ignition,30,0.208198415780722
p06_noise_static,anxious,ignition,31,0.267139256325063
p06_noise_static,anxious,ignition,32,0.155568443732669
p06_noise_static,anxious,ignition,33,0.174049280824629
p06_noise_static,anxious,ignition,34,0.164579130647286
p06_noise_static,anxious,ignition,35,0.183213305037530
p06_noise_static,anxious,ignition,36,0.218570864366590
p06_noise_static,anxious,ignition,37,0.194979644446425
p06_noise_static,anxious,ignition,38,0.235092548183363
p06_noise_static,anxious,ignition,39,0.280930446519111
p06_noise_static,anxious,ignition,40,0.249731532463515
p06_noise_static,anxious,ignition,41,0.266341393384679
p06_noise_static,anxious,ignition,42,0.166806528713421
p06_noise_static,anxious,ignition,43,0.218911539842926
p06_noise_static,anxious,ignition,44,0.186855672565267
p06_noise_static,anxious,ignition,45,0.214517689264352
p06_noise_static,anxious,ignition,46,0.117300679254355
p06_noise_static,anxious,ignition,47,0.196714850007478
p06_noise_static,anxious,ignition,48,0.265297442653187
p06_noise_static,anxious,ignition,49,0.166181505243663
p06_noise_static,anxious,ignition,50,0.235643786908194
p06_noise_static,anxious,ignition,51,0.345794727048093
p06_noise_static,anxious,ignition,52,0.217439489554946
p06_noise_static,anxious,ignition,53,0.302955920976101
p06_noise_static,anxious,ignition,54,0.167589650187240
p06_noise_static,anxious,ignition,55,0.337444359794827
p06_noise_static,anxious,ignition,56,0.178772751122071
p06_noise_static,anxious,ignition,57,0.199321134478562
p06_noise_static,anxious,ignition,58,0.243775252956016
p06_noise_static,anxious,ignition,59,0.155497419910441
p06_noise_static,anxious,ignition,60,0.247658390306531
p06_noise_static,anxious,ignition,61,0.305189101576846
p06_noise_static,anxious,ignition,62,0.215006112110186
p06_noise_static,anxious,ignition,63,0.330450442584646
p06_tone_control,anxious,ignition,0,0.160487893689621
p06_tone_control,anxious,ignition,1,0.163420836594883
p06_tone_control,anxious,ignition,2,0.168365357929658
p06_tone_control,anxious,ignition,3,0.165934640376385
p06_tone_control,anxious,ignition,4,0.157841708441505
p06_tone_control,anxious,ignition,5,0.163087265802663
p06_tone_control,anxious,ignition,6,0.168882696836554
p06_tone_control,anxious,ignition,7,0.166263039366708
p06_tone_control,anxious,ignition,8,0.164012239383785
p06_tone_control,anxious,ignition,9,0.166831823119384
p06_tone_control,anxious,ignition,10,0.169020349605208
p06_tone_control,anxious,ignition,11,0.170179498382401
p06_tone_control,anxious,ignition,12,0.149129536184670
p06_tone_control,anxious,ignition,13,0.160504885465250
p06_tone_control,anxious,ignition,14,0.166865876297494
p06_tone_control,anxious,ignition,15,0.159328500378465
p06_tone_control,anxious,ignition,16,0.141400772246428
p06_tone_control,anxious,ignition,17,0.159556295805675
p06_tone_control,anxious,ignition,18,0.161862693071558
p06_tone_control,anxious,ignition,19,0.151182865788886
p06_tone_control,anxious,ignition,20,0.165721465895408
p06_tone_control,anxious,ignition,21,0.165361816743617
p06_tone_control,anxious,ignition,22,0.147896639134621
p06_tone_control,anxious,ignition,23,0.159597300110593
p06_tone_control,anxious,ignition,24,0.174470252187761
p06_tone_control,anxious,ignition,25,0.167087021718771
p06_tone_control,anxious,ignition,26,0.165497081787573
p06_tone_control,anxious,ignition,27,0.161144454494954
p06_tone_control,anxious,ignition,28,0.164782767045419
p06_tone_control,anxious,ignition,29,0.170690076762421
p06_tone_control,anxious,ignition,30,0.143367292567510
p06_tone_control,anxious,ignition,31,0.164215112710524
p06_tone_control,anxious,ignition,32,0.158244219656154
p06_tone_control,anxious,ignition,33,0.168355086662517
p06_tone_control,anxious,ignition,34,0.160768887125424
p06_tone_control,anxious,ignition,35,0.160458148464133
p06_tone_control,anxious,ignition,36,0.167341602157359
p06_tone_control,anxious,ignition,37,0.166418818501119
p06_tone_control,anxious,ignition,38,0.153191740493624
p06_tone_control,anxious,ignition,39,0.171466363624098
p06_tone_control,anxious,ignition,40,0.161806166933441
p06_tone_control,anxious,ignition,41,0.157573181266966
p06_tone_control,anxious,ignition,42,0.166288629869041
p06_tone_control,anxious,ignition,43,0.168810098327677
p06_tone_control,anxious,ignition,44,0.168955073234717
p06_tone_control,anxious,ignition,45,0.154814346425475
p06_tone_control,anxious,ignition,46,0.170466371664093
p06_tone_control,anxious,ignition,47,0.164020280175959
p06_tone_control,anxious,ignition,48,0.158147491513743
p06_tone_control,anxious,ignition,49,0.168653204088153
p06_tone_control,anxious,ignition,50,0.167639549004252
p06_tone_control,anxious,ignition,51,0.153307508637432
p06_tone_control,anxious,ignition,52,0.168025101657337
p06_tone_control,anxious,ignition,53,0.166862137462798
p06_tone_control,anxious,ignition,54,0.157863075774865
p06_tone_control,anxious,ignition,55,0.166914061630519
p06_tone_control,anxious,ignition,56,0.166120155364408
p06_tone_control,anxious,ignition,57,0.163976591502722
p06_tone_control,anxious,ignition,58,0.163202574039474
p06_tone_control,anxious,ignition,59,0.169823041405523
p06_tone_control,anxious,ignition,60,0.159529097260914
p06_tone_control,anxious,ignition,61,0.165109344445418
p06_tone_control,anxious,ignition,62,0.167134523553124
p06_tone_control,anxious,ignition,63,0.164869803628018
p06_noise_random_pulse,anxious,isolation,0,0.587716231828668
p06_noise_random_pulse,anxious,isolation,1,0.723126322921552
p06_noise_random_pulse,anxious,isolation,2,0.702975377921848
p06_noise_random_pulse,anxious,isolation,3,0.660092397806783
p06_noise_random_pulse,anxious,isolation,4,0.657110587030738
p06_noise_random_pulse,anxious,isolation,5,0.678598312836310
p06_noise_random_pulse,anxious,isolation,6,0.595396863891468
p06_noise_random_pulse,anxious,isolation,7,0.667768198679412
p06_noise_random_pulse,anxious,isolation,8,0.604670541539518
p06_noise_random_pulse,anxious,isolation,9,0.639638972384347
p06_noise_random_pulse,anxious,isolation,10,0.632932266485923
p06_noise_random_pulse,anxious,isolation,11,0.615694045139070
p06_noise_random_pulse,anxious,isolation,12,0.667373842601443
p06_noise_random_pulse,anxious,isolation,13,0.697533608622474
p06_noise_random_pulse,anxious,isolation,14,0.616151565849235
p06_noise_random_pulse,anxious,isolation,15,0.669288385481637
p06_noise_random_pulse,anxious,isolation,16,0.637262988873470
p06_noise_random_pulse,anxious,isolation,17,0.654960078465219
p06_noise_random_pulse,anxious,isolation,18,0.650207862330913
p06_noise_random_pulse,anxious,isolation,19,0.666639595697976
p06_noise_random_pulse,anxious,isolation,20,0.660196758634127
p06_noise_random_pulse,anxious,isolation,21,0.660871622318285
p06_noise_random_pulse,anxious,isolation,22,0.631981218002201
p06_noise_random_pulse,anxious,isolation,23,0.673544455029401
p06_noise_random_pulse,anxious,isolation,24,0.594488261164645
p06_noise_random_pulse,anxious,isolation,25,0.660650622387147
p06_noise_random_pulse,anxious,isolation,26,0.609407326440506
p06_noise_random_pulse,anxious,isolation,27,0.596254903913228
p06_noise_random_pulse,anxious,isolation,28,0.580160080571562
p06_noise_random_pulse,anxious,isolation,29,0.640216967895487
p06_noise_random_pulse,anxious,isolation,30,0.622362847518614
p06_noise_random_pulse,anxious,isolation,31,0.637034423285847
p06_noise_random_pulse,anxious,isolation,32,0.607262097803582
p06_noise_random_pulse,anxious,isolation,33,0.704193416796187
p06_noise_random_pulse,anxious,isolation,34,0.636179825491867
p06_noise_random_pulse,anxious,isolation,35,0.649734685721218
p06_noise_random_pulse,anxious,isolation,36,0.605004855658877
p06_noise_random_pulse,anxious,isolation,37,0.593225204736618
p06_noise_random_pulse,anxious,isolation,38,0.624277496661226
p06_noise_random_pulse,anxious,isolation,39,0.616407449427064
p06_noise_random_pulse,anxious,isolation,40,0.740505030052105
p06_noise_random_pulse,anxious,isolation,41,0.700561582473128
p06_noise_random_pulse,anxious,isolation,42,0.698752374606410
p06_noise_random_pulse,anxious,isolation,43,0.670735282529819
p06_noise_random_pulse,anxious,isolation,44,0.692905786952487
p06_noise_random_pulse,anxious,isolation,45,0.582840462066038
p06_noise_random_pulse,anxious,isolation,46,0.635912919064911
p06_noise_random_pulse,anxious,isolation,47,0.643421497794780
p06_noise_random_pulse,anxious,isolation,48,0.658230675719931
p06_noise_random_pulse,anxious,isolation,49,0.685328749351282
p06_noise_random_pulse,anxious,isolation,50,0.696465275278465
p06_noise_random_pulse,anxious,isolation,51,0.733216455464581
p06_noise_random_pulse,anxious,isolation,52,0.710991174114501
p06_noise_random_pulse,anxious,isolation,53,0.623267488419890
p06_noise_random_pulse,anxious,isolation,54,0.729093078954591
p06_noise_random_pulse,anxious,isolation,55,0.643119987951049
p06_noise_random_pulse,anxious,isolation,56,0.631409374106236
p06_noise_random_pulse,anxious,isolation,57,0.643113338305881
p06_noise_random_pulse,anxious,isolation,58,0.646414407571056
p06_noise_random_pulse,anxious,isolation,59,0.620521106612515
p06_noise_random_pulse,anxious,isolation,60,0.744607630340353
p06_noise_random_pulse,anxious,isolation,61,0.662733002239152
p06_noise_random_pulse,anxious,isolation,62,0.718553718143928
p06_noise_random_pulse,anxious,isolation,63,0.623509815455695
p06_noise_random_walk,anxious,isolation,0,0.715682989063614
p06_noise_random_walk,anxious,isolation,1,0.642615504323115
p06_noise_random_walk,anxious,isolation,2,0.575790497388518
p06_noise_random_walk,anxious,isolation,3,0.615919537123537
p06_noise_random_walk,anxious,isolation,4,0.722699530942740
p06_noise_random_walk,anxious,isolation,5,0.673886121337797
p06_noise_random_walk,anxious,isolation,6,0.695235127048030
p06_noise_random_walk,anxious,isolation,7,0.755063732432689
p06_noise_random_walk,anxious,isolation,8,0.610235534031457
p06_noise_random_walk,anxious,isolation,9,0.621277039270041
p06_noise_random_walk,anxious,isolation,10,0.578871854609269
p06_noise_random_walk,anxious,isolation,11,0.679505604511342
p06_noise_random_walk,anxious,isolation,12,0.676759925443754
p06_noise_random_walk,anxious,isolation,13,0.660615044223221
p06_noise_random_walk,anxious,isolation,14,0.644647494381160
p06_noise_random_walk,anxious,isolation,15,0.629879473961028
p06_noise_random_walk,anxious,isolation,16,0.578917061298389
p06_noise_random_walk,anxious,isolation,17,0.781051076451507
p06_noise_random_walk,anxious,isolation,18,0.641406150475084
p06_noise_random_walk,anxious,isolation,19,0.650188517679514
p06_noise_random_walk,anxious,isolation,20,0.595158704675396
p06_noise_random_walk,anxious,isolation,21,0.655896805741384
p06_noise_random_walk,anxious,isolation,22,0.672761029439733
p06_noise_random_walk,anxious,isolation,23,0.619419103172448
p06_noise_random_walk,anxious,isolation,24,0.746045990353558
p06_noise_random_walk,anxious,isolation,25,0.737977719725304
p06_noise_random_walk,anxious,isolation,26,0.641465149445762
p06_noise_random_walk,anxious,isolation,27,0.728008255464216
p06_noise_random_walk,anxious,isolation,28,0.730819667012843
p06_noise_random_walk,anxious,isolation,29,0.567067556287935
p06_noise_random_walk,anxious,isolation,30,0.648174386113666
p06_noise_random_walk,anxious,isolation,31,0.732330110069762
p06_noise_random_walk,anxious,isolation,32,0.697329956348796
p06_noise_random_walk,anxious,isolation,33,0.647200533362261
p06_noise_random_walk,anxious,isolation,34,0.704884625591597
p06_noise_random_walk,anxious,isolation,35,0.722019380065627
p06_noise_random_walk,anxious,isolation,36,0.587047185639562
p06_noise_random_walk,anxious,isolation,37,0.717505169352375
p06_noise_random_walk,anxious,isolation,38,0.633612113148480
p06_noise_random_walk,anxious,isolation,39,0.649795812943360
p06_noise_random_walk,anxious,isolation,40,0.559944875177290
p06_noise_random_walk,anxious,isolation,41,0.596780867454358
p06_noise_random_walk,anxious,isolation,42,0.645237049347516
p06_noise_random_walk,anxious,isolation,43,0.684347176751650
p06_noise_random_walk,anxious,isolation,44,0.478791844980697
p06_noise_random_walk,anxious,isolation,45,0.716690207312986
p06_noise_random_walk,anxious,isolation,46,0.781166415720779
p06_noise_random_walk,anxious,isolation,47,0.676976056829558
p06_noise_random_walk,anxious,isolation,48,0.545248393753776
p06_noise_random_walk,anxious,isolation,49,0.683557828384901
p06_noise_random_walk,anxious,isolation,50,0.742041834036464
p06_noise_random_walk,anxious,isolation,51,0.559434428166018
p06_noise_random_walk,anxious,isolation,52,0.708437192992505
p06_noise_random_walk,anxious,isolation,53,0.718024837054563
p06_noise_random_walk,anxious,isolation,54,0.578622610758594
p06_noise_random_walk,anxious,isolation,55,0.741056098434292
p06_noise_random_walk,anxious,isolation,56,0.658369620582730
p06_noise_random_walk,anxious,isolation,57,0.562442408243030
p06_noise_random_walk,anxious,isolation,58,0.647524327044995
p06_noise_random_walk,anxious,isolation,59,0.636999767770502
p06_noise_random_walk,anxious,isolation,60,0.626785643735733
p06_noise_random_walk,anxious,isolation,61,0.525025345112594
p06_noise_random_walk,anxious,isolation,62,0.638483918369268
p06_noise_random_walk,anxious,isolation,63,0.569184718301325
p06_noise_room,anxious,isolation,0,0.560911402914435
p06_noise_room,anxious,isolation,1,0.616974142444938
p06_noise_room,anxious,isolation,2,0.619287546967900
p06_noise_room,anxious,isolation,3,0.567241030616642
p06_noise_room,anxious,isolation,4,0.685315947591925
p06_noise_room,anxious,isolation,5,0.593389983463112
p06_noise_room,anxious,isolation,6,0.523181143394989
p06_noise_room,anxious,isolation,7,0.609953072844467
p06_noise_room,anxious,isolation,8,0.635474228489246
p06_noise_room,anxious,isolation,9,0.556958414639023
p06_noise_room,anxious,isolation,10,0.568204887944714
p06_noise_room,anxious,isolation,11,0.591295260685333
p06_noise_room,anxious,isolation,12,0.588097077716834
p06_noise_room,anxious,isolation,13,0.560279777445160
p06_noise_room,anxious,isolation,14,0.681436910828260
p06_noise_room,anxious,isolation,15,0.704623295358334
p06_noise_room,anxious,isolation,16,0.646103806029722
p06_noise_room,anxious,isolation,17,0.608106566433603
p06_noise_room,anxious,isolation,18,0.676568251637621
p06_noise_room,anxious,isolation,19,0.630768848246709
p06_noise_room,anxious,isolation,20,0.582095329687432
p06_noise_room,anxious,isolation,21,0.563095329705370
p06_noise_room,anxious,isolation,22,0.676674998237717
p06_noise_room,anxious,isolation,23,0.562920606923884
p06_noise_room,anxious,isolation,24,0.600749336701214
p06_noise_room,anxious,isolation,25,0.703205085237016
p06_noise_room,anxious,isolation,26,0.649120659660412
p06_noise_room,anxious,isolation,27,0.608864398377490
p06_noise_room,anxious,isolation,28,0.585585182746015
p06_noise_room,anxious,isolation,29,0.584838909307713
p06_noise_room,anxious,isolation,30,0.620066655732878
p06_noise_room,anxious,isolation,31,0.565838719369096
p06_noise_room,anxious,isolation,32,0.582882134908067
p06_noise_room,anxious,isolation,33,0.628618120057781
p06_noise_room,anxious,isolation,34,0.617169361808923
p06_noise_room,anxious,isolation,35,0.576148505029325
p06_noise_room,anxious,isolation,36,0.627510325278703
p06_noise_room,anxious,isolation,37,0.658662365869889
p06_noise_room,anxious,isolation,38,0.612625550455457
p06_noise_room,anxious,isolation,39,0.631675635830059
p06_noise_room,anxious,isolation,40,0.664509855407166
p06_noise_room,anxious,isolation,41,0.600364072728465
p06_noise_room,anxious,isolation,42,0.711780739472121
p06_noise_room,anxious,isolation,43,0.537651793658328
p06_noise_room,anxious,isolation,44,0.635414170882287
p06_noise_room,anxious,isolation,45,0.654867056759126
p06_noise_room,anxious,isolation,46,0.593344477133159
p06_noise_room,anxious,isolation,47,0.606939975201147
p06_noise_room,anxious,isolation,48,0.556328652712617
p06_noise_room,anxious,isolation,49,0.609947517040349
p06_noise_room,anxious,isolation,50,0.642940894063733
p06_noise_room,anxious,isolation,51,0.610150722542240
p06_noise_room,anxious,isolation,52,0.657200612814845
p06_noise_room,anxious,isolation,53,0.585055251641734
p06_noise_room,anxious,isolation,54,0.568674116676493
p06_noise_room,anxious,isolation,55,0.564834632375299
p06_noise_room,anxious,isolation,56,0.576606294603085
p06_noise_room,anxious,isolation,57,0.575148492085028
p06_noise_room,anxious,isolation,58,0.597300807639000
p06_noise_room,anxious,isolation,59,0.665019009558651
p06_noise_room,anxious,isolation,60,0.567078821262580
p06_noise_room,anxious,isolation,61,0.621827229738061
p06_noise_room,anxious,isolation,62,0.555593309215579
p06_noise_room,anxious,isolation,63,0.696475992966929
p06_noise_static,anxious,isolation,0,0.699949531410060
p06_noise_static,anxious,isolation,1,0.612202060694634
p06_noise_static,anxious,isolation,2,0.692653147527273
p06_noise_static,anxious,isolation,3,0.608717880879169
p06_noise_static,anxious,isolation,4,0.727495497177321
p06_noise_static,anxious,isolation,5,0.658658063173875
p06_noise_static,anxious,isolation,6,0.542052851145589
p06_noise_static,anxious,isolation,7,0.618489268703898
p06_noise_static,anxious,isolation,8,0.627038081004038
p06_noise_static,anxious,isolation,9,0.624932405420617
p06_noise_static,anxious,isolation,10,0.640598688755701
p06_noise_static,anxious,isolation,11,0.683353969626208
p06_noise_static,anxious,isolation,12,0.718459474321884
p06_noise_static,anxious,isolation,13,0.604021443957584
p06_noise_static,anxious,isolation,14,0.586000237777464
p06_noise_static,anxious,isolation,15,0.691131986541038
p06_noise_static,anxious,isolation,16,0.642127003238696
p06_noise_static,anxious,isolation,17,0.679028518083422
p06_noise_static,anxious,isolation,18,0.557967168614097
p06_noise_static,anxious,isolation,19,0.730712457772903
p06_noise_static,anxious,isolation,20,0.633917982765287
p06_noise_static,anxious,isolation,21,0.522285953953478
p06_noise_static,anxious,isolation,22,0.726666976577306
p06_noise_static,anxious,isolation,23,0.636510068726337
p06_noise_static,anxious,isolation,24,0.714015583919843
p06_noise_static,anxious,isolation,25,0.698327034677090
p06_noise_static,anxious,isolation,26,0.554582002503935
p06_noise_static,anxious,isolation,27,0.568876929017512
p06_noise_static,anxious,isolation,28,0.616877287614082
p06_noise_static,anxious,isolation,29,0.627745451238814
p06_noise_static,anxious,isolation,30,0.628288016515782
p06_noise_static,anxious,isolation,31,0.637814317544290
p06_noise_static,anxious,isolation,32,0.629820784910093
p06_noise_static,anxious,isolation,33,0.709237118502212
p06_noise_static,anxious,isolation,34,0.688989004209461
p06_noise_static,anxious,isolation,35,0.575490727944835
p06_noise_static,anxious,isolation,36,0.534277112828895
p06_noise_static,anxious,isolation,37,0.732710479075234
p06_noise_static,anxious,isolation,38,0.706952138529278
p06_noise_static,anxious,isolation,39,0.614467339067661
p06_noise_static,anxious,isolation,40,0.636915601528082
p06_noise_static,anxious,isolation,41,0.681509346871005
p06_noise_static,anxious,isolation,42,0.590542588879371
p06_noise_static,anxious,isolation,43,0.550228873329257
p06_noise_static,anxious,isolation,44,0.649254328711262
p06_noise_static,anxious,isolation,45,0.694575514797660
p06_noise_static,anxious,isolation,46,0.670350461274887
p06_noise_static,anxious,isolation,47,0.634106235873824
p06_noise_static,anxious,isolation,48,0.724306170272353
p06_noise_static,anxious,isolation,49,0.667831527015542
p06_noise_static,anxious,isolation,50,0.585340047374317
p06_noise_static,anxious,isolation,51,0.704264296080143
p06_noise_static,anxious,isolation,52,0.577645609666519
p06_noise_static,anxious,isolation,53,0.698866047690023
p06_noise_static,anxious,isolation,54,0.598184431766789
p06_noise_static,anxious,isolation,55,0.690159052833121
p06_noise_static,anxious,isolation,56,0.494354984613151
p06_noise_static,anxious,isolation,57,0.564197437490435
p06_noise_static,anxious,isolation,58,0.694758980284652
p06_noise_static,anxious,isolation,59,0.539355865729457
p06_noise_static,anxious,isolation,60,0.700253500463441
p06_noise_static,anxious,isolation,61,0.706746328312188
p06_noise_static,anxious,isolation,62,0.682959086182268
p06_noise_static,anxious,isolation,63,0.690965363549298
p06_tone_control,anxious,isolation,0,0.469063653871225
p06_tone_control,anxious,isolation,1,0.468451573148418
p06_tone_control,anxious,isolation,2,0.471607284206969
p06_tone_control,anxious,isolation,3,0.463114255551230
p06_tone_control,anxious,isolation,4,0.473275896123718
p06_tone_control,anxious,isolation,5,0.473951431570845
p06_tone_control,anxious,isolation,6,0.463453650813492
p06_tone_control,anxious,isolation,7,0.462060655646406
p06_tone_control,anxious,isolation,8,0.467427707358522
p06_tone_control,anxious,isolation,9,0.462431711101954
p06_tone_control,anxious,isolation,10,0.466974549030967
p06_tone_control,anxious,isolation,11,0.461344687691106
p06_tone_control,anxious,isolation,12,0.479700300726199
p06_tone_control,anxious,isolation,13,0.471806871739474
p06_tone_control,anxious,isolation,14,0.465203187351927
p06_tone_control,anxious,isolation,15,0.469352211178462
p06_tone_control,anxious,isolation,16,0.478214102216896
p06_tone_control,anxious,isolation,17,0.467935268063746
p06_tone_control,anxious,isolation,18,0.469365651230561
p06_tone_control,anxious,isolation,19,0.471972875975678
p06_tone_control,anxious,isolation,20,0.468186584626282
p06_tone_control,anxious,isolation,21,0.470835450743170
p06_tone_control,anxious,isolation,22,0.473424904641969
p06_tone_control,anxious,isolation,23,0.468251976673042
p06_tone_control,anxious,isolation,24,0.465761462605939
p06_tone_control,anxious,isolation,25,0.467418659705154
p06_tone_control,anxious,isolation,26,0.465544279798444
p06_tone_control,anxious,isolation,27,0.465877910876197
p06_tone_control,anxious,isolation,28,0.468795504115592
p06_tone_control,anxious,isolation,29,0.470918047320199
p06_tone_control,anxious,isolation,30,0.472567643166529
p06_tone_control,anxious,isolation,31,0.469400570133933
p06_tone_control,anxious,isolation,32,0.474035704023925
p06_tone_control,anxious,isolation,33,0.462097570712658
p06_tone_control,anxious,isolation,34,0.473973509092635
p06_tone_control,anxious,isolation,35,0.469018359491545
p06_tone_control,anxious,isolation,36,0.464239579370444
p06_tone_control,anxious,isolation,37,0.464370256960826
p06_tone_control,anxious,isolation,38,0.471271210993005
p06_tone_control,anxious,isolation,39,0.465608346825296
p06_tone_control,anxious,isolation,40,0.468114225999466
p06_tone_control,anxious,isolation,41,0.467805393384182
p06_tone_control,anxious,isolation,42,0.470595540339991
p06_tone_control,anxious,isolation,43,0.468090421068461
p06_tone_control,anxious,isolation,44,0.469177217197321
p06_tone_control,anxious,isolation,45,0.469753030906365
p06_tone_control,anxious,isolation,46,0.468103187166496
p06_tone_control,anxious,isolation,47,0.472058957013103
p06_tone_control,anxious,isolation,48,0.474550912444036
p06_tone_control,anxious,isolation,49,0.466004342680912
p06_tone_control,anxious,isolation,50,0.461950794701083
p06_tone_control,anxious,isolation,51,0.474625779966513
p06_tone_control,anxious,isolation,52,0.466046569742786
p06_tone_control,anxious,isolation,53,0.466566051854526
p06_tone_control,anxious,isolation,54,0.472464234809958
p06_tone_control,anxious,isolation,55,0.467135776581778
p06_tone_control,anxious,isolation,56,0.463763204963484
p06_tone_control,anxious,isolation,57,0.473372653331191
p06_tone_control,anxious,isolation,58,0.471178758665426
p06_tone_control,anxious,isolation,59,0.465950988272553
p06_tone_control,anxious,isolation,60,0.470366986632248
p06_tone_control,anxious,isolation,61,0.469987010524036
p06_tone_control,anxious,isolation,62,0.466555605350163
p06_tone_control,anxious,isolation,63,0.467758773095327
p06_noise_random_pulse,anxious,meditation,0,0.570068450897554
p06_noise_random_pulse,anxious,meditation,1,0.483528090946973
p06_noise_random_pulse,anxious,meditation,2,0.501364621781393
p06_noise_random_pulse,anxious,meditation,3,0.597743356267736
p06_noise_random_pulse,anxious,meditation,4,0.460166417328071
p06_noise_random_pulse,anxious,meditation,5,0.570467520139002
p06_noise_random_pulse,anxious,meditation,6,0.493777735342637
p06_noise_random_pulse,anxious,meditation,7,0.578432313322622
p06_noise_random_pulse,anxious,meditation,8,0.524961281072968
p06_noise_random_pulse,anxious,meditation,9,0.448915973675631
p06_noise_random_pulse,anxious,meditation,10,0.442541345233293
p06_noise_random_pulse,anxious,meditation,11,0.642094301774162
p06_noise_random_pulse,anxious,meditation,12,0.618168626261093
p06_noise_random_pulse,anxious,meditation,13,0.458967240913535
p06_noise_random_pulse,anxious,meditation,14,0.483765911117578
p06_noise_random_pulse,anxious,meditation,15,0.615095303204073
p06_noise_random_pulse,anxious,meditation,16,0.538658809134370
p06_noise_random_pulse,anxious,meditation,17,0.550442734039367
p06_noise_random_pulse,anxious,meditation,18,0.563068693427485
p06_noise_random_pulse,anxious,meditation,19,0.478969876289234
p06_noise_random_pulse,anxious,meditation,20,0.482807556529893
p06_noise_random_pulse,anxious,meditation,21,0.473328019937340
p06_noise_random_pulse,anxious,meditation,22,0.498589491000097
p06_noise_random_pulse,anxious,meditation,23,0.495558174210933
p06_noise_random_pulse,anxious,meditation,24,0.475304001385302
p06_noise_random_pulse,anxious,meditation,25,0.413970604451765
p06_noise_random_pulse,anxious,meditation,26,0.499381131679833
p06_noise_random_pulse,anxious,meditation,27,0.466278641942625
p06_noise_random_pulse,anxious,meditation,28,0.546244082372180
p06_noise_random_pulse,anxious,meditation,29,0.534142278405721
p06_noise_random_pulse,anxious,meditation,30,0.444630021875714
p06_noise_random_pulse,anxious,meditation,31,0.647213933362968
p06_noise_random_pulse,anxious,meditation,32,0.569284690649748
p06_noise_random_pulse,anxious,meditation,33,0.523050468229669
p06_noise_random_pulse,anxious,meditation,34,0.485323352203880
p06_noise_random_pulse,anxious,meditation,35,0.531754122615842
p06_noise_random_pulse,anxious,meditation,36,0.579964165504577
p06_noise_random_pulse,anxious,meditation,37,0.539976051614453
p06_noise_random_pulse,anxious,meditation,38,0.548761428864952
p06_noise_random_pulse,anxious,meditation,39,0.518463085226113
p06_noise_random_pulse,anxious,meditation,40,0.466067254532051
p06_noise_random_pulse,anxious,meditation,41,0.548395117036892
p06_noise_random_pulse,anxious,meditation,42,0.481432474781272
p06_noise_random_pulse,anxious,meditation,43,0.417278518664623
p06_noise_random_pulse,anxious,meditation,44,0.432822782172008
p06_noise_random_pulse,anxious,meditation,45,0.425071831869945
p06_noise_random_pulse,anxious,meditation,46,0.419950340591677
p06_noise_random_pulse,anxious,meditation,47,0.653033997158653
p06_noise_random_pulse,anxious,meditation,48,0.510244574407253
p06_noise_random_pulse,anxious,meditation,49,0.631392199658147
p06_noise_random_pulse,anxious,meditation,50,0.406649078177657
p06_noise_random_pulse,anxious,meditation,51,0.609374028377974
p06_noise_random_pulse,anxious,meditation,52,0.551165017663327
p06_noise_random_pulse,anxious,meditation,53,0.647521591708648
p06_noise_random_pulse,anxious,meditation,54,0.624268937242786
p06_noise_random_pulse,anxious,meditation,55,0.418879205789756
p06_noise_random_pulse,anxious,meditation,56,0.461171200330473
p06_noise_random_pulse,anxious,meditation,57,0.644665347985398
p06_noise_random_pulse,anxious,meditation,58,0.428980650673133
p06_noise_random_pulse,anxious,meditation,59,0.409489426870673
p06_noise_random_pulse,anxious,meditation,60,0.433679265656049
p06_noise_random_pulse,anxious,meditation,61,0.592037373076534
p06_noise_random_pulse,anxious,meditation,62,0.570554412990293
p06_noise_random_pulse,anxious,meditation,63,0.652634904182994
p06_noise_random_walk,anxious,meditation,0,0.581972182325737
p06_noise_random_walk,anxious,meditation,1,0.662746780230034
p06_noise_random_walk,anxious,meditation,2,0.552406529105994
p06_noise_random_walk,anxious,meditation,3,0.453453856060155
p06_noise_random_walk,anxious,meditation,4,0.652819098297159
p06_noise_random_walk,anxious,meditation,5,0.497351378727017
p06_noise_random_walk,anxious,meditation,6,0.558258744180370
p06_noise_random_walk,anxious,meditation,7,0.573300741164724
p06_noise_random_walk,anxious,meditation,8,0.469921719897197
p06_noise_random_walk,anxious,meditation,9,0.615109246547574
p06_noise_random_walk,anxious,meditation,10,0.463242394499980
p06_noise_random_walk,anxious,meditation,11,0.552560496350608
p06_noise_random_walk,anxious,meditation,12,0.376638166736448
p06_noise_random_walk,anxious,meditation,13,0.535615814086425
p06_noise_random_walk,anxious,meditation,14,0.454135364075373
p06_noise_random_walk,anxious,meditation,15,0.703547499507163
p06_noise_random_walk,anxious,meditation,16,0.523471904998135
p06_noise_random_walk,anxious,meditation,17,0.508403500444650
p06_noise_random_walk,anxious,meditation,18,0.365978191071857
p06_noise_random_walk,anxious,meditation,19,0.550915942403610
p06_noise_random_walk,anxious,meditation,20,0.559415031919930
p06_noise_random_walk,anxious,meditation,21,0.456066341405465
p06_noise_random_walk,anxious,meditation,22,0.458454761328795
p06_noise_random_walk,anxious,meditation,23,0.551702883129154
p06_noise_random_walk,anxious,meditation,24,0.640751973474310
p06_noise_random_walk,anxious,meditation,25,0.618525858566246
p06_noise_random_walk,anxious,meditation,26,0.664241522486816
p06_noise_random_walk,anxious,meditation,27,0.622854554870986
p06_noise_random_walk,anxious,meditation,28,0.614919905788720
p06_noise_random_walk,anxious,meditation,29,0.612335698539655
p06_noise_random_walk,anxious,meditation,30,0.487437621653766
p06_noise_random_walk,anxious,meditation,31,0.749727820670957
p06_noise_random_walk,anxious,meditation,32,0.576451283456443
p06_noise_random_walk,anxious,meditation,33,0.415713234314433
p06_noise_random_walk,anxious,meditation,34,0.557119457234229
p06_noise_random_walk,anxious,meditation,35,0.755822880742688
p06_noise_random_walk,anxious,meditation,36,0.498046426324213
p06_noise_random_walk,anxious,meditation,37,0.585700478916081
p06_noise_random_walk,anxious,meditation,38,0.546936347474053
p06_noise_random_walk,anxious,meditation,39,0.565694890710783
p06_noise_random_walk,anxious,meditation,40,0.587721056080629
p06_noise_random_walk,anxious,meditation,41,0.653797824066435
p06_noise_random_walk,anxious,meditation,42,0.612638210560664
p06_noise_random_walk,anxious,meditation,43,0.545185380751466
p06_noise_random_walk,anxious,meditation,44,0.505077788560674
p06_noise_random_walk,anxious,meditation,45,0.690823483208842
p06_noise_random_walk,anxious,meditation,46,0.486940499156519
p06_noise_random_walk,anxious,meditation,47,0.427904673009606
p06_noise_random_walk,anxious,meditation,48,0.571732525892550
p06_noise_random_walk,anxious,meditation,49,0.517799121500676
p06_noise_random_walk,anxious,meditation,50,0.570534898913999
p06_noise_random_walk,anxious,meditation,51,0.654603605620396
p06_noise_random_walk,anxious,meditation,52,0.661623951176644
p06_noise_random_walk,anxious,meditation,53,0.484203839943028
p06_noise_random_walk,anxious,meditation,54,0.553550414094516
p06_noise_random_walk,anxious,meditation,55,0.402023350020371
p06_noise_random_walk,anxious,meditation,56,0.565416436493613
p06_noise_random_walk,anxious,meditation,57,0.615009148574810
p06_noise_random_walk,anxious,meditation,58,0.425861926612898
p06_noise_random_walk,anxious,meditation,59,0.494436697925075
p06_noise_random_walk,anxious,meditation,60,0.537341958581288
p06_noise_random_walk,anxious,meditation,61,0.456576299263360
p06_noise_random_walk,anxious,meditation,62,0.494558584950521
p06_noise_random_walk,anxious,meditation,63,0.539251594984150
p06_noise_room,anxious,meditation,0,0.371322993152923
p06_noise_room,anxious,meditation,1,0.428311649292102
p06_noise_room,anxious,meditation,2,0.441273869021370
p06_noise_room,anxious,meditation,3,0.415895209671205
p06_noise_room,anxious,meditation,4,0.439802078911309
p06_noise_room,anxious,meditation,5,0.435872068672482
p06_noise_room,anxious,meditation,6,0.478450805439313
p06_noise_room,anxious,meditation,7,0.510549735521404
p06_noise_room,anxious,meditation,8,0.484385739896780
p06_noise_room,anxious,meditation,9,0.440646033897309
p06_noise_room,anxious,meditation,10,0.422012888430610
p06_noise_room,anxious,meditation,11,0.558806141962869
p06_noise_room,anxious,meditation,12,0.454350913150810
p06_noise_room,anxious,meditation,13,0.465816224152031
p06_noise_room,anxious,meditation,14,0.499095731987975
p06_noise_room,anxious,meditation,15,0.545060027777711
p06_noise_room,anxious,meditation,16,0.429713736216557
p06_noise_room,anxious,meditation,17,0.581553696592932
p06_noise_room,anxious,meditation,18,0.502576585608646
p06_noise_room,anxious,meditation,19,0.479134177470768
p06_noise_room,anxious,meditation,20,0.418382126724818
p06_noise_room,anxious,meditation,21,0.435697241645962
p06_noise_room,anxious,meditation,22,0.583549440778491
p06_noise_room,anxious,meditation,23,0.441864576160289
p06_noise_room,anxious,meditation,24,0.585362150391880
p06_noise_room,anxious,meditation,25,0.599744036162848
p06_noise_room,anxious,meditation,26,0.436584835850539
p06_noise_room,anxious,meditation,27,0.509317115424684
p06_noise_room,anxious,meditation,28,0.503018198817772
p06_noise_room,anxious,meditation,29,0.450788874475562
p06_noise_room,anxious,meditation,30,0.510985796743726
p06_noise_room,anxious,meditation,31,0.394762519010106
p06_noise_room,anxious,meditation,32,0.494854222637716
p06_noise_room,anxious,meditation,33,0.410366838455437
p06_noise_room,anxious,meditation,34,0.474216473652882
p06_noise_room,anxious,meditation,35,0.543967631887333
p06_noise_room,anxious,meditation,36,0.594640719310801
p06_noise_room,anxious,meditation,37,0.563276504467684
p06_noise_room,anxious,meditation,38,0.486013019153260
p06_noise_room,anxious,meditation,39,0.501983926001138
p06_noise_room,anxious,meditation,40,0.460036841147606
p06_noise_room,anxious,meditation,41,0.450568643610150
p06_noise_room,anxious,meditation,42,0.686360023483773
p06_noise_room,anxious,meditation,43,0.477431051160480
p06_noise_room,anxious,meditation,44,0.437669075907724
p06_noise_room,anxious,meditation,45,0.400905352703048
p06_noise_room,anxious,meditation,46,0.418384785661748
p06_noise_room,anxious,meditation,47,0.496459946060090
p06_noise_room,anxious,meditation,48,0.414352104943602
p06_noise_room,anxious,meditation,49,0.528594200932318
p06_noise_room,anxious,meditation,50,0.557380287171074
p06_noise_room,anxious,meditation,51,0.442828730979427
p06_noise_room,anxious,meditation,52,0.448185803554428
p06_noise_room,anxious,meditation,53,0.547903028844749
p06_noise_room,anxious,meditation,54,0.500747446598327
p06_noise_room,anxious,meditation,55,0.401140347567721
p06_noise_room,anxious,meditation,56,0.504916658537618
p06_noise_room,anxious,meditation,57,0.437160947259720
p06_noise_room,anxious,meditation,58,0.481186145951612
p06_noise_room,anxious,meditation,59,0.435274855586208
p06_noise_room,anxious,meditation,60,0.410428382902131
p06_noise_room,anxious,meditation,61,0.501796116618729
p06_noise_room,anxious,meditation,62,0.449582289496391
p06_noise_room,anxious,meditation,63,0.488593867271248
p06_noise_static,anxious,meditation,0,0.466458452023352
p06_noise_static,anxious,meditation,1,0.543913170391891
p06_noise_static,anxious,meditation,2,0.518649967558533
p06_noise_static,anxious,meditation,3,0.547179957225760
p06_noise_static,anxious,meditation,4,0.589749287346427
p06_noise_static,anxious,meditation,5,0.523910408572852
p06_noise_static,anxious,meditation,6,0.581117942138860
p06_noise_static,anxious,meditation,7,0.557826632710101
p06_noise_static,anxious,meditation,8,0.524178727039756
p06_noise_static,anxious,meditation,9,0.482336324893795
p06_noise_static,anxious,meditation,10,0.559560409256718
p06_noise_static,anxious,meditation,11,0.424100451248685
p06_noise_static,anxious,meditation,12,0.611770904934473
p06_noise_static,anxious,meditation,13,0.409755489738194
p06_noise_static,anxious,meditation,14,0.387435861337439
p06_noise_static,anxious,meditation,15,0.475315096303920
p06_noise_static,anxious,meditation,16,0.381411949021716
p06_noise_static,anxious,meditation,17,0.507229206749381
p06_noise_static,anxious,meditation,18,0.569459142691374
p06_noise_static,anxious,meditation,19,0.324120341195162
p06_noise_static,anxious,meditation,20,0.419266936118099
p06_noise_static,anxious,meditation,21,0.471355015275760
p06_noise_static,anxious,meditation,22,0.669994762857124
p06_noise_static,anxious,meditation,23,0.486184475049767
p06_noise_static,anxious,meditation,24,0.519275662535690
p06_noise_static,anxious,meditation,25,0.396542880420486
p06_noise_static,anxious,meditation,26,0.470798652552397
p06_noise_static,anxious,meditation,27,0.684457850362578
p06_noise_static,anxious,meditation,28,0.465479927926162
p06_noise_static,anxious,meditation,29,0.401433625322218
p06_noise_static,anxious,meditation,30,0.718730420590970
p06_noise_static,anxious,meditation,31,0.556505960433221
p06_noise_static,anxious,meditation,32,0.368933460920444
p06_noise_static,anxious,meditation,33,0.681326888673992
p06_noise_static,anxious,meditation,34,0.468200805867570
p06_noise_static,anxious,meditation,35,0.580991851978225
p06_noise_static,anxious,meditation,36,0.514233365507780
p06_noise_static,anxious,meditation,37,0.606001516699537
p06_noise_static,anxious,meditation,38,0.386407602588181
p06_noise_static,anxious,meditation,39,0.441084208540000
p06_noise_static,anxious,meditation,40,0.465801107617260
p06_noise_static,anxious,meditation,41,0.543506060608327
p06_noise_static,anxious,meditation,42,0.481321272993130
p06_noise_static,anxious,meditation,43,0.461652358223864
p06_noise_static,anxious,meditation,44,0.708451502956067
p06_noise_static,anxious,meditation,45,0.490982884375184
p06_noise_static,anxious,meditation,46,0.565201105939930
p06_noise_static,anxious,meditation,47,0.410964704635462
p06_noise_static,anxious,meditation,48,0.546153485267180
p06_noise_static,anxious,meditation,49,0.466661487641163
p06_noise_static,anxious,meditation,50,0.532114177100678
p06_noise_static,anxious,meditation,51,0.454600834352448
p06_noise_static,anxious,meditation,52,0.462736925059778
p06_noise_static,anxious,meditation,53,0.459247949713577
p06_noise_static,anxious,meditation,54,0.511757033535050
p06_noise_static,anxious,meditation,55,0.453352277818833
p06_noise_static,anxious,meditation,56,0.508241350606790
p06_noise_static,anxious,meditation,57,0.617083486963139
p06_noise_static,anxious,meditation,58,0.465397190782528
p06_noise_static,anxious,meditation,59,0.529029886320875
p06_noise_static,anxious,meditation,60,0.357970397839085
p06_noise_static,anxious,meditation,61,0.530547252670586
p06_noise_static,anxious,meditation,62,0.391364173407210
p06_noise_static,anxious,meditation,63,0.382762531486980
p06_tone_control,anxious,meditation,0,0.304124592929618
p06_tone_control,anxious,meditation,1,0.308388945683065
p06_tone_control,anxious,meditation,2,0.310886160439095
p06_tone_control,anxious,meditation,3,0.307140064687265
p06_tone_control,anxious,meditation,4,0.308856226185572
p06_tone_control,anxious,meditation,5,0.316548844322471
p06_tone_control,anxious,meditation,6,0.307255088340224
p06_tone_control,anxious,meditation,7,0.305693186512590
p06_tone_control,anxious,meditation,8,0.305351061059442
p06_tone_control,anxious,meditation,9,0.303245003277383
p06_tone_control,anxious,meditation,10,0.304066304811427
p06_tone_control,anxious,meditation,11,0.305307160882307
p06_tone_control,anxious,meditation,12,0.305525978024766
p06_tone_control,anxious,meditation,13,0.307567764781938
p06_tone_control,anxious,meditation,14,0.307203603702595
p06_tone_control,anxious,meditation,15,0.306819594603499
p06_tone_control,anxious,meditation,16,0.304380851954729
p06_tone_control,anxious,meditation,17,0.307482679798052
p06_tone_control,anxious,meditation,18,0.305407985381859
p06_tone_control,anxious,meditation,19,0.304716790228952
p06_tone_control,anxious,meditation,20,0.306315213151425
p06_tone_control,anxious,meditation,21,0.305869669058479
p06_tone_control,anxious,meditation,22,0.303968290934507
p06_tone_control,anxious,meditation,23,0.304999080529808
p06_tone_control,anxious,meditation,24,0.307388400288261
p06_tone_control,anxious,meditation,25,0.305123622701665
p06_tone_control,anxious,meditation,26,0.307256728663638
p06_tone_control,anxious,meditation,27,0.306350354915125
p06_tone_control,anxious,meditation,28,0.303085226881899
p06_tone_control,anxious,meditation,29,0.308537239035167
p06_tone_control,anxious,meditation,30,0.306135732519508
p06_tone_control,anxious,meditation,31,0.307214666877787
p06_tone_control,anxious,meditation,32,0.302619990350458
p06_tone_control,anxious,meditation,33,0.308020090883126
p06_tone_control,anxious,meditation,34,0.309009005847623
p06_tone_control,anxious,meditation,35,0.308599643124915
p06_tone_control,anxious,meditation,36,0.305729959927500
p06_tone_control,anxious,meditation,37,0.304321542714934
p06_tone_control,anxious,meditation,38,0.305898287135607
p06_tone_control,anxious,meditation,39,0.306542608626890
p06_tone_control,anxious,meditation,40,0.303280373288186
p06_tone_control,anxious,meditation,41,0.306441092579694
p06_tone_control,anxious,meditation,42,0.310416835071647
p06_tone_control,anxious,meditation,43,0.308419759499779
p06_tone_control,anxious,meditation,44,0.310953518289558
p06_tone_control,anxious,meditation,45,0.305256765777113
p06_tone_control,anxious,meditation,46,0.308174313382102
p06_tone_control,anxious,meditation,47,0.307055824163941
p06_tone_control,anxious,meditation,48,0.309396766379693
p06_tone_control,anxious,meditation,49,0.308555128371531
p06_tone_control,anxious,meditation,50,0.307849285642094
p06_tone_control,anxious,meditation,51,0.308049240328128
p06_tone_control,anxious,meditation,52,0.305720683123944
p06_tone_control,anxious,meditation,53,0.308396786435164
p06_tone_control,anxious,meditation,54,0.306643173538230
p06_tone_control,anxious,meditation,55,0.307185454246149
p06_tone_control,anxious,meditation,56,0.303806558158566
p06_tone_control,anxious,meditation,57,0.306607943827184
p06_tone_control,anxious,meditation,58,0.309397271552727
p06_tone_control,anxious,meditation,59,0.309027461339345
p06_tone_control,anxious,meditation,60,0.302047361130447
p06_tone_control,anxious,meditation,61,0.305787028377458
p06_tone_control,anxious,meditation,62,0.306673739829345
p06_tone_control,anxious,meditation,63,0.305328092898990
p06_noise_random_pulse,anxious,shield,0,0.175461131074004
p06_noise_random_pulse,anxious,shield,1,0.307906639982002
p06_noise_random_pulse,anxious,shield,2,0.321808156785846
p06_noise_random_pulse,anxious,shield,3,0.319527745028928
p06_noise_random_pulse,anxious,shield,4,0.326123598463316
p06_noise_random_pulse,anxious,shield,5,0.305566255621615
p06_noise_random_pulse,anxious,shield,6,0.305636833498754
p06_noise_random_pulse,anxious,shield,7,0.214479476546355
p06_noise_random_pulse,anxious,shield,8,0.222158894789943
p06_noise_random_pulse,anxious,shield,9,0.157982241922594
p06_noise_random_pulse,anxious,shield,10,0.237993916474523
p06_noise_random_pulse,anxious,shield,11,0.305130110105064
p06_noise_random_pulse,anxious,shield,12,0.321929710665393
p06_noise_random_pulse,anxious,shield,13,0.229573230422771
p06_noise_random_pulse,anxious,shield,14,0.250302281230915
p06_noise_random_pulse,anxious,shield,15,0.181744051992984
p06_noise_random_pulse,anxious,shield,16,0.230916743706624
p06_noise_random_pulse,anxious,shield,17,0.320464214303500
p06_noise_random_pulse,anxious,shield,18,0.327855929321071
p06_noise_random_pulse,anxious,shield,19,0.219168654349633
p06_noise_random_pulse,anxious,shield,20,0.230410201909959
p06_noise_random_pulse,anxious,shield,21,0.279706188441589
p06_noise_random_pulse,anxious,shield,22,0.225936575601513
p06_noise_random_pulse,anxious,shield,23,0.297120666227741
p06_noise_random_pulse,anxious,shield,24,0.299788207560950
p06_noise_random_pulse,anxious,shield,25,0.100901615352788
p06_noise_random_pulse,anxious,shield,26,0.306920222417172
p06_noise_random_pulse,anxious,shield,27,0.195770262839940
p06_noise_random_pulse,anxious,shield,28,0.287711816102053
p06_noise_random_pulse,anxious,shield,29,0.338958673886549
p06_noise_random_pulse,anxious,shield,30,0.286123518298492
p06_noise_random_pulse,anxious,shield,31,0.220308951918119
p06_noise_random_pulse,anxious,shield,32,0.259437014601525
p06_noise_random_pulse,anxious,shield,33,0.264670597288365
p06_noise_random_pulse,anxious,shield,34,0.297366744062898
p06_noise_random_pulse,anxious,shield,35,0.270603179698470
p06_noise_random_pulse,anxious,shield,36,0.201122820449123
p06_noise_random_pulse,anxious,shield,37,0.196958942854667
p06_noise_random_pulse,anxious,shield,38,0.293239704131083
p06_noise_random_pulse,anxious,shield,39,0.239928942225654
p06_noise_random_pulse,anxious,shield,40,0.200330970391048
p06_noise_random_pulse,anxious,shield,41,0.288887268621778
p06_noise_random_pulse,anxious,shield,42,0.294483973923159
p06_noise_random_pulse,anxious,shield,43,0.166735221550053
p06_noise_random_pulse,anxious,shield,44,0.297175114620005
p06_noise_random_pulse,anxious,shield,45,0.310138823371814
p06_noise_random_pulse,anxious,shield,46,0.234509587335800
p06_noise_random_pulse,anxious,shield,47,0.294994253170315
p06_noise_random_pulse,anxious,shield,48,0.227310983507937
p06_noise_random_pulse,anxious,shield,49,0.282190475568524
p06_noise_random_pulse,anxious,shield,50,0.204083164012462
p06_noise_random_pulse,anxious,shield,51,0.207701068056373
p06_noise_random_pulse,anxious,shield,52,0.223949827878423
p06_noise_random_pulse,anxious,shield,53,0.341170147210783
p06_noise_random_pulse,anxious,shield,54,0.260528397029799
p06_noise_random_pulse,anxious,shield,55,0.249162709845425
p06_noise_random_pulse,anxious,shield,56,0.295539542715138
p06_noise_random_pulse,anxious,shield,57,0.271346064284325
p06_noise_random_pulse,anxious,shield,58,0.221142102193952
p06_noise_random_pulse,anxious,shield,59,0.241654538692860
p06_noise_random_pulse,anxious,shield,60,0.234515568091002
p06_noise_random_pulse,anxious,shield,61,0.229666854309657
p06_noise_random_pulse,anxious,shield,62,0.296705420925740
p06_noise_random_pulse,anxious,shield,63,0.240178105397725
p06_noise_random_walk,anxious,shield,0,0.243227858856052
p06_noise_random_walk,anxious,shield,1,0.316778996056338
p06_noise_random_walk,anxious,shield,2,0.258884995623658
p06_noise_random_walk,anxious,shield,3,0.301684361930682
p06_noise_random_walk,anxious,shield,4,0.319483023343546
p06_noise_random_walk,anxious,shield,5,0.320203913828426
p06_noise_random_walk,anxious,shield,6,0.184665461503228
p06_noise_random_walk,anxious,shield,7,0.267688607465096
p06_noise_random_walk,anxious,shield,8,0.250631148888539
p06_noise_random_walk,anxious,shield,9,0.336055821982760
p06_noise_random_walk,anxious,shield,10,0.309078740798712
p06_noise_random_walk,anxious,shield,11,0.273208554931159
p06_noise_random_walk,anxious,shield,12,0.334890077750391
p06_noise_random_walk,anxious,shield,13,0.289066818593439
p06_noise_random_walk,anxious,shield,14,0.318189073610259
p06_noise_random_walk,anxious,shield,15,0.308611356590905
p06_noise_random_walk,anxious,shield,16,0.342633664992758
p06_noise_random_walk,anxious,shield,17,0.267408600491697
p06_noise_random_walk,anxious,shield,18,0.293787994809368
p06_noise_random_walk,anxious,shield,19,0.282680175920706
p06_noise_random_walk,anxious,shield,20,0.294624147723677
p06_noise_random_walk,anxious,shield,21,0.349328601690996
p06_noise_random_walk,anxious,shield,22,0.360105857805717
p06_noise_random_walk,anxious,shield,23,0.286258654751080
p06_noise_random_walk,anxious,shield,24,0.288357181159541
p06_noise_random_walk,anxious,shield,25,0.303637110265978
p06_noise_random_walk,anxious,shield,26,0.272081983441248
p06_noise_random_walk,anxious,shield,27,0.234652772470199
p06_noise_random_walk,anxious,shield,28,0.323683808424331
p06_noise_random_walk,anxious,shield,29,0.327250027237237
p06_noise_random_walk,anxious,shield,30,0.261061562003226
p06_noise_random_walk,anxious,shield,31,0.309853037814488
p06_noise_random_walk,anxious,shield,32,0.286746893399532
p06_noise_random_walk,anxious,shield,33,0.229185180281715
p06_noise_random_walk,anxious,shield,34,0.310422062862984
p06_noise_random_walk,anxious,shield,35,0.296352016938002
p06_noise_random_walk,anxious,shield,36,0.337328616601669
p06_noise_random_walk,anxious,shield,37,0.305805596749555
p06_noise_random_walk,anxious,shield,38,0.266626818983417
p06_noise_random_walk,anxious,shield,39,0.291953640123336
p06_noise_random_walk,anxious,shield,40,0.320305677245108
p06_noise_random_walk,anxious,shield,41,0.291784005969874
p06_noise_random_walk,anxious,shield,42,0.305909287321778
p06_noise_random_walk,anxious,shield,43,0.265657657563017
p06_noise_random_walk,anxious,shield,44,0.355411820050190
p06_noise_random_walk,anxious,shield,45,0.284200225896726
p06_noise_random_walk,anxious,shield,46,0.172204763864705
p06_noise_random_walk,anxious,shield,47,0.333705740437783
p06_noise_random_walk,anxious,shield,48,0.349130165077019
p06_noise_random_walk,anxious,shield,49,0.293920829483235
p06_noise_random_walk,anxious,shield,50,0.289261751065996
p06_noise_random_walk,anxious,shield,51,0.257376720636924
p06_noise_random_walk,anxious,shield,52,0.291337035631949
p06_noise_random_walk,anxious,shield,53,0.191378820602106
p06_noise_random_walk,anxious,shield,54,0.239004659080117
p06_noise_random_walk,anxious,shield,55,0.239111400742750
p06_noise_random_walk,anxious,shield,56,0.295968895358593
p06_noise_random_walk,anxious,shield,57,0.257574665940685
p06_noise_random_walk,anxious,shield,58,0.307624846892795
p06_noise_random_walk,anxious,shield,59,0.295388180075233
p06_noise_random_walk,anxious,shield,60,0.284261351991472
p06_noise_random_walk,anxious,shield,61,0.319505467479579
p06_noise_random_walk,anxious,shield,62,0.323637057395584
p06_noise_random_walk,anxious,shield,63,0.261277645724130
p06_noise_room,anxious,shield,0,0.215397703995322
p06_noise_room,anxious,shield,1,0.143926061465034
p06_noise_room,anxious,shield,2,0.293097223240712
p06_noise_room,anxious,shield,3,0.216068933678702
p06_noise_room,anxious,shield,4,0.235897143302175
p06_noise_room,anxious,shield,5,0.224444161656243
p06_noise_room,anxious,shield,6,0.221289629756807
p06_noise_room,anxious,shield,7,0.207436938987522
p06_noise_room,anxious,shield,8,0.328747447589099
p06_noise_room,anxious,shield,9,0.297842215847421
p06_noise_room,anxious,shield,10,0.194173120390203
p06_noise_room,anxious,shield,11,0.323932031107779
p06_noise_room,anxious,shield,12,0.304616808946248
p06_noise_room,anxious,shield,13,0.277708302967432
p06_noise_room,anxious,shield,14,0.243074157560389
p06_noise_room,anxious,shield,15,0.216037900573962
p06_noise_room,anxious,shield,16,0.295478135223665
p06_noise_room,anxious,shield,17,0.234483454529418
p06_noise_room,anxious,shield,18,0.281283322605355
p06_noise_room,anxious,shield,19,0.224426205978773
p06_noise_room,anxious,shield,20,0.301409281647599
p06_noise_room,anxious,shield,21,0.303049109997643
p06_noise_room,anxious,shield,22,0.198800375123722
p06_noise_room,anxious,shield,23,0.231708010949321
p06_noise_room,anxious,shield,24,0.305730847709484
p06_noise_room,anxious,shield,25,0.282548067887114
p06_noise_room,anxious,shield,26,0.150478313277961
p06_noise_room,anxious,shield,27,0.264045353502994
p06_noise_room,anxious,shield,28,0.208666151149977
p06_noise_room,anxious,shield,29,0.246770069165044
p06_noise_room,anxious,shield,30,0.245764854465218
p06_noise_room,anxious,shield,31,0.159745163870571
p06_noise_room,anxious,shield,32,0.300700658258454
p06_noise_room,anxious,shield,33,0.128616464398329
p06_noise_room,anxious,shield,34,0.232727311767746
p06_noise_room,anxious,shield,35,0.286528184982011
p06_noise_room,anxious,shield,36,0.325093209219269
p06_noise_room,anxious,shield,37,0.306402873546861
p06_noise_room,anxious,shield,38,0.325128541096600
p06_noise_room,anxious,shield,39,0.317075745266072
p06_noise_room,anxious,shield,40,0.239433002230418
p06_noise_room,anxious,shield,41,0.299376027193597
p06_noise_room,anxious,shield,42,0.293754507152712
p06_noise_room,anxious,shield,43,0.223499146793188
p06_noise_room,anxious,shield,44,0.238501483892278
p06_noise_room,anxious,shield,45,0.132624041258709
p06_noise_room,anxious,shield,46,0.286267341406665
p06_noise_room,anxious,shield,47,0.260960427327863
p06_noise_room,anxious,shield,48,0.288580982750622
p06_noise_room,anxious,shield,49,0.301440991636079
p06_noise_room,anxious,shield,50,0.243510484166988
p06_noise_room,anxious,shield,51,0.204076496981123
p06_noise_room,anxious,shield,52,0.306296484907484
p06_noise_room,anxious,shield,53,0.335054416562003
p06_noise_room,anxious,shield,54,0.238150933791545
p06_noise_room,anxious,shield,55,0.220182745404955
p06_noise_room,anxious,shield,56,0.264318306957573
p06_noise_room,anxious,shield,57,0.233536367977790
p06_noise_room,anxious,shield,58,0.290574753478681
p06_noise_room,anxious,shield,59,0.227200232811638
p06_noise_room,anxious,shield,60,0.286368117617923
p06_noise_room,anxious,shield,61,0.244271405056772
p06_noise_room,anxious,shield,62,0.227555834108973
p06_noise_room,anxious,shield,63,0.272176599443847
p06_noise_static,anxious,shield,0,0.303498476700901
p06_noise_static,anxious,shield,1,0.284328116501087
p06_noise_static,anxious,shield,2,0.252002150112920
p06_noise_static,anxious,shield,3,0.271291395915556
p06_noise_static,anxious,shield,4,0.271610913812830
p06_noise_static,anxious,shield,5,0.303709381924758
p06_noise_static,anxious,shield,6,0.291945788908311
p06_noise_static,anxious,shield,7,0.333700400618775
p06_noise_static,anxious,shield,8,0.338989515938023
p06_noise_static,anxious,shield,9,0.262633144577202
p06_noise_static,anxious,shield,10,0.232210859471555
p06_noise_static,anxious,shield,11,0.206392389805730
p06_noise_static,anxious,shield,12,0.259457454988971
p06_noise_static,anxious,shield,13,0.316990942906771
p06_noise_static,anxious,shield,14,0.298821886901027
p06_noise_static,anxious,shield,15,0.277514012876071
p06_noise_static,anxious,shield,16,0.302678424227404
p06_noise_static,anxious,shield,17,0.356119157422378
p06_noise_static,anxious,shield,18,0.168554383900594
p06_noise_static,anxious,shield,19,0.300169962174791
p06_noise_static,anxious,shield,20,0.320786611715733
p06_noise_static,anxious,shield,21,0.164656535294003
p06_noise_static,anxious,shield,22,0.286642625086342
p06_noise_static,anxious,shield,23,0.231181575988134
p06_noise_static,anxious,shield,24,0.268287825473064
p06_noise_static,anxious,shield,25,0.211295444668526
p06_noise_static,anxious,shield,26,0.243316717100595
p06_noise_static,anxious,shield,27,0.269256459468248
p06_noise_static,anxious,shield,28,0.277236820494097
p06_noise_static,anxious,shield,29,0.328581373337527
p06_noise_static,anxious,shield,30,0.300962574366083
p06_noise_static,anxious,shield,31,0.307093298303218
p06_noise_static,anxious,shield,32,0.285630886760255
p06_noise_static,anxious,shield,33,0.354702938839549
p06_noise_static,anxious,shield,34,0.272310328799340
p06_noise_static,anxious,shield,35,0.267321550000029
p06_noise_static,anxious,shield,36,0.294941203669037
p06_noise_static,anxious,shield,37,0.331336490325767
p06_noise_static,anxious,shield,38,0.306720950011941
p06_noise_static,anxious,shield,39,0.310395596826839
p06_noise_static,anxious,shield,40,0.307089034502132
p06_noise_static,anxious,shield,41,0.289618843605519
p06_noise_static,anxious,shield,42,0.269373598137113
p06_noise_static,anxious,shield,43,0.308150267659166
p06_noise_static,anxious,shield,44,0.427282470782975
p06_noise_static,anxious,shield,45,0.317310437883306
p06_noise_static,anxious,shield,46,0.224193162059847
p06_noise_static,anxious,shield,47,0.308636104337385
p06_noise_static,anxious,shield,48,0.341019997465583
p06_noise_static,anxious,shield,49,0.218244852969259
p06_noise_static,anxious,shield,50,0.348087943618612
p06_noise_static,anxious,shield,51,0.319935476230742
p06_noise_static,anxious,shield,52,0.309854266282242
p06_noise_static,anxious,shield,53,0.329581334987459
p06_noise_static,anxious,shield,54,0.268188765678965
p06_noise_static,anxious,shield,55,0.326206899700955
p06_noise_static,anxious,shield,56,0.284461558586952
p06_noise_static,anxious,shield,57,0.301654865026470
p06_noise_static,anxious,shield,58,0.323949744150536
p06_noise_static,anxious,shield,59,0.256294342996791
p06_noise_static,anxious,shield,60,0.342673206873692
p06_noise_static,anxious,shield,61,0.286459670356898
p06_noise_static,anxious,shield,62,0.304044186123214
p06_noise_static,anxious,shield,63,0.325124561537312
p06_tone_control,anxious,shield,0,0.069178910522475
p06_tone_control,anxious,shield,1,0.069870254683066
p06_tone_control,anxious,shield,2,0.071728207685680
p06_tone_control,anxious,shield,3,0.070644520589696
p06_tone_control,anxious,shield,4,0.069184230516221
p06_tone_control,anxious,shield,5,0.069938042618717
p06_tone_control,anxious,shield,6,0.072029883942068
p06_tone_control,anxious,shield,7,0.070484645642298
p06_tone_control,anxious,shield,8,0.069597769200006
p06_tone_control,anxious,shield,9,0.070460357425231
p06_tone_control,anxious,shield,10,0.071358685903600
p06_tone_control,anxious,shield,11,0.072411208088250
p06_tone_control,anxious,shield,12,0.067758371458563
p06_tone_control,anxious,shield,13,0.069185564902315
p06_tone_control,anxious,shield,14,0.070613553535290
p06_tone_control,anxious,shield,15,0.069067185584762
p06_tone_control,anxious,shield,16,0.067722411932153
p06_tone_control,anxious,shield,17,0.068900524473375
p06_tone_control,anxious,shield,18,0.069282051682684
p06_tone_control,anxious,shield,19,0.068246614091718
p06_tone_control,anxious,shield,20,0.070131075601140
p06_tone_control,anxious,shield,21,0.069659964274964
p06_tone_control,anxious,shield,22,0.067751861954302
p06_tone_control,anxious,shield,23,0.068932607618332
p06_tone_control,anxious,shield,24,0.077397471219626
p06_tone_control,anxious,shield,25,0.070623967749294
p06_tone_control,anxious,shield,26,0.070145210679454
p06_tone_control,anxious,shield,27,0.068701428235609
p06_tone_control,anxious,shield,28,0.069535894225184
p06_tone_control,anxious,shield,29,0.073012150177125
p06_tone_control,anxious,shield,30,0.067515127547359
p06_tone_control,anxious,shield,31,0.070279951276829
p06_tone_control,anxious,shield,32,0.069113949609528
p06_tone_control,anxious,shield,33,0.071683701007911
p06_tone_control,anxious,shield,34,0.069445881676031
p06_tone_control,anxious,shield,35,0.069325253025197
p06_tone_control,anxious,shield,36,0.071100729509607
p06_tone_control,anxious,shield,37,0.070335027276864
p06_tone_control,anxious,shield,38,0.068148650935188
p06_tone_control,anxious,shield,39,0.073091886144230
p06_tone_control,anxious,shield,40,0.068766477498469
p06_tone_control,anxious,shield,41,0.068427723110220
p06_tone_control,anxious,shield,42,0.070934842060486
p06_tone_control,anxious,shield,43,0.071710280975200
p06_tone_control,anxious,shield,44,0.071965003060557
p06_tone_control,anxious,shield,45,0.068417579265315
p06_tone_control,anxious,shield,46,0.072272067556967
p06_tone_control,anxious,shield,47,0.070117472492008
p06_tone_control,anxious,shield,48,0.068993521494699
p06_tone_control,anxious,shield,49,0.071275651888254
p06_tone_control,anxious,shield,50,0.071815185300785
p06_tone_control,anxious,shield,51,0.068180651664972
p06_tone_control,anxious,shield,52,0.071769326898438
p06_tone_control,anxious,shield,53,0.070984848939067
p06_tone_control,anxious,shield,54,0.068857164651903
p06_tone_control,anxious,shield,55,0.070534855224123
p06_tone_control,anxious,shield,56,0.070261554582841
p06_tone_control,anxious,shield,57,0.069847440333157
p06_tone_control,anxious,shield,58,0.069644029044447
p06_tone_control,anxious,shield,59,0.072889734276317
p06_tone_control,anxious,shield,60,0.068644021330608
p06_tone_control,anxious,shield,61,0.070251089830918
p06_tone_control,anxious,shield,62,0.070668126709355
p06_tone_control,anxious,shield,63,0.069729631151616
p06_noise_random_pulse,anxious,sleep,0,0.603359717860746
p06_noise_random_pulse,anxious,sleep,1,0.390711336210928
p06_noise_random_pulse,anxious,sleep,2,0.396034513055118
p06_noise_random_pulse,anxious,sleep,3,0.585053670569398
p06_noise_random_pulse,anxious,sleep,4,0.450539993050265
p06_noise_random_pulse,anxious,sleep,5,0.718723231640728
p06_noise_random_pulse,anxious,sleep,6,0.471618451559336
p06_noise_random_pulse,anxious,sleep,7,0.851732817081839
p06_noise_random_pulse,anxious,sleep,8,0.592766656419038
p06_noise_random_pulse,anxious,sleep,9,0.592461009124293
p06_noise_random_pulse,anxious,sleep,10,0.737339002120352
p06_noise_random_pulse,anxious,sleep,11,0.533259532776399
p06_noise_random_pulse,anxious,sleep,12,0.618772631150682
p06_noise_random_pulse,anxious,sleep,13,0.418150040614783
p06_noise_random_pulse,anxious,sleep,14,0.718719940617868
p06_noise_random_pulse,anxious,sleep,15,0.705068543965368
p06_noise_random_pulse,anxious,sleep,16,0.780206733090748
p06_noise_random_pulse,anxious,sleep,17,0.525215354323039
p06_noise_random_pulse,anxious,sleep,18,0.675545281240026
p06_noise_random_pulse,anxious,sleep,19,0.525524910974651
p06_noise_random_pulse,anxious,sleep,20,0.530897176850598
p06_noise_random_pulse,anxious,sleep,21,0.656004095547263
p06_noise_random_pulse,anxious,sleep,22,0.742353670074667
p06_noise_random_pulse,anxious,sleep,23,0.468386697306216
p06_noise_random_pulse,anxious,sleep,24,0.608265156409743
p06_noise_random_pulse,anxious,sleep,25,0.510150505527984
p06_noise_random_pulse,anxious,sleep,26,0.472990577930186
p06_noise_random_pulse,anxious,sleep,27,0.651280384748136
p06_noise_random_pulse,anxious,sleep,28,0.502361931113012
p06_noise_random_pulse,anxious,sleep,29,0.628468191668166
p06_noise_random_pulse,anxious,sleep,30,0.669887468690737
p06_noise_random_pulse,anxious,sleep,31,0.620684333882170
p06_noise_random_pulse,anxious,sleep,32,0.666257326196303
p06_noise_random_pulse,anxious,sleep,33,0.757069660947943
p06_noise_random_pulse,anxious,sleep,34,0.542977469021607
p06_noise_random_pulse,anxious,sleep,35,0.584056662694945
p06_noise_random_pulse,anxious,sleep,36,0.747691513175996
p06_noise_random_pulse,anxious,sleep,37,0.735634050723129
p06_noise_random_pulse,anxious,sleep,38,0.632149431846033
p06_noise_random_pulse,anxious,sleep,39,0.588177323483771
p06_noise_random_pulse,anxious,sleep,40,0.480355952904068
p06_noise_random_pulse,anxious,sleep,41,0.730855377562621
p06_noise_random_pulse,anxious,sleep,42,0.387088559416785
p06_noise_random_pulse,anxious,sleep,43,0.632545753162018
p06_noise_random_pulse,anxious,sleep,44,0.340222338891739
p06_noise_random_pulse,anxious,sleep,45,0.523405539383073
p06_noise_random_pulse,anxious,sleep,46,0.744736683648666
p06_noise_random_pulse,anxious,sleep,47,0.705231968064702
p06_noise_random_pulse,anxious,sleep,48,0.626122108388964
p06_noise_random_pulse,anxious,sleep,49,0.726220710580652
p06_noise_random_pulse,anxious,sleep,50,0.428980679316317
p06_noise_random_pulse,anxious,sleep,51,0.645447617415245
p06_noise_random_pulse,anxious,sleep,52,0.649245274810609
p06_noise_random_pulse,anxious,sleep,53,0.591505643396892
p06_noise_random_pulse,anxious,sleep,54,0.658857750577363
p06_noise_random_pulse,anxious,sleep,55,0.744231876508525
p06_noise_random_pulse,anxious,sleep,56,0.690799506789231
p06_noise_random_pulse,anxious,sleep,57,0.645736596437288
p06_noise_random_pulse,anxious,sleep,58,0.531655744550482
p06_noise_random_pulse,anxious,sleep,59,0.560586418480364
p06_noise_random_pulse,anxious,sleep,60,0.357573606859621
p06_noise_random_pulse,anxious,sleep,61,0.642852817628300
p06_noise_random_pulse,anxious,sleep,62,0.399505870358691
p06_noise_random_pulse,anxious,sleep,63,0.619911040050953
p06_noise_random_walk,anxious,sleep,0,0.664049375388368
p06_noise_random_walk,anxious,sleep,1,0.492629025383862
p06_noise_random_walk,anxious,sleep,2,0.530255088051814
p06_noise_random_walk,anxious,sleep,3,0.342677835245706
p06_noise_random_walk,anxious,sleep,4,0.583681030712196
p06_noise_random_walk,anxious,sleep,5,0.413727236682879
p06_noise_random_walk,anxious,sleep,6,0.610865012720901
p06_noise_random_walk,anxious,sleep,7,0.377008242800718
p06_noise_random_walk,anxious,sleep,8,0.496790475216857
p06_noise_random_walk,anxious,sleep,9,0.413232921099439
p06_noise_random_walk,anxious,sleep,10,0.392599780539883
p06_noise_random_walk,anxious,sleep,11,0.588847207593541
p06_noise_random_walk,anxious,sleep,12,0.504233624130392
p06_noise_random_walk,anxious,sleep,13,0.532923094900768
p06_noise_random_walk,anxious,sleep,14,0.529495954692153
p06_noise_random_walk,anxious,sleep,15,0.374582181954652
p06_noise_random_walk,anxious,sleep,16,0.360189064664088
p06_noise_random_walk,anxious,sleep,17,0.564227419913135
p06_noise_random_walk,anxious,sleep,18,0.401095132630068
p06_noise_random_walk,anxious,sleep,19,0.512874081316885
p06_noise_random_walk,anxious,sleep,20,0.493451151160414
p06_noise_random_walk,anxious,sleep,21,0.351700096822908
p06_noise_random_walk,anxious,sleep,22,0.372475105527608
p06_noise_random_walk,anxious,sleep,23,0.536635700349585
p06_noise_random_walk,anxious,sleep,24,0.477405061710654
p06_noise_random_walk,anxious,sleep,25,0.501102883654690
p06_noise_random_walk,anxious,sleep,26,0.467119948855648
p06_noise_random_walk,anxious,sleep,27,0.565918352679313
p06_noise_random_walk,anxious,sleep,28,0.420028136558025
p06_noise_random_walk,anxious,sleep,29,0.455864035631585
p06_noise_random_walk,anxious,sleep,30,0.643575899158883
p06_noise_random_walk,anxious,sleep,31,0.568106920845798
p06_noise_random_walk,anxious,sleep,32,0.663070301822016
p06_noise_random_walk,anxious,sleep,33,0.450710879007157
p06_noise_random_walk,anxious,sleep,34,0.485189015972895
p06_noise_random_walk,anxious,sleep,35,0.604232626667836
p06_noise_random_walk,anxious,sleep,36,0.445559471315429
p06_noise_random_walk,anxious,sleep,37,0.509661773886536
p06_noise_random_walk,anxious,sleep,38,0.595612659484150
p06_noise_random_walk,anxious,sleep,39,0.722816335251767
p06_noise_random_walk,anxious,sleep,40,0.435404218516312
p06_noise_random_walk,anxious,sleep,41,0.488246321006329
p06_noise_random_walk,anxious,sleep,42,0.404423204682570
p06_noise_random_walk,anxious,sleep,43,0.733593007650513
p06_noise_random_walk,anxious,sleep,44,0.367314208472532
p06_noise_random_walk,anxious,sleep,45,0.565028933819368
p06_noise_random_walk,anxious,sleep,46,0.582583530826147
p06_noise_random_walk,anxious,sleep,47,0.328112292167087
p06_noise_random_walk,anxious,sleep,48,0.408863483589838
p06_noise_random_walk,anxious,sleep,49,0.555285693814666
p06_noise_random_walk,anxious,sleep,50,0.447247689048324
p06_noise_random_walk,anxious,sleep,51,0.542817196798047
p06_noise_random_walk,anxious,sleep,52,0.539815074129295
p06_noise_random_walk,anxious,sleep,53,0.741674039729322
p06_noise_random_walk,anxious,sleep,54,0.544102962639854
p06_noise_random_walk,anxious,sleep,55,0.485287003133105
p06_noise_random_walk,anxious,sleep,56,0.610192278963717
p06_noise_random_walk,anxious,sleep,57,0.472445507774414
p06_noise_random_walk,anxious,sleep,58,0.481186633774797
p06_noise_random_walk,anxious,sleep,59,0.464255616515452
p06_noise_random_walk,anxious,sleep,60,0.531932273398351
p06_noise_random_walk,anxious,sleep,61,0.398942152111229
p06_noise_random_walk,anxious,sleep,62,0.456452478783196
p06_noise_random_walk,anxious,sleep,63,0.482760203683770
p06_noise_room,anxious,sleep,0,0.552497510564422
p06_noise_room,anxious,sleep,1,0.829854254910215
p06_noise_room,anxious,sleep,2,0.636378970182109
p06_noise_room,anxious,sleep,3,0.578961430329733
p06_noise_room,anxious,sleep,4,0.675512073547397
p06_noise_room,anxious,sleep,5,0.572497669492871
p06_noise_room,anxious,sleep,6,0.491611480332080
p06_noise_room,anxious,sleep,7,0.797217972560062
p06_noise_room,anxious,sleep,8,0.651807828064777
p06_noise_room,anxious,sleep,9,0.510007965707015
p06_noise_room,anxious,sleep,10,0.501065580025491
p06_noise_room,anxious,sleep,11,0.503954067076262
p06_noise_room,anxious,sleep,12,0.564977938956686
p06_noise_room,anxious,sleep,13,0.514793957175669
p06_noise_room,anxious,sleep,14,0.721022454922340
p06_noise_room,anxious,sleep,15,0.559666959058865
p06_noise_room,anxious,sleep,16,0.628092024907696
p06_noise_room,anxious,sleep,17,0.621308833911720
p06_noise_room,anxious,sleep,18,0.607433665963500
p06_noise_room,anxious,sleep,19,0.540643671516799
p06_noise_room,anxious,sleep,20,0.572046486703892
p06_noise_room,anxious,sleep,21,0.466091366316618
p06_noise_room,anxious,sleep,22,0.798357005216432
p06_noise_room,anxious,sleep,23,0.583748040910262
p06_noise_room,anxious,sleep,24,0.478506870108877
p06_noise_room,anxious,sleep,25,0.661126533892846
p06_noise_room,anxious,sleep,26,0.791005254077914
p06_noise_room,anxious,sleep,27,0.653901907732551
p06_noise_room,anxious,sleep,28,0.701676380725093
p06_noise_room,anxious,sleep,29,0.554097941724035
p06_noise_room,anxious,sleep,30,0.577726432199587
p06_noise_room,anxious,sleep,31,0.527734304655051
p06_noise_room,anxious,sleep,32,0.611466605718282
p06_noise_room,anxious,sleep,33,0.687173249974252
p06_noise_room,anxious,sleep,34,0.678723540340244
p06_noise_room,anxious,sleep,35,0.590273784229988
p06_noise_room,anxious,sleep,36,0.619777564775955
p06_noise_room,anxious,sleep,37,0.522848734697859
p06_noise_room,anxious,sleep,38,0.544473107973105
p06_noise_room,anxious,sleep,39,0.677162813547769
p06_noise_room,anxious,sleep,40,0.684254077431058
p06_noise_room,anxious,sleep,41,0.526494666826816
p06_noise_room,anxious,sleep,42,0.608870118502670
p06_noise_room,anxious,sleep,43,0.499528202839376
p06_noise_room,anxious,sleep,44,0.712318195135702
p06_noise_room,anxious,sleep,45,0.755534332565545
p06_noise_room,anxious,sleep,46,0.577024305068205
p06_noise_room,anxious,sleep,47,0.457394470266591
p06_noise_room,anxious,sleep,48,0.460383285763560
p06_noise_room,anxious,sleep,49,0.672590495202406
p06_noise_room,anxious,sleep,50,0.575232502701149
p06_noise_room,anxious,sleep,51,0.629682498812119
p06_noise_room,anxious,sleep,52,0.607826552952823
p06_noise_room,anxious,sleep,53,0.505545376176085
p06_noise_room,anxious,sleep,54,0.590195571957036
p06_noise_room,anxious,sleep,55,0.503126065239018
p06_noise_room,anxious,sleep,56,0.586427857453623
p06_noise_room,anxious,sleep,57,0.638442018582900
p06_noise_room,anxious,sleep,58,0.627801170314334
p06_noise_room,anxious,sleep,59,0.660857987023668
p06_noise_room,anxious,sleep,60,0.408096083869445
p06_noise_room,anxious,sleep,61,0.658758663779763
p06_noise_room,anxious,sleep,62,0.498755413184055
p06_noise_room,anxious,sleep,63,0.654352213896607
p06_noise_static,anxious,sleep,0,0.437621162031797
p06_noise_static,anxious,sleep,1,0.419355141088165
p06_noise_static,anxious,sleep,2,0.487878525837903
p06_noise_static,anxious,sleep,3,0.432575963620938
p06_noise_static,anxious,sleep,4,0.601672005861576
p06_noise_static,anxious,sleep,5,0.645796067825457
p06_noise_static,anxious,sleep,6,0.376662406484790
p06_noise_static,anxious,sleep,7,0.348285174531927
p06_noise_static,anxious,sleep,8,0.267545161850888
p06_noise_static,anxious,sleep,9,0.461781370386230
p06_noise_static,anxious,sleep,10,0.373488165636267
p06_noise_static,anxious,sleep,11,0.625150825957979
p06_noise_static,anxious,sleep,12,0.519489752658678
p06_noise_static,anxious,sleep,13,0.538943481330186
p06_noise_static,anxious,sleep,14,0.338952329713166
p06_noise_static,anxious,sleep,15,0.423882401604999
p06_noise_static,anxious,sleep,16,0.377581681355255
p06_noise_static,anxious,sleep,17,0.646674433960999
p06_noise_static,anxious,sleep,18,0.643091498507815
p06_noise_static,anxious,sleep,19,0.419446136608267
p06_noise_static,anxious,sleep,20,0.437074758272339
p06_noise_static,anxious,sleep,21,0.435197528827484
p06_noise_static,anxious,sleep,22,0.447627767869422
p06_noise_static,anxious,sleep,23,0.568389659384828
p06_noise_static,anxious,sleep,24,0.516386366949389
p06_noise_static,anxious,sleep,25,0.348338218100528
p06_noise_static,anxious,sleep,26,0.445737967239634
p06_noise_static,anxious,sleep,27,0.472798745838392
p06_noise_static,anxious,sleep,28,0.401260963178513
p06_noise_static,anxious,sleep,29,0.472637731670367
p06_noise_static,anxious,sleep,30,0.397967568290025
p06_noise_static,anxious,sleep,31,0.386314412279240
p06_noise_static,anxious,sleep,32,0.479141293380408
p06_noise_static,anxious,sleep,33,0.524785286161550
p06_noise_static,anxious,sleep,34,0.694567912963803
p06_noise_static,anxious,sleep,35,0.493719080128268
p06_noise_static,anxious,sleep,36,0.344752892224939
p06_noise_static,anxious,sleep,37,0.375758955017486
p06_noise_static,anxious,sleep,38,0.466356043255364
p06_noise_static,anxious,sleep,39,0.386648752678651
p06_noise_static,anxious,sleep,40,0.465081267887469
p06_noise_static,anxious,sleep,41,0.633160107328029
p06_noise_static,anxious,sleep,42,0.406797534471248
p06_noise_static,anxious,sleep,43,0.324109455503940
p06_noise_static,anxious,sleep,44,0.280138886728132
p06_noise_static,anxious,sleep,45,0.378602873940014
p06_noise_static,anxious,sleep,46,0.563693302204029
p06_noise_static,anxious,sleep,47,0.468686722022251
p06_noise_static,anxious,sleep,48,0.490058738619500
p06_noise_static,anxious,sleep,49,0.752495944567369
p06_noise_static,anxious,sleep,50,0.390711064522088
p06_noise_static,anxious,sleep,51,0.420440755080485
p06_noise_static,anxious,sleep,52,0.395621511227517
p06_noise_static,anxious,sleep,53,0.463588220381711
p06_noise_static,anxious,sleep,54,0.462916625915612
p06_noise_static,anxious,sleep,55,0.457607333374896
p06_noise_static,anxious,sleep,56,0.422709451813886
p06_noise_static,anxious,sleep,57,0.435916873719644
p06_noise_static,anxious,sleep,58,0.539648536446073
p06_noise_static,anxious,sleep,59,0.391117805464085
p06_noise_static,anxious,sleep,60,0.487458737888044
p06_noise_static,anxious,sleep,61,0.515653882471271
p06_noise_static,anxious,sleep,62,0.438177836285303
p06_noise_static,anxious,sleep,63,0.302377552376288
p06_tone_control,anxious,sleep,0,0.380441227073848
p06_tone_control,anxious,sleep,1,0.384454117969788
p06_tone_control,anxious,sleep,2,0.392953738149451
p06_tone_control,anxious,sleep,3,0.380554352340016
p06_tone_control,anxious,sleep,4,0.390536582841360
p06_tone_control,anxious,sleep,5,0.388284306244106
p06_tone_control,anxious,sleep,6,0.378023017766059
p06_tone_control,anxious,sleep,7,0.382372603745120
p06_tone_control,anxious,sleep,8,0.386152033132060
p06_tone_control,anxious,sleep,9,0.380787845206377
p06_tone_control,anxious,sleep,10,0.393164453443821
p06_tone_control,anxious,sleep,11,0.392678573465079
p06_tone_control,anxious,sleep,12,0.392082211405807
p06_tone_control,anxious,sleep,13,0.381909839394488
p06_tone_control,anxious,sleep,14,0.384542619215772
p06_tone_control,anxious,sleep,15,0.376553585887414
p06_tone_control,anxious,sleep,16,0.380590319162479
p06_tone_control,anxious,sleep,17,0.379349756590102
p06_tone_control,anxious,sleep,18,0.387572299666612
p06_tone_control,anxious,sleep,19,0.373581248587457
p06_tone_control,anxious,sleep,20,0.388817946901982
p06_tone_control,anxious,sleep,21,0.398124755172955
p06_tone_control,anxious,sleep,22,0.372591468837281
p06_tone_control,anxious,sleep,23,0.381117592366898
p06_tone_control,anxious,sleep,24,0.395149765749605
p06_tone_control,anxious,sleep,25,0.392853357376866
p06_tone_control,anxious,sleep,26,0.390210669900417
p06_tone_control,anxious,sleep,27,0.384204598741659
p06_tone_control,anxious,sleep,28,0.392157602674855
p06_tone_control,anxious,sleep,29,0.385602024871014
p06_tone_control,anxious,sleep,30,0.370309610747724
p06_tone_control,anxious,sleep,31,0.390778344713521
p06_tone_control,anxious,sleep,32,0.388022446379399
p06_tone_control,anxious,sleep,33,0.377874593120293
p06_tone_control,anxious,sleep,34,0.386636106178165
p06_tone_control,anxious,sleep,35,0.379584929056425
p06_tone_control,anxious,sleep,36,0.382379549668358
p06_tone_control,anxious,sleep,37,0.385175925191800
p06_tone_control,anxious,sleep,38,0.379308148330149
p06_tone_control,anxious,sleep,39,0.393383187405277
p06_tone_control,anxious,sleep,40,0.386190137993211
p06_tone_control,anxious,sleep,41,0.384618937361807
p06_tone_control,anxious,sleep,42,0.389306472341996
p06_tone_control,anxious,sleep,43,0.389121447292221
p06_tone_control,anxious,sleep,44,0.393630111497187
p06_tone_control,anxious,sleep,45,0.370675401448496
p06_tone_control,anxious,sleep,46,0.396273137903946
p06_tone_control,anxious,sleep,47,0.390818341598147
p06_tone_control,anxious,sleep,48,0.380662089887383
p06_tone_control,anxious,sleep,49,0.389021700532247
p06_tone_control,anxious,sleep,50,0.382351172072052
p06_tone_control,anxious,sleep,51,0.390662262994069
p06_tone_control,anxious,sleep,52,0.387878653400207
p06_tone_control,anxious,sleep,53,0.387425510432774
p06_tone_control,anxious,sleep,54,0.384587907651878
p06_tone_control,anxious,sleep,55,0.394517626596666
p06_tone_control,anxious,sleep,56,0.384701431688749
p06_tone_control,anxious,sleep,57,0.389550546629934
p06_tone_control,anxious,sleep,58,0.390907209201457
p06_tone_control,anxious,sleep,59,0.378840812480662
p06_tone_control,anxious,sleep,60,0.378175398399317
p06_tone_control,anxious,sleep,61,0.383876215716939
p06_tone_control,anxious,sleep,62,0.386098882229343
p06_tone_control,anxious,sleep,63,0.381735213598684
p06_noise_random_pulse,high_alpha,deep_relaxation,0,0.574075424576641
p06_noise_random_pulse,high_alpha,deep_relaxation,1,0.417962459399218
p06_noise_random_pulse,high_alpha,deep_relaxation,2,0.627637897964671
p06_noise_random_pulse,high_alpha,deep_relaxation,3,0.467169310779522
p06_noise_random_pulse,high_alpha,deep_relaxation,4,0.471187076863610
p06_noise_random_pulse,high_alpha,deep_relaxation,5,0.541791906337939
p06_noise_random_pulse,high_alpha,deep_relaxation,6,0.512711801127425
p06_noise_random_pulse,high_alpha,deep_relaxation,7,0.530794685103957
p06_noise_random_pulse,high_alpha,deep_relaxation,8,0.420241007957811
p06_noise_random_pulse,high_alpha,deep_relaxation,9,0.487263897094172
p06_noise_random_pulse,high_alpha,deep_relaxation,10,0.522200579967671
p06_noise_random_pulse,high_alpha,deep_relaxation,11,0.530441915911080
p06_noise_random_pulse,high_alpha,deep_relaxation,12,0.526927357952297
p06_noise_random_pulse,high_alpha,deep_relaxation,13,0.428995861176545
p06_noise_random_pulse,high_alpha,deep_relaxation,14,0.427879834745799
p06_noise_random_pulse,high_alpha,deep_relaxation,15,0.552365950799100
p06_noise_random_pulse,high_alpha,deep_relaxation,16,0.607873172260905
p06_noise_random_pulse,high_alpha,deep_relaxation,17,0.517469255091066
p06_noise_random_pulse,high_alpha,deep_relaxation,18,0.551475852560047
p06_noise_random_pulse,high_alpha,deep_relaxation,19,0.428989612810710
p06_noise_random_pulse,high_alpha,deep_relaxation,20,0.416910739118316
p06_noise_random_pulse,high_alpha,deep_relaxation,21,0.542831685931002
p06_noise_random_pulse,high_alpha,deep_relaxation,22,0.569311178955257
p06_noise_random_pulse,high_alpha,deep_relaxation,23,0.464290776195584
p06_noise_random_pulse,high_alpha,deep_relaxation,24,0.426923628031445
p06_noise_random_pulse,high_alpha,deep_relaxation,25,0.456427522482825
p06_noise_random_pulse,high_alpha,deep_relaxation,26,0.467514142186918
p06_noise_random_pulse,high_alpha,deep_relaxation,27,0.433412823021791
p06_noise_random_pulse,high_alpha,deep_relaxation,28,0.446570564953339
p06_noise_random_pulse,high_alpha,deep_relaxation,29,0.576611837515999
p06_noise_random_pulse,high_alpha,deep_relaxation,30,0.448442626775048
p06_noise_random_pulse,high_alpha,deep_relaxation,31,0.425591858483349
p06_noise_random_pulse,high_alpha,deep_relaxation,32,0.492930181721791
p06_noise_random_pulse,high_alpha,deep_relaxation,33,0.574183225025831
p06_noise_random_pulse,high_alpha,deep_relaxation,34,0.489088797056102
p06_noise_random_pulse,high_alpha,deep_relaxation,35,0.482454041333780
p06_noise_random_pulse,high_alpha,deep_relaxation,36,0.461755955250801
p06_noise_random_pulse,high_alpha,deep_relaxation,37,0.610669430071695
p06_noise_random_pulse,high_alpha,deep_relaxation,38,0.352902181654003
p06_noise_random_pulse,high_alpha,deep_relaxation,39,0.425575291285626
p06_noise_random_pulse,high_alpha,deep_relaxation,40,0.511400374020345
p06_noise_random_pulse,high_alpha,deep_relaxation,41,0.562474975901381
p06_noise_random_pulse,high_alpha,deep_relaxation,42,0.558872336135485
p06_noise_random_pulse,high_alpha,deep_relaxation,43,0.467449399619986
p06_noise_random_pulse,high_alpha,deep_relaxation,44,0.448551075206111
p06_noise_random_pulse,high_alpha,deep_relaxation,45,0.491712540052315
p06_noise_random_pulse,high_alpha,deep_relaxation,46,0.456347290461251
p06_noise_random_pulse,high_alpha,deep_relaxation,47,0.528796293445019
p06_noise_random_pulse,high_alpha,deep_relaxation,48,0.402067437443906
p06_noise_random_pulse,high_alpha,deep_relaxation,49,0.524796604068041
p06_noise_random_pulse,high_alpha,deep_relaxation,50,0.531679053075374
p06_noise_random_pulse,high_alpha,deep_relaxation,51,0.411115047679558
p06_noise_random_pulse,high_alpha,deep_relaxation,52,0.438935495469824
p06_noise_random_pulse,high_alpha,deep_relaxation,53,0.488452692357131
p06_noise_random_pulse,high_alpha,deep_relaxation,54,0.515885283472844
p06_noise_random_pulse,high_alpha,deep_relaxation,55,0.558646557842337
p06_noise_random_pulse,high_alpha,deep_relaxation,56,0.488549160429204
p06_noise_random_pulse,high_alpha,deep_relaxation,57,0.551362836939818
p06_noise_random_pulse,high_alpha,deep_relaxation,58,0.449396752549491
p06_noise_random_pulse,high_alpha,deep_relaxation,59,0.546139172767799
p06_noise_random_pulse,high_alpha,deep_relaxation,60,0.419115379628343
p06_noise_random_pulse,high_alpha,deep_relaxation,61,0.472261796145995
p06_noise_random_pulse,high_alpha,deep_relaxation,62,0.560689829866828
p06_noise_random_pulse,high_alpha,deep_relaxation,63,0.476521881775866
p06_noise_random_walk,high_alpha,deep_relaxation,0,0.421139879848753
p06_noise_random_walk,high_alpha,deep_relaxation,1,0.449335873043137
p06_noise_random_walk,high_alpha,deep_relaxation,2,0.509171101411116
p06_noise_random_walk,high_alpha,deep_relaxation,3,0.497360947830987
p06_noise_random_walk,high_alpha,deep_relaxation,4,0.602914071980300
p06_noise_random_walk,high_alpha,deep_relaxation,5,0.589058939751757
p06_noise_random_walk,high_alpha,deep_relaxation,6,0.551458083781509
p06_noise_random_walk,high_alpha,deep_relaxation,7,0.529596955619225
p06_noise_random_walk,high_alpha,deep_relaxation,8,0.499134853008475
p06_noise_random_walk,high_alpha,deep_relaxation,9,0.469578720242184
p06_noise_random_walk,high_alpha,deep_relaxation,10,0.532149917608866
p06_noise_random_walk,high_alpha,deep_relaxation,11,0.576346114339481
p06_noise_random_walk,high_alpha,deep_relaxation,12,0.587374211329297
p06_noise_random_walk,high_alpha,deep_relaxation,13,0.558507492592857
p06_noise_random_walk,high_alpha,deep_relaxation,14,0.528348414412340
p06_noise_random_walk,high_alpha,deep_relaxation,15,0.587924251996936
p06_noise_random_walk,high_alpha,deep_relaxation,16,0.517054356812779
p06_noise_random_walk,high_alpha,deep_relaxation,17,0.602203276184293
p06_noise_random_walk,high_alpha,deep_relaxation,18,0.550766499986547
p06_noise_random_walk,high_alpha,deep_relaxation,19,0.433894838781593
p06_noise_random_walk,high_alpha,deep_relaxation,20,0.560063638633401
p06_noise_random_walk,high_alpha,deep_relaxation,21,0.499134054219681
p06_noise_random_walk,high_alpha,deep_relaxation,22,0.537523535514200
p06_noise_random_walk,high_alpha,deep_relaxation,23,0.420458973248821
p06_noise_random_walk,high_alpha,deep_relaxation,24,0.500220411208474
p06_noise_random_walk,high_alpha,deep_relaxation,25,0.450986751365354
p06_noise_random_walk,high_alpha,deep_relaxation,26,0.459187210785985
p06_noise_random_walk,high_alpha,deep_relaxation,27,0.625017346638292
p06_noise_random_walk,high_alpha,deep_relaxation,28,0.599965498787824
p06_noise_random_walk,high_alpha,deep_relaxation,29,0.566091417737579
p06_noise_random_walk,high_alpha,deep_relaxation,30,0.446352689623369
p06_noise_random_walk,high_alpha,deep_relaxation,31,0.538319738993045
p06_noise_random_walk,high_alpha,deep_relaxation,32,0.620782198744889
p06_noise_random_walk,high_alpha,deep_relaxation,33,0.609435431403390
p06_noise_random_walk,high_alpha,deep_relaxation,34,0.552041504308121
p06_noise_random_walk,high_alpha,deep_relaxation,35,0.505362588165216
p06_noise_random_walk,high_alpha,deep_relaxation,36,0.483472248470493
p06_noise_random_walk,high_alpha,deep_relaxation,37,0.546313917023740
p06_noise_random_walk,high_alpha,deep_relaxation,38,0.533685104009701
p06_noise_random_walk,high_alpha,deep_relaxation,39,0.585558472099085
p06_noise_random_walk,high_alpha,deep_relaxation,40,0.503098021398171
p06_noise_random_walk,high_alpha,deep_relaxation,41,0.484732089770986
p06_noise_random_walk,high_alpha,deep_relaxation,42,0.486615609790375
p06_noise_random_walk,high_alpha,deep_relaxation,43,0.584940136649072
p06_noise_random_walk,high_alpha,deep_relaxation,44,0.615930375015160
p06_noise_random_walk,high_alpha,deep_relaxation,45,0.468546486025943
p06_noise_random_walk,high_alpha,deep_relaxation,46,0.638854883085327
p06_noise_random_walk,high_alpha,deep_relaxation,47,0.561585227045156
p06_noise_random_walk,high_alpha,deep_relaxation,48,0.520780954506723
p06_noise_random_walk,high_alpha,deep_relaxation,49,0.586928795233367
p06_noise_random_walk,high_alpha,deep_relaxation,50,0.565326432950916
p06_noise_random_walk,high_alpha,deep_relaxation,51,0.482327749064034
p06_noise_random_walk,high_alpha,deep_relaxation,52,0.462594284257811
p06_noise_random_walk,high_alpha,deep_relaxation,53,0.515787611053402
p06_noise_random_walk,high_alpha,deep_relaxation,54,0.415913715136907
p06_noise_random_walk,high_alpha,deep_relaxation,55,0.429494446940302
p06_noise_random_walk,high_alpha,deep_relaxation,56,0.493712639578412
p06_noise_random_walk,high_alpha,deep_relaxation,57,0.513248160492757
p06_noise_random_walk,high_alpha,deep_relaxation,58,0.529670020312675
p06_noise_random_walk,high_alpha,deep_relaxation,59,0.508914274791034
p06_noise_random_walk,high_alpha,deep_relaxation,60,0.569735588873131
p06_noise_random_walk,high_alpha,deep_relaxation,61,0.577088459911401
p06_noise_random_walk,high_alpha,deep_relaxation,62,0.533252630139906
p06_noise_random_walk,high_alpha,deep_relaxation,63,0.393589986705236
p06_noise_room,high_alpha,deep_relaxation,0,0.599301781997848
p06_noise_room,high_alpha,deep_relaxation,1,0.479040415479715
p06_noise_room,high_alpha,deep_relaxation,2,0.544964168153504
p06_noise_room,high_alpha,deep_relaxation,3,0.452366743208408
p06_noise_room,high_alpha,deep_relaxation,4,0.486644482377836
p06_noise_room,high_alpha,deep_relaxation,5,0.584891105804119
p06_noise_room,high_alpha,deep_relaxation,6,0.575680607799169
p06_noise_room,high_alpha,deep_relaxation,7,0.458340000593138
p06_noise_room,high_alpha,deep_relaxation,8,0.483404712727344
p06_noise_room,high_alpha,deep_relaxation,9,0.500929979824747
p06_noise_room,high_alpha,deep_relaxation,10,0.525980600384031
p06_noise_room,high_alpha,deep_relaxation,11,0.574998997884804
p06_noise_room,high_alpha,deep_relaxation,12,0.538394862555028
p06_noise_room,high_alpha,deep_relaxation,13,0.588327514871629
p06_noise_room,high_alpha,deep_relaxation,14,0.517157250529016
p06_noise_room,high_alpha,deep_relaxation,15,0.521184396983304
p06_noise_room,high_alpha,deep_relaxation,16,0.512007762126177
p06_noise_room,high_alpha,deep_relaxation,17,0.488192183282206
p06_noise_room,high_alpha,deep_relaxation,18,0.610282851356761
p06_noise_room,high_alpha,deep_relaxation,19,0.553010575175133
p06_noise_room,high_alpha,deep_relaxation,20,0.498249016472712
p06_noise_room,high_alpha,deep_relaxation,21,0.522149498786064
p06_noise_room,high_alpha,deep_relaxation,22,0.584372286452300
p06_noise_room,high_alpha,deep_relaxation,23,0.522605025431093
p06_noise_room,high_alpha,deep_relaxation,24,0.477392362760489
p06_noise_room,high_alpha,deep_relaxation,25,0.529145127498325
p06_noise_room,high_alpha,deep_relaxation,26,0.553092254160523
p06_noise_room,high_alpha,deep_relaxation,27,0.564247217562509
p06_noise_room,high_alpha,deep_relaxation,28,0.486206025844694
p06_noise_room,high_alpha,deep_relaxation,29,0.415037924012909
p06_noise_room,high_alpha,deep_relaxation,30,0.498051797899653
p06_noise_room,high_alpha,deep_relaxation,31,0.471900890912292
p06_noise_room,high_alpha,deep_relaxation,32,0.663353854362268
p06_noise_room,high_alpha,deep_relaxation,33,0.538278028699433
p06_noise_room,high_alpha,deep_relaxation,34,0.480982731517425
p06_noise_room,high_alpha,deep_relaxation,35,0.552063760908646
p06_noise_room,high_alpha,deep_relaxation,36,0.521584198867061
p06_noise_room,high_alpha,deep_relaxation,37,0.617584009730973
p06_noise_room,high_alpha,deep_relaxation,38,0.539508318253025
p06_noise_room,high_alpha,deep_relaxation,39,0.587344084472607
p06_noise_room,high_alpha,deep_relaxation,40,0.523451445216336
p06_noise_room,high_alpha,deep_relaxation,41,0.564775530496994
p06_noise_room,high_alpha,deep_relaxation,42,0.432297582610140
p06_noise_room,high_alpha,deep_relaxation,43,0.548227142163466
p06_noise_room,high_alpha,deep_relaxation,44,0.567402112670333
p06_noise_room,high_alpha,deep_relaxation,45,0.568175725925929
p06_noise_room,high_alpha,deep_relaxation,46,0.492748758591853
p06_noise_room,high_alpha,deep_relaxation,47,0.560993559711010
p06_noise_room,high_alpha,deep_relaxation,48,0.520182169935746
p06_noise_room,high_alpha,deep_relaxation,49,0.615454330576505
p06_noise_room,high_alpha,deep_relaxation,50,0.580099810984976
p06_noise_room,high_alpha,deep_relaxation,51,0.550634055940856
p06_noise_room,high_alpha,deep_relaxation,52,0.631741886200555
p06_noise_room,high_alpha,deep_relaxation,53,0.467300969647621
p06_noise_room,high_alpha,deep_relaxation,54,0.605157403636762
p06_noise_room,high_alpha,deep_relaxation,55,0.501166827871975
p06_noise_room,high_alpha,deep_relaxation,56,0.551425243060482
p06_noise_room,high_alpha,deep_relaxation,57,0.577607686967222
p06_noise_room,high_alpha,deep_relaxation,58,0.651892710979830
p06_noise_room,high_alpha,deep_relaxation,59,0.420826567286514
p06_noise_room,high_alpha,deep_relaxation,60,0.626092793923901
p06_noise_room,high_alpha,deep_relaxation,61,0.545065234179046
p06_noise_room,high_alpha,deep_relaxation,62,0.596644792752455
p06_noise_room,high_alpha,deep_relaxation,63,0.593811917049270
p06_noise_static,high_alpha,deep_relaxation,0,0.469735801012261
p06_noise_static,high_alpha,deep_relaxation,1,0.494607000442472
p06_noise_static,high_alpha,deep_relaxation,2,0.387296383191670
p06_noise_static,high_alpha,deep_relaxation,3,0.461904878176064
p06_noise_static,high_alpha,deep_relaxation,4,0.431150362610173
p06_noise_static,high_alpha,deep_relaxation,5,0.474046723812545
p06_noise_static,high_alpha,deep_relaxation,6,0.484240541131273
p06_noise_static,high_alpha,deep_relaxation,7,0.511339639144697
p06_noise_static,high_alpha,deep_relaxation,8,0.444714137552012
p06_noise_static,high_alpha,deep_relaxation,9,0.482633078151515
p06_noise_static,high_alpha,deep_relaxation,10,0.430948716138794
p06_noise_static,high_alpha,deep_relaxation,11,0.446894696195363
p06_noise_static,high_alpha,deep_relaxation,12,0.623914567711017
p06_noise_static,high_alpha,deep_relaxation,13,0.432541057755196
p06_noise_static,high_alpha,deep_relaxation,14,0.438499860575489
p06_noise_static,high_alpha,deep_relaxation,15,0.556006774050928
p06_noise_static,high_alpha,deep_relaxation,16,0.435433718615821
p06_noise_static,high_alpha,deep_relaxation,17,0.497210098665235
p06_noise_static,high_alpha,deep_relaxation,18,0.418358176633217
p06_noise_static,high_alpha,deep_relaxation,19,0.458643032443822
p06_noise_static,high_alpha,deep_relaxation,20,0.431073304350211
p06_noise_static,high_alpha,deep_relaxation,21,0.418167613457307
p06_noise_static,high_alpha,deep_relaxation,22,0.408148622571105
p06_noise_static,high_alpha,deep_relaxation,23,0.488462039425072
p06_noise_static,high_alpha,deep_relaxation,24,0.421791918903578
p06_noise_static,high_alpha,deep_relaxation,25,0.463655797036901
p06_noise_static,high_alpha,deep_relaxation,26,0.413233156935005
p06_noise_static,high_alpha,deep_relaxation,27,0.506931845662316
p06_noise_static,high_alpha,deep_relaxation,28,0.469733975568732
p06_noise_static,high_alpha,deep_relaxation,29,0.435921746301112
p06_noise_static,high_alpha,deep_relaxation,30,0.383175562239469
p06_noise_static,high_alpha,deep_relaxation,31,0.473168026676673
p06_noise_static,high_alpha,deep_relaxation,32,0.621002471203901
p06_noise_static,high_alpha,deep_relaxation,33,0.851915988703510
p06_noise_static,high_alpha,deep_relaxation,34,0.475868640928097
p06_noise_static,high_alpha,deep_relaxation,35,0.477582143218710
p06_noise_static,high_alpha,deep_relaxation,36,0.438713777450231
p06_noise_static,high_alpha,deep_relaxation,37,0.448617450484055
p06_noise_static,high_alpha,deep_relaxation,38,0.586231818461437
p06_noise_static,high_alpha,deep_relaxation,39,0.424019353870351
p06_noise_static,high_alpha,deep_relaxation,40,0.522409339751483
p06_noise_static,high_alpha,deep_relaxation,41,0.448895122187118
p06_noise_static,high_alpha,deep_relaxation,42,0.504467330131566
p06_noise_static,high_alpha,deep_relaxation,43,0.401567893061212
p06_noise_static,high_alpha,deep_relaxation,44,0.414056925577360
p06_noise_static,high_alpha,deep_relaxation,45,0.533309145413471
p06_noise_static,high_alpha,deep_relaxation,46,0.480182947769121
p06_noise_static,high_alpha,deep_relaxation,47,0.437650280120400
p06_noise_static,high_alpha,deep_relaxation,48,0.456561655781829
p06_noise_static,high_alpha,deep_relaxation,49,0.556148040863451
p06_noise_static,high_alpha,deep_relaxation,50,0.446548300013457
p06_noise_static,high_alpha,deep_relaxation,51,0.453794167856068
p06_noise_static,high_alpha,deep_relaxation,52,0.445462337901570
p06_noise_static,high_alpha,deep_relaxation,53,0.491990353420798
p06_noise_static,high_alpha,deep_relaxation,54,0.531166587703837
p06_noise_static,high_alpha,deep_relaxation,55,0.421905400389939
p06_noise_static,high_alpha,deep_relaxation,56,0.442584767068322
p06_noise_static,high_alpha,deep_relaxation,57,0.455218758377685
p06_noise_static,high_alpha,deep_relaxation,58,0.462772154282130
p06_noise_static,high_alpha,deep_relaxation,59,0.449388559845497
p06_noise_static,high_alpha,deep_relaxation,60,0.428727613273645
p06_noise_static,high_alpha,deep_relaxation,61,0.443454167047241
p06_noise_static,high_alpha,deep_relaxation,62,0.436658551621696
p06_noise_static,high_alpha,deep_relaxation,63,0.438040799722237
p06_tone_control,high_alpha,deep_relaxation,0,0.404921463457412
p06_tone_control,high_alpha,deep_relaxation,1,0.409229524208240
p06_tone_control,high_alpha,deep_relaxation,2,0.402751972855891
p06_tone_control,high_alpha,deep_relaxation,3,0.406929323092437
p06_tone_control,high_alpha,deep_relaxation,4,0.409504307809702
p06_tone_control,high_alpha,deep_relaxation,5,0.410113385994238
p06_tone_control,high_alpha,deep_relaxation,6,0.408325073418638
p06_tone_control,high_alpha,deep_relaxation,7,0.401741513421360
p06_tone_control,high_alpha,deep_relaxation,8,0.403838356212481
p06_tone_control,high_alpha,deep_relaxation,9,0.406826278621344
p06_tone_control,high_alpha,deep_relaxation,10,0.402898158034559
p06_tone_control,high_alpha,deep_relaxation,11,0.402304037264721
p06_tone_control,high_alpha,deep_relaxation,12,0.419714222206954
p06_tone_control,high_alpha,deep_relaxation,13,0.407977722772162
p06_tone_control,high_alpha,deep_relaxation,14,0.403260108313942
p06_tone_control,high_alpha,deep_relaxation,15,0.413163159060719
p06_tone_control,high_alpha,deep_relaxation,16,0.417867882220879
p06_tone_control,high_alpha,deep_relaxation,17,0.414656406320929
p06_tone_control,high_alpha,deep_relaxation,18,0.405166503056953
p06_tone_control,high_alpha,deep_relaxation,19,0.412720144397629
p06_tone_control,high_alpha,deep_relaxation,20,0.406179691269740
p06_tone_control,high_alpha,deep_relaxation,21,0.403985822566459
p06_tone_control,high_alpha,deep_relaxation,22,0.414758442506448
p06_tone_control,high_alpha,deep_relaxation,23,0.407546397609693
p06_tone_control,high_alpha,deep_relaxation,24,0.400131761645341
p06_tone_control,high_alpha,deep_relaxation,25,0.406331537263292
p06_tone_control,high_alpha,deep_relaxation,26,0.408015117568995
p06_tone_control,high_alpha,deep_relaxation,27,0.409102053954321
p06_tone_control,high_alpha,deep_relaxation,28,0.406918216083478
p06_tone_control,high_alpha,deep_relaxation,29,0.399295317878202
p06_tone_control,high_alpha,deep_relaxation,30,0.415610744836899
p06_tone_control,high_alpha,deep_relaxation,31,0.406568884971964
p06_tone_control,high_alpha,deep_relaxation,32,0.404695665878990
p06_tone_control,high_alpha,deep_relaxation,33,0.405543318476815
p06_tone_control,high_alpha,deep_relaxation,34,0.411402467709111
p06_tone_control,high_alpha,deep_relaxation,35,0.407329550150046
p06_tone_control,high_alpha,deep_relaxation,36,0.402371475369210
p06_tone_control,high_alpha,deep_relaxation,37,0.404596843767285
p06_tone_control,high_alpha,deep_relaxation,38,0.413121920966370
p06_tone_control,high_alpha,deep_relaxation,39,0.403124460482239
p06_tone_control,high_alpha,deep_relaxation,40,0.402362895192432
p06_tone_control,high_alpha,deep_relaxation,41,0.412701113611551
p06_tone_control,high_alpha,deep_relaxation,42,0.406036937585756
p06_tone_control,high_alpha,deep_relaxation,43,0.407640757274334
p06_tone_control,high_alpha,deep_relaxation,44,0.404813561547210
p06_tone_control,high_alpha,deep_relaxation,45,0.409696220991265
p06_tone_control,high_alpha,deep_relaxation,46,0.406035717292043
p06_tone_control,high_alpha,deep_relaxation,47,0.406160781354168
p06_tone_control,high_alpha,deep_relaxation,48,0.410012691957476
p06_tone_control,high_alpha,deep_relaxation,49,0.403777929256340
p06_tone_control,high_alpha,deep_relaxation,50,0.408215908005817
p06_tone_control,high_alpha,deep_relaxation,51,0.416330641153616
p06_tone_control,high_alpha,deep_relaxation,52,0.406529585867763
p06_tone_control,high_alpha,deep_relaxation,53,0.405649314162652
p06_tone_control,high_alpha,deep_relaxation,54,0.412901818836109
p06_tone_control,high_alpha,deep_relaxation,55,0.406573190710163
p06_tone_control,high_alpha,deep_relaxation,56,0.401023837466296
p06_tone_control,high_alpha,deep_relaxation,57,0.407597615314872
p06_tone_control,high_alpha,deep_relaxation,58,0.408303712684218
p06_tone_control,high_alpha,deep_relaxation,59,0.402603344969667
p06_tone_control,high_alpha,deep_relaxation,60,0.403807965751130
p06_tone_control,high_alpha,deep_relaxation,61,0.408384410857435
p06_tone_control,high_alpha,deep_relaxation,62,0.405124666219111
p06_tone_control,high_alpha,deep_relaxation,63,0.404706536215223
p06_noise_random_pulse,high_alpha,deep_work,0,0.280764976896018
p06_noise_random_pulse,high_alpha,deep_work,1,0.270731240418052
p06_noise_random_pulse,high_alpha,deep_work,2,0.476087760696847
p06_noise_random_pulse,high_alpha,deep_work,3,0.276069952139538
p06_noise_random_pulse,high_alpha,deep_work,4,0.210993466188496
p06_noise_random_pulse,high_alpha,deep_work,5,0.343439393454320
p06_noise_random_pulse,high_alpha,deep_work,6,0.327205775898643
p06_noise_random_pulse,high_alpha,deep_work,7,0.307951115591879
p06_noise_random_pulse,high_alpha,deep_work,8,0.231968590693292
p06_noise_random_pulse,high_alpha,deep_work,9,0.254831629600163
p06_noise_random_pulse,high_alpha,deep_work,10,0.211733230815326
p06_noise_random_pulse,high_alpha,deep_work,11,0.332031227525587
p06_noise_random_pulse,high_alpha,deep_work,12,0.322443150291432
p06_noise_random_pulse,high_alpha,deep_work,13,0.281024689228773
p06_noise_random_pulse,high_alpha,deep_work,14,0.261735555868017
p06_noise_random_pulse,high_alpha,deep_work,15,0.287272927660462
p06_noise_random_pulse,high_alpha,deep_work,16,0.325620682139025
p06_noise_random_pulse,high_alpha,deep_work,17,0.290762602348174
p06_noise_random_pulse,high_alpha,deep_work,18,0.355540467098516
p06_noise_random_pulse,high_alpha,deep_work,19,0.272834784198444
p06_noise_random_pulse,high_alpha,deep_work,20,0.275699762022745
p06_noise_random_pulse,high_alpha,deep_work,21,0.313400048119396
p06_noise_random_pulse,high_alpha,deep_work,22,0.331020293250585
p06_noise_random_pulse,high_alpha,deep_work,23,0.251708193883418
p06_noise_random_pulse,high_alpha,deep_work,24,0.220349887549298
p06_noise_random_pulse,high_alpha,deep_work,25,0.161085214390152
p06_noise_random_pulse,high_alpha,deep_work,26,0.236420261326419
p06_noise_random_pulse,high_alpha,deep_work,27,0.176205033372386
p06_noise_random_pulse,high_alpha,deep_work,28,0.275269476164637
p06_noise_random_pulse,high_alpha,deep_work,29,0.295432922334379
p06_noise_random_pulse,high_alpha,deep_work,30,0.332123211278164
p06_noise_random_pulse,high_alpha,deep_work,31,0.147231413173643
p06_noise_random_pulse,high_alpha,deep_work,32,0.355876510556779
p06_noise_random_pulse,high_alpha,deep_work,33,0.333696057486535
p06_noise_random_pulse,high_alpha,deep_work,34,0.297853054810309
p06_noise_random_pulse,high_alpha,deep_work,35,0.352794875576064
p06_noise_random_pulse,high_alpha,deep_work,36,0.283468999727687
p06_noise_random_pulse,high_alpha,deep_work,37,0.324469294817358
p06_noise_random_pulse,high_alpha,deep_work,38,0.148496261031110
p06_noise_random_pulse,high_alpha,deep_work,39,0.158236046069596
p06_noise_random_pulse,high_alpha,deep_work,40,0.257796141527927
p06_noise_random_pulse,high_alpha,deep_work,41,0.268927214568629
p06_noise_random_pulse,high_alpha,deep_work,42,0.336282647248011
p06_noise_random_pulse,high_alpha,deep_work,43,0.220530866031696
p06_noise_random_pulse,high_alpha,deep_work,44,0.177546597624439
p06_noise_random_pulse,high_alpha,deep_work,45,0.295742789542736
p06_noise_random_pulse,high_alpha,deep_work,46,0.292903804922343
p06_noise_random_pulse,high_alpha,deep_work,47,0.225331488110196
p06_noise_random_pulse,high_alpha,deep_work,48,0.167414343439234
p06_noise_random_pulse,high_alpha,deep_work,49,0.351383355159652
p06_noise_random_pulse,high_alpha,deep_work,50,0.322081611016841
p06_noise_random_pulse,high_alpha,deep_work,51,0.265395202523485
p06_noise_random_pulse,high_alpha,deep_work,52,0.320990514300560
p06_noise_random_pulse,high_alpha,deep_work,53,0.284455672946306
p06_noise_random_pulse,high_alpha,deep_work,54,0.339687769512807
p06_noise_random_pulse,high_alpha,deep_work,55,0.369512001285242
p06_noise_random_pulse,high_alpha,deep_work,56,0.339770284819908
p06_noise_random_pulse,high_alpha,deep_work,57,0.309600585123864
p06_noise_random_pulse,high_alpha,deep_work,58,0.347507220556771
p06_noise_random_pulse,high_alpha,deep_work,59,0.254495100096468
p06_noise_random_pulse,high_alpha,deep_work,60,0.179589142860052
p06_noise_random_pulse,high_alpha,deep_work,61,0.373685246417238
p06_noise_random_pulse,high_alpha,deep_work,62,0.327757020302227
p06_noise_random_pulse,high_alpha,deep_work,63,0.244064048204596
p06_noise_random_walk,high_alpha,deep_work,0,0.148755997657566
p06_noise_random_walk,high_alpha,deep_work,1,0.317532605238352
p06_noise_random_walk,high_alpha,deep_work,2,0.350388542540840
p06_noise_random_walk,high_alpha,deep_work,3,0.303399373059183
p06_noise_random_walk,high_alpha,deep_work,4,0.330298147298542
p06_noise_random_walk,high_alpha,deep_work,5,0.325448860252148
p06_noise_random_walk,high_alpha,deep_work,6,0.333718887524275
p06_noise_random_walk,high_alpha,deep_work,7,0.283526515511700
p06_noise_random_walk,high_alpha,deep_work,8,0.274856000917554
p06_noise_random_walk,high_alpha,deep_work,9,0.321939527266429
p06_noise_random_walk,high_alpha,deep_work,10,0.284049896192688
p06_noise_random_walk,high_alpha,deep_work,11,0.357498141318048
p06_noise_random_walk,high_alpha,deep_work,12,0.329505667341521
p06_noise_random_walk,high_alpha,deep_work,13,0.406806047307056
p06_noise_random_walk,high_alpha,deep_work,14,0.337158058684741
p06_noise_random_walk,high_alpha,deep_work,15,0.364548927142750
p06_noise_random_walk,high_alpha,deep_work,16,0.356259547608298
p06_noise_random_walk,high_alpha,deep_work,17,0.346316174972573
p06_noise_random_walk,high_alpha,deep_work,18,0.345256899621281
p06_noise_random_walk,high_alpha,deep_work,19,0.235787366217628
p06_noise_random_walk,high_alpha,deep_work,20,0.268411296114098
p06_noise_random_walk,high_alpha,deep_work,21,0.327835823822761
p06_noise_random_walk,high_alpha,deep_work,22,0.359730272135154
p06_noise_random_walk,high_alpha,deep_work,23,0.229810865954476
p06_noise_random_walk,high_alpha,deep_work,24,0.314245851006934
p06_noise_random_walk,high_alpha,deep_work,25,0.227288358960143
p06_noise_random_walk,high_alpha,deep_work,26,0.294013855129325
p06_noise_random_walk,high_alpha,deep_work,27,0.327931632644229
p06_noise_random_walk,high_alpha,deep_work,28,0.341362183696107
p06_noise_random_walk,high_alpha,deep_work,29,0.342211613594463
p06_noise_random_walk,high_alpha,deep_work,30,0.225400337695606
p06_noise_random_walk,high_alpha,deep_work,31,0.285332230750473
p06_noise_random_walk,high_alpha,deep_work,32,0.358306435578469
p06_noise_random_walk,high_alpha,deep_work,33,0.348646315197196
p06_noise_random_walk,high_alpha,deep_work,34,0.299140785913143
p06_noise_random_walk,high_alpha,deep_work,35,0.286235269578564
p06_noise_random_walk,high_alpha,deep_work,36,0.343923099009333
p06_noise_random_walk,high_alpha,deep_work,37,0.340721228937151
p06_noise_random_walk,high_alpha,deep_work,38,0.280250799997257
p06_noise_random_walk,high_alpha,deep_work,39,0.315532647734645
p06_noise_random_walk,high_alpha,deep_work,40,0.322835867325473
p06_noise_random_walk,high_alpha,deep_work,41,0.283124180027485
p06_noise_random_walk,high_alpha,deep_work,42,0.281535453236377
p06_noise_random_walk,high_alpha,deep_work,43,0.318667268788385
p06_noise_random_walk,high_alpha,deep_work,44,0.311028088175456
p06_noise_random_walk,high_alpha,deep_work,45,0.311791459537820
p06_noise_random_walk,high_alpha,deep_work,46,0.390127546806924
p06_noise_random_walk,high_alpha,deep_work,47,0.358188982767238
p06_noise_random_walk,high_alpha,deep_work,48,0.295971367036165
p06_noise_random_walk,high_alpha,deep_work,49,0.335516214396751
p06_noise_random_walk,high_alpha,deep_work,50,0.336428476565858
p06_noise_random_walk,high_alpha,deep_work,51,0.241994858351587
p06_noise_random_walk,high_alpha,deep_work,52,0.329222427895545
p06_noise_random_walk,high_alpha,deep_work,53,0.283240925203284
p06_noise_random_walk,high_alpha,deep_work,54,0.265425334882058
p06_noise_random_walk,high_alpha,deep_work,55,0.263444003707271
p06_noise_random_walk,high_alpha,deep_work,56,0.329317745813775
p06_noise_random_walk,high_alpha,deep_work,57,0.246754704537911
p06_noise_random_walk,high_alpha,deep_work,58,0.375448507252803
p06_noise_random_walk,high_alpha,deep_work,59,0.335094447672140
p06_noise_random_walk,high_alpha,deep_work,60,0.375452092006811
p06_noise_random_walk,high_alpha,deep_work,61,0.284702564816517
p06_noise_random_walk,high_alpha,deep_work,62,0.299578521966382
p06_noise_random_walk,high_alpha,deep_work,63,0.220582382935336
p06_noise_room,high_alpha,deep_work,0,0.444597335959584
p06_noise_room,high_alpha,deep_work,1,0.311527463113559
p06_noise_room,high_alpha,deep_work,2,0.355251391473071
p06_noise_room,high_alpha,deep_work,3,0.249311539429348
p06_noise_room,high_alpha,deep_work,4,0.265492758361624
p06_noise_room,high_alpha,deep_work,5,0.299272806000889
p06_noise_room,high_alpha,deep_work,6,0.480597750189915
p06_noise_room,high_alpha,deep_work,7,0.289612389584666
p06_noise_room,high_alpha,deep_work,8,0.318752078678241
p06_noise_room,high_alpha,deep_work,9,0.306021490657619
p06_noise_room,high_alpha,deep_work,10,0.296020401594092
p06_noise_room,high_alpha,deep_work,11,0.334082682073138
p06_noise_room,high_alpha,deep_work,12,0.326979990438015
p06_noise_room,high_alpha,deep_work,13,0.333590677170731
p06_noise_room,high_alpha,deep_work,14,0.255504430731630
p06_noise_room,high_alpha,deep_work,15,0.272720806917359
p06_noise_room,high_alpha,deep_work,16,0.321974668036557
p06_noise_room,high_alpha,deep_work,17,0.316401361600103
p06_noise_room,high_alpha,deep_work,18,0.297972589107438
p06_noise_room,high_alpha,deep_work,19,0.297289596733685
p06_noise_room,high_alpha,deep_work,20,0.316837111841149
p06_noise_room,high_alpha,deep_work,21,0.318465530029198
p06_noise_room,high_alpha,deep_work,22,0.304550119429835
p06_noise_room,high_alpha,deep_work,23,0.318389167975380
p06_noise_room,high_alpha,deep_work,24,0.256182288963092
p06_noise_room,high_alpha,deep_work,25,0.274638366263004
p06_noise_room,high_alpha,deep_work,26,0.298210909692645
p06_noise_room,high_alpha,deep_work,27,0.282146050378874
p06_noise_room,high_alpha,deep_work,28,0.322459612585784
p06_noise_room,high_alpha,deep_work,29,0.250395071450207
p06_noise_room,high_alpha,deep_work,30,0.306495370719666
p06_noise_room,high_alpha,deep_work,31,0.253494267889183
p06_noise_room,high_alpha,deep_work,32,0.315507276032169
p06_noise_room,high_alpha,deep_work,33,0.329941212818583
p06_noise_room,high_alpha,deep_work,34,0.329632022267826
p06_noise_room,high_alpha,deep_work,35,0.295487897155747
p06_noise_room,high_alpha,deep_work,36,0.313242531751107
p06_noise_room,high_alpha,deep_work,37,0.327559170541719
p06_noise_room,high_alpha,deep_work,38,0.279191298331158
p06_noise_room,high_alpha,deep_work,39,0.352249031375375
p06_noise_room,high_alpha,deep_work,40,0.252775081354092
p06_noise_room,high_alpha,deep_work,41,0.277860075058072
p06_noise_room,high_alpha,deep_work,42,0.257435167714000
p06_noise_room,high_alpha,deep_work,43,0.345400263112721
p06_noise_room,high_alpha,deep_work,44,0.293610334979243
p06_noise_room,high_alpha,deep_work,45,0.298167733449466
p06_noise_room,high_alpha,deep_work,46,0.310534997587670
p06_noise_room,high_alpha,deep_work,47,0.348372960668168
p06_noise_room,high_alpha,deep_work,48,0.298856465860593
p06_noise_room,high_alpha,deep_work,49,0.322395891902217
p06_noise_room,high_alpha,deep_work,50,0.332691650608695
p06_noise_room,high_alpha,deep_work,51,0.299941267386753
p06_noise_room,high_alpha,deep_work,52,0.341998891078803
p06_noise_room,high_alpha,deep_work,53,0.309131690616823
p06_noise_room,high_alpha,deep_work,54,0.411378988108090
p06_noise_room,high_alpha,deep_work,55,0.314892002983983
p06_noise_room,high_alpha,deep_work,56,0.326123173736129
p06_noise_room,high_alpha,deep_work,57,0.360747261726831
p06_noise_room,high_alpha,deep_work,58,0.353405926429497
p06_noise_room,high_alpha,deep_work,59,0.246032250835565
p06_noise_room,high_alpha,deep_work,60,0.289131954489363
p06_noise_room,high_alpha,deep_work,61,0.301032956628970
p06_noise_room,high_alpha,deep_work,62,0.279311070545025
p06_noise_room,high_alpha,deep_work,63,0.353128743156471
p06_noise_static,high_alpha,deep_work,0,0.315389164149197
p06_noise_static,high_alpha,deep_work,1,0.295828429232528
p06_noise_static,high_alpha,deep_work,2,0.264419230749064
p06_noise_static,high_alpha,deep_work,3,0.308422676966101
p06_noise_static,high_alpha,deep_work,4,0.269636606394477
p06_noise_static,high_alpha,deep_work,5,0.328277322829421
p06_noise_static,high_alpha,deep_work,6,0.320618302205154
p06_noise_static,high_alpha,deep_work,7,0.268466853612567
p06_noise_static,high_alpha,deep_work,8,0.282401177150511
p06_noise_static,high_alpha,deep_work,9,0.314998498514877
p06_noise_static,high_alpha,deep_work,10,0.270664220448324
p06_noise_static,high_alpha,deep_work,11,0.270933146708513
p06_noise_static,high_alpha,deep_work,12,0.331439273148849
p06_noise_static,high_alpha,deep_work,13,0.285932059711007
p06_noise_static,high_alpha,deep_work,14,0.283616061483799
p06_noise_static,high_alpha,deep_work,15,0.286995790141321
p06_noise_static,high_alpha,deep_work,16,0.273324450451351
p06_noise_static,high_alpha,deep_work,17,0.341269324525496
p06_noise_static,high_alpha,deep_work,18,0.269765725238446
p06_noise_static,high_alpha,deep_work,19,0.278668741615304
p06_noise_static,high_alpha,deep_work,20,0.272082341158165
p06_noise_static,high_alpha,deep_work,21,0.267719388248246
p06_noise_static,high_alpha,deep_work,22,0.279499528872669
p06_noise_static,high_alpha,deep_work,23,0.278074518895741
p06_noise_static,high_alpha,deep_work,24,0.267676838112342
p06_noise_static,high_alpha,deep_work,25,0.264799574494052
p06_noise_static,high_alpha,deep_work,26,0.264512069815352
p06_noise_static,high_alpha,deep_work,27,0.299189497918740
p06_noise_static,high_alpha,deep_work,28,0.273797456690907
p06_noise_static,high_alpha,deep_work,29,0.270563896368013
p06_noise_static,high_alpha,deep_work,30,0.265282154102414
p06_noise_static,high_alpha,deep_work,31,0.339200682796323
p06_noise_static,high_alpha,deep_work,32,0.254066759953377
p06_noise_static,high_alpha,deep_work,33,0.453403914024749
p06_noise_static,high_alpha,deep_work,34,0.271397040140079
p06_noise_static,high_alpha,deep_work,35,0.303684035088722
p06_noise_static,high_alpha,deep_work,36,0.272300707045028
p06_noise_static,high_alpha,deep_work,37,0.277761188822836
p06_noise_static,high_alpha,deep_work,38,0.319191106341604
p06_noise_static,high_alpha,deep_work,39,0.267704389613849
p06_noise_static,high_alpha,deep_work,40,0.287254749576401
p06_noise_static,high_alpha,deep_work,41,0.275906226892726
p06_noise_static,high_alpha,deep_work,42,0.330267239113482
p06_noise_static,high_alpha,deep_work,43,0.257489894213521
p06_noise_static,high_alpha,deep_work,44,0.223130897687870
p06_noise_static,high_alpha,deep_work,45,0.325274661194148
p06_noise_static,high_alpha,deep_work,46,0.335240419182947
p06_noise_static,high_alpha,deep_work,47,0.276082767124470
p06_noise_static,high_alpha,deep_work,48,0.266364725987320
p06_noise_static,high_alpha,deep_work,49,0.269123350814400
p06_noise_static,high_alpha,deep_work,50,0.286702468526899
p06_noise_static,high_alpha,deep_work,51,0.308309270333176
p06_noise_static,high_alpha,deep_work,52,0.272476973866270
p06_noise_static,high_alpha,deep_work,53,0.340353447706381
p06_noise_static,high_alpha,deep_work,54,0.327398761133442
p06_noise_static,high_alpha,deep_work,55,0.271577820091951
p06_noise_static,high_alpha,deep_work,56,0.275352653196259
p06_noise_static,high_alpha,deep_work,57,0.300852663004704
p06_noise_static,high_alpha,deep_work,58,0.304782253104538
p06_noise_static,high_alpha,deep_work,59,0.272243511031501
p06_noise_static,high_alpha,deep_work,60,0.270915781764920
p06_noise_static,high_alpha,deep_work,61,0.312146114472792
p06_noise_static,high_alpha,deep_work,62,0.272889264478413
p06_noise_static,high_alpha,deep_work,63,0.291276273345466
p06_tone_control,high_alpha,deep_work,0,0.199160679726329
p06_tone_control,high_alpha,deep_work,1,0.198694101514144
p06_tone_control,high_alpha,deep_work,2,0.188448877840025
p06_tone_control,high_alpha,deep_work,3,0.197144746546494
p06_tone_control,high_alpha,deep_work,4,0.197922875458041
p06_tone_control,high_alpha,deep_work,5,0.196503108992405
p06_tone_control,high_alpha,deep_work,6,0.201081420570520
p06_tone_control,high_alpha,deep_work,7,0.186542357002881
p06_tone_control,high_alpha,deep_work,8,0.198463430102636
p06_tone_control,high_alpha,deep_work,9,0.196840903679336
p06_tone_control,high_alpha,deep_work,10,0.185025147675845
p06_tone_control,high_alpha,deep_work,11,0.187362630161096
p06_tone_control,high_alpha,deep_work,12,0.219665452441667
p06_tone_control,high_alpha,deep_work,13,0.198948821931055
p06_tone_control,high_alpha,deep_work,14,0.188773127546494
p06_tone_control,high_alpha,deep_work,15,0.207982942522971
p06_tone_control,high_alpha,deep_work,16,0.215771008864379
p06_tone_control,high_alpha,deep_work,17,0.208517826510556
p06_tone_control,high_alpha,deep_work,18,0.192610597084784
p06_tone_control,high_alpha,deep_work,19,0.217100153082180
p06_tone_control,high_alpha,deep_work,20,0.192768246692287
p06_tone_control,high_alpha,deep_work,21,0.186608423215897
p06_tone_control,high_alpha,deep_work,22,0.218318061682679
p06_tone_control,high_alpha,deep_work,23,0.201206348217035
p06_tone_control,high_alpha,deep_work,24,0.177916622686902
p06_tone_control,high_alpha,deep_work,25,0.195046374820718
p06_tone_control,high_alpha,deep_work,26,0.199452153484937
p06_tone_control,high_alpha,deep_work,27,0.198894514371885
p06_tone_control,high_alpha,deep_work,28,0.195799598083463
p06_tone_control,high_alpha,deep_work,29,0.183014374000291
p06_tone_control,high_alpha,deep_work,30,0.219763243934165
p06_tone_control,high_alpha,deep_work,31,0.191776428379188
p06_tone_control,high_alpha,deep_work,32,0.191700761511343
p06_tone_control,high_alpha,deep_work,33,0.192525400102265
p06_tone_control,high_alpha,deep_work,34,0.201556768300414
p06_tone_control,high_alpha,deep_work,35,0.198920676915019
p06_tone_control,high_alpha,deep_work,36,0.190078859504170
p06_tone_control,high_alpha,deep_work,37,0.191679561830955
p06_tone_control,high_alpha,deep_work,38,0.207809083834369
p06_tone_control,high_alpha,deep_work,39,0.185210031822860
p06_tone_control,high_alpha,deep_work,40,0.187385484837423
p06_tone_control,high_alpha,deep_work,41,0.203928616549245
p06_tone_control,high_alpha,deep_work,42,0.188711927393181
p06_tone_control,high_alpha,deep_work,43,0.195203320812453
p06_tone_control,high_alpha,deep_work,44,0.186185526668329
p06_tone_control,high_alpha,deep_work,45,0.206303106235835
p06_tone_control,high_alpha,deep_work,46,0.189343361050801
p06_tone_control,high_alpha,deep_work,47,0.192088148500910
p06_tone_control,high_alpha,deep_work,48,0.200354385401513
p06_tone_control,high_alpha,deep_work,49,0.185765461373321
p06_tone_control,high_alpha,deep_work,50,0.194430945757796
p06_tone_control,high_alpha,deep_work,51,0.211106047771068
p06_tone_control,high_alpha,deep_work,52,0.198852062578162
p06_tone_control,high_alpha,deep_work,53,0.185958980636715
p06_tone_control,high_alpha,deep_work,54,0.205793582191715
p06_tone_control,high_alpha,deep_work,55,0.190956153369071
p06_tone_control,high_alpha,deep_work,56,0.190391116136674
p06_tone_control,high_alpha,deep_work,57,0.194357976594369
p06_tone_control,high_alpha,deep_work,58,0.193544217727584
p06_tone_control,high_alpha,deep_work,59,0.185742082324207
p06_tone_control,high_alpha,deep_work,60,0.192143638049252
p06_tone_control,high_alpha,deep_work,61,0.199047625900323
p06_tone_control,high_alpha,deep_work,62,0.190646206327569
p06_tone_control,high_alpha,deep_work,63,0.190531511352012
p06_noise_random_pulse,high_alpha,flow,0,0.293913446194336
p06_noise_random_pulse,high_alpha,flow,1,0.270104629501920
p06_noise_random_pulse,high_alpha,flow,2,0.354420996515823
p06_noise_random_pulse,high_alpha,flow,3,0.331584879776710
p06_noise_random_pulse,high_alpha,flow,4,0.260964958915540
p06_noise_random_pulse,high_alpha,flow,5,0.368274071883689
p06_noise_random_pulse,high_alpha,flow,6,0.358333554719968
p06_noise_random_pulse,high_alpha,flow,7,0.305292364692795
p06_noise_random_pulse,high_alpha,flow,8,0.279963343146479
p06_noise_random_pulse,high_alpha,flow,9,0.317287347348699
p06_noise_random_pulse,high_alpha,flow,10,0.274723446551052
p06_noise_random_pulse,high_alpha,flow,11,0.336154144788440
p06_noise_random_pulse,high_alpha,flow,12,0.331189236335302
p06_noise_random_pulse,high_alpha,flow,13,0.281857167966127
p06_noise_random_pulse,high_alpha,flow,14,0.316417796735825
p06_noise_random_pulse,high_alpha,flow,15,0.345459518802528
p06_noise_random_pulse,high_alpha,flow,16,0.339623467572434
p06_noise_random_pulse,high_alpha,flow,17,0.297906060347732
p06_noise_random_pulse,high_alpha,flow,18,0.376207631880691
p06_noise_random_pulse,high_alpha,flow,19,0.320891655703062
p06_noise_random_pulse,high_alpha,flow,20,0.310483652254387
p06_noise_random_pulse,high_alpha,flow,21,0.336984778229628
p06_noise_random_pulse,high_alpha,flow,22,0.349463505910395
p06_noise_random_pulse,high_alpha,flow,23,0.303609504696862
p06_noise_random_pulse,high_alpha,flow,24,0.270533722717580
p06_noise_random_pulse,high_alpha,flow,25,0.169797746054421
p06_noise_random_pulse,high_alpha,flow,26,0.297064172426590
p06_noise_random_pulse,high_alpha,flow,27,0.179934316258280
p06_noise_random_pulse,high_alpha,flow,28,0.280837997914810
p06_noise_random_pulse,high_alpha,flow,29,0.304532176738870
p06_noise_random_pulse,high_alpha,flow,30,0.342023613580820
p06_noise_random_pulse,high_alpha,flow,31,0.150779115355304
p06_noise_random_pulse,high_alpha,flow,32,0.368420453412192
p06_noise_random_pulse,high_alpha,flow,33,0.345615762609966
p06_noise_random_pulse,high_alpha,flow,34,0.359687322795948
p06_noise_random_pulse,high_alpha,flow,35,0.376120853172421
p06_noise_random_pulse,high_alpha,flow,36,0.283124343379559
p06_noise_random_pulse,high_alpha,flow,37,0.344652979491031
p06_noise_random_pulse,high_alpha,flow,38,0.150406747525062
p06_noise_random_pulse,high_alpha,flow,39,0.160681935305669
p06_noise_random_pulse,high_alpha,flow,40,0.317766008944262
p06_noise_random_pulse,high_alpha,flow,41,0.312490895466979
p06_noise_random_pulse,high_alpha,flow,42,0.312834060454828
p06_noise_random_pulse,high_alpha,flow,43,0.276394567446053
p06_noise_random_pulse,high_alpha,flow,44,0.158708657768872
p06_noise_random_pulse,high_alpha,flow,45,0.301916048710334
p06_noise_random_pulse,high_alpha,flow,46,0.280755056811237
p06_noise_random_pulse,high_alpha,flow,47,0.281224605568606
p06_noise_random_pulse,high_alpha,flow,48,0.159034162077310
p06_noise_random_pulse,high_alpha,flow,49,0.373854871132629
p06_noise_random_pulse,high_alpha,flow,50,0.339235900915795
p06_noise_random_pulse,high_alpha,flow,51,0.266628294788619
p06_noise_random_pulse,high_alpha,flow,52,0.333941777770948
p06_noise_random_pulse,high_alpha,flow,53,0.300694158714826
p06_noise_random_pulse,high_alpha,flow,54,0.332681497389578
p06_noise_random_pulse,high_alpha,flow,55,0.393554754046545
p06_noise_random_pulse,high_alpha,flow,56,0.362541422967049
p06_noise_random_pulse,high_alpha,flow,57,0.351853799795271
p06_noise_random_pulse,high_alpha,flow,58,0.359867570386925
p06_noise_random_pulse,high_alpha,flow,59,0.318367561987127
p06_noise_random_pulse,high_alpha,flow,60,0.171902668731683
p06_noise_random_pulse,high_alpha,flow,61,0.371243637402202
p06_noise_random_pulse,high_alpha,flow,62,0.329800132746175
p06_noise_random_pulse,high_alpha,flow,63,0.300616329380177
p06_noise_random_walk,high_alpha,flow,0,0.157493556364648
p06_noise_random_walk,high_alpha,flow,1,0.398372066432856
p06_noise_random_walk,high_alpha,flow,2,0.404795845677920
p06_noise_random_walk,high_alpha,flow,3,0.333845634945262
p06_noise_random_walk,high_alpha,flow,4,0.347689101839737
p06_noise_random_walk,high_alpha,flow,5,0.346776116211075
p06_noise_random_walk,high_alpha,flow,6,0.341957902617014
p06_noise_random_walk,high_alpha,flow,7,0.282788457995258
p06_noise_random_walk,high_alpha,flow,8,0.273804069231696
p06_noise_random_walk,high_alpha,flow,9,0.381803631701500
p06_noise_random_walk,high_alpha,flow,10,0.288351446791327
p06_noise_random_walk,high_alpha,flow,11,0.375484951757714
p06_noise_random_walk,high_alpha,flow,12,0.324866411944851
p06_noise_random_walk,high_alpha,flow,13,0.377321307747726
p06_noise_random_walk,high_alpha,flow,14,0.361965037107768
p06_noise_random_walk,high_alpha,flow,15,0.371382861867805
p06_noise_random_walk,high_alpha,flow,16,0.360597297753364
p06_noise_random_walk,high_alpha,flow,17,0.355756172872258
p06_noise_random_walk,high_alpha,flow,18,0.359875946404465
p06_noise_random_walk,high_alpha,flow,19,0.329088802230919
p06_noise_random_walk,high_alpha,flow,20,0.272800349935684
p06_noise_random_walk,high_alpha,flow,21,0.325271350626600
p06_noise_random_walk,high_alpha,flow,22,0.379199286301198
p06_noise_random_walk,high_alpha,flow,23,0.325367801829180
p06_noise_random_walk,high_alpha,flow,24,0.307892409177549
p06_noise_random_walk,high_alpha,flow,25,0.286907721428202
p06_noise_random_walk,high_alpha,flow,26,0.365690604504730
p06_noise_random_walk,high_alpha,flow,27,0.346883472812964
p06_noise_random_walk,high_alpha,flow,28,0.360160483563979
p06_noise_random_walk,high_alpha,flow,29,0.371850255871094
p06_noise_random_walk,high_alpha,flow,30,0.309301872369711
p06_noise_random_walk,high_alpha,flow,31,0.291513226713910
p06_noise_random_walk,high_alpha,flow,32,0.374597984813134
p06_noise_random_walk,high_alpha,flow,33,0.366820394613138
p06_noise_random_walk,high_alpha,flow,34,0.304932465507188
p06_noise_random_walk,high_alpha,flow,35,0.279884095902681
p06_noise_random_walk,high_alpha,flow,36,0.421274812048583
p06_noise_random_walk,high_alpha,flow,37,0.355558501008540
p06_noise_random_walk,high_alpha,flow,38,0.298819112543061
p06_noise_random_walk,high_alpha,flow,39,0.336253036696067
p06_noise_random_walk,high_alpha,flow,40,0.354703332607912
p06_noise_random_walk,high_alpha,flow,41,0.288059322688795
p06_noise_random_walk,high_alpha,flow,42,0.278106572578773
p06_noise_random_walk,high_alpha,flow,43,0.330335394525728
p06_noise_random_walk,high_alpha,flow,44,0.335685060153235
p06_noise_random_walk,high_alpha,flow,45,0.320829879117325
p06_noise_random_walk,high_alpha,flow,46,0.388530522004482
p06_noise_random_walk,high_alpha,flow,47,0.366685915160607
p06_noise_random_walk,high_alpha,flow,48,0.316404463712721
p06_noise_random_walk,high_alpha,flow,49,0.363648311940449
p06_noise_random_walk,high_alpha,flow,50,0.345579651363062
p06_noise_random_walk,high_alpha,flow,51,0.318818383142534
p06_noise_random_walk,high_alpha,flow,52,0.341525957407170
p06_noise_random_walk,high_alpha,flow,53,0.293833078306597
p06_noise_random_walk,high_alpha,flow,54,0.335977023237022
p06_noise_random_walk,high_alpha,flow,55,0.329684826299180
p06_noise_random_walk,high_alpha,flow,56,0.337560228732068
p06_noise_random_walk,high_alpha,flow,57,0.302406446398575
p06_noise_random_walk,high_alpha,flow,58,0.382474420265886
p06_noise_random_walk,high_alpha,flow,59,0.391574386096358
p06_noise_random_walk,high_alpha,flow,60,0.397475946725064
p06_noise_random_walk,high_alpha,flow,61,0.289504196602043
p06_noise_random_walk,high_alpha,flow,62,0.306580493305726
p06_noise_random_walk,high_alpha,flow,63,0.383582347814404
p06_noise_room,high_alpha,flow,0,0.306123532530072
p06_noise_room,high_alpha,flow,1,0.331774995034314
p06_noise_room,high_alpha,flow,2,0.292083528920336
p06_noise_room,high_alpha,flow,3,0.296713007922646
p06_noise_room,high_alpha,flow,4,0.275939007515692
p06_noise_room,high_alpha,flow,5,0.369508414357049
p06_noise_room,high_alpha,flow,6,0.291506532992572
p06_noise_room,high_alpha,flow,7,0.312661548258164
p06_noise_room,high_alpha,flow,8,0.332834419113473
p06_noise_room,high_alpha,flow,9,0.328789574568577
p06_noise_room,high_alpha,flow,10,0.378147741190199
p06_noise_room,high_alpha,flow,11,0.367032721800707
p06_noise_room,high_alpha,flow,12,0.362553603745316
p06_noise_room,high_alpha,flow,13,0.366561975574191
p06_noise_room,high_alpha,flow,14,0.245350091212176
p06_noise_room,high_alpha,flow,15,0.273657133626224
p06_noise_room,high_alpha,flow,16,0.333616465358254
p06_noise_room,high_alpha,flow,17,0.321435600226328
p06_noise_room,high_alpha,flow,18,0.310723607713934
p06_noise_room,high_alpha,flow,19,0.294465391757424
p06_noise_room,high_alpha,flow,20,0.344038945062221
p06_noise_room,high_alpha,flow,21,0.365691151224298
p06_noise_room,high_alpha,flow,22,0.321466724378164
p06_noise_room,high_alpha,flow,23,0.347598911911598
p06_noise_room,high_alpha,flow,24,0.299716443740194
p06_noise_room,high_alpha,flow,25,0.278383239536148
p06_noise_room,high_alpha,flow,26,0.303307950977944
p06_noise_room,high_alpha,flow,27,0.286648548529422
p06_noise_room,high_alpha,flow,28,0.347457711080280
p06_noise_room,high_alpha,flow,29,0.327273880117177
p06_noise_room,high_alpha,flow,30,0.309161629260673
p06_noise_room,high_alpha,flow,31,0.267334555416711
p06_noise_room,high_alpha,flow,32,0.337823371723665
p06_noise_room,high_alpha,flow,33,0.361241081730671
p06_noise_room,high_alpha,flow,34,0.354774074428177
p06_noise_room,high_alpha,flow,35,0.307722037208724
p06_noise_room,high_alpha,flow,36,0.319483277891203
p06_noise_room,high_alpha,flow,37,0.354022328611852
p06_noise_room,high_alpha,flow,38,0.346899869621410
p06_noise_room,high_alpha,flow,39,0.380794608412978
p06_noise_room,high_alpha,flow,40,0.256962169280321
p06_noise_room,high_alpha,flow,41,0.297544920694842
p06_noise_room,high_alpha,flow,42,0.307982970546625
p06_noise_room,high_alpha,flow,43,0.344836543124203
p06_noise_room,high_alpha,flow,44,0.358418608006688
p06_noise_room,high_alpha,flow,45,0.325802839851954
p06_noise_room,high_alpha,flow,46,0.338282737605482
p06_noise_room,high_alpha,flow,47,0.373447737645286
p06_noise_room,high_alpha,flow,48,0.318102907979773
p06_noise_room,high_alpha,flow,49,0.340258325811175
p06_noise_room,high_alpha,flow,50,0.322106720252802
p06_noise_room,high_alpha,flow,51,0.325085587378454
p06_noise_room,high_alpha,flow,52,0.371272596200935
p06_noise_room,high_alpha,flow,53,0.326567987545393
p06_noise_room,high_alpha,flow,54,0.368881540659194
p06_noise_room,high_alpha,flow,55,0.351140276637728
p06_noise_room,high_alpha,flow,56,0.297577614964958
p06_noise_room,high_alpha,flow,57,0.308670501911743
p06_noise_room,high_alpha,flow,58,0.390158720186315
p06_noise_room,high_alpha,flow,59,0.269669970778177
p06_noise_room,high_alpha,flow,60,0.315505556885916
p06_noise_room,high_alpha,flow,61,0.300743157015368
p06_noise_room,high_alpha,flow,62,0.291801963019492
p06_noise_room,high_alpha,flow,63,0.377709439416798
p06_noise_static,high_alpha,flow,0,0.341167361456809
p06_noise_static,high_alpha,flow,1,0.325552357556931
p06_noise_static,high_alpha,flow,2,0.273074022882891
p06_noise_static,high_alpha,flow,3,0.326230434976419
p06_noise_static,high_alpha,flow,4,0.288733420871065
p06_noise_static,high_alpha,flow,5,0.354687751685561
p06_noise_static,high_alpha,flow,6,0.343007636758966
p06_noise_static,high_alpha,flow,7,0.283513660606298
p06_noise_static,high_alpha,flow,8,0.304863237637869
p06_noise_static,high_alpha,flow,9,0.340264997401769
p06_noise_static,high_alpha,flow,10,0.293632901455346
p06_noise_static,high_alpha,flow,11,0.285380350049592
p06_noise_static,high_alpha,flow,12,0.341475409991551
p06_noise_static,high_alpha,flow,13,0.306645091048430
p06_noise_static,high_alpha,flow,14,0.296720293922679
p06_noise_static,high_alpha,flow,15,0.299158007193984
p06_noise_static,high_alpha,flow,16,0.289125676663526
p06_noise_static,high_alpha,flow,17,0.367774192895317
p06_noise_static,high_alpha,flow,18,0.287200435928089
p06_noise_static,high_alpha,flow,19,0.295107618407947
p06_noise_static,high_alpha,flow,20,0.292009211610833
p06_noise_static,high_alpha,flow,21,0.288196687980439
p06_noise_static,high_alpha,flow,22,0.286169082099303
p06_noise_static,high_alpha,flow,23,0.293167040426069
p06_noise_static,high_alpha,flow,24,0.285491687266966
p06_noise_static,high_alpha,flow,25,0.285204947975031
p06_noise_static,high_alpha,flow,26,0.279410498354410
p06_noise_static,high_alpha,flow,27,0.315655199820155
p06_noise_static,high_alpha,flow,28,0.348129780944701
p06_noise_static,high_alpha,flow,29,0.291354351722034
p06_noise_static,high_alpha,flow,30,0.268109345570644
p06_noise_static,high_alpha,flow,31,0.364313490814233
p06_noise_static,high_alpha,flow,32,0.311682694637468
p06_noise_static,high_alpha,flow,33,0.382118072618730
p06_noise_static,high_alpha,flow,34,0.298730579923554
p06_noise_static,high_alpha,flow,35,0.329473337089016
p06_noise_static,high_alpha,flow,36,0.286895512798341
p06_noise_static,high_alpha,flow,37,0.303999864567393
p06_noise_static,high_alpha,flow,38,0.304928770056590
p06_noise_static,high_alpha,flow,39,0.280635644114829
p06_noise_static,high_alpha,flow,40,0.299436407067860
p06_noise_static,high_alpha,flow,41,0.299456595236258
p06_noise_static,high_alpha,flow,42,0.363577021669249
p06_noise_static,high_alpha,flow,43,0.271728327559708
p06_noise_static,high_alpha,flow,44,0.360355446710655
p06_noise_static,high_alpha,flow,45,0.346177239669724
p06_noise_static,high_alpha,flow,46,0.365025910124464
p06_noise_static,high_alpha,flow,47,0.294588012191182
p06_noise_static,high_alpha,flow,48,0.281050385995346
p06_noise_static,high_alpha,flow,49,0.286447926645113
p06_noise_static,high_alpha,flow,50,0.312784099405869
p06_noise_static,high_alpha,flow,51,0.327977652789470
p06_noise_static,high_alpha,flow,52,0.298768187262630
p06_noise_static,high_alpha,flow,53,0.371885551634233
p06_noise_static,high_alpha,flow,54,0.359488068487956
p06_noise_static,high_alpha,flow,55,0.283034203834931
p06_noise_static,high_alpha,flow,56,0.289408343453128
p06_noise_static,high_alpha,flow,57,0.327734886432795
p06_noise_static,high_alpha,flow,58,0.315529832397190
p06_noise_static,high_alpha,flow,59,0.294334071753523
p06_noise_static,high_alpha,flow,60,0.288886037160282
p06_noise_static,high_alpha,flow,61,0.329165193451616
p06_noise_static,high_alpha,flow,62,0.296060956630430
p06_noise_static,high_alpha,flow,63,0.310439234842603
p06_tone_control,high_alpha,flow,0,0.178884260206959
p06_tone_control,high_alpha,flow,1,0.182970262912932
p06_tone_control,high_alpha,flow,2,0.193358891917572
p06_tone_control,high_alpha,flow,3,0.183159927438836
p06_tone_control,high_alpha,flow,4,0.184635678881116
p06_tone_control,high_alpha,flow,5,0.184763164310479
p06_tone_control,high_alpha,flow,6,0.179263693345732
p06_tone_control,high_alpha,flow,7,0.195367152021733
p06_tone_control,high_alpha,flow,8,0.180505836448596
p06_tone_control,high_alpha,flow,9,0.184457393156439
p06_tone_control,high_alpha,flow,10,0.199240282860256
p06_tone_control,high_alpha,flow,11,0.195421383067428
p06_tone_control,high_alpha,flow,12,0.163019361768709
p06_tone_control,high_alpha,flow,13,0.181790019609587
p06_tone_control,high_alpha,flow,14,0.193685807178988
p06_tone_control,high_alpha,flow,15,0.173941314402000
p06_tone_control,high_alpha,flow,16,0.166400046759312
p06_tone_control,high_alpha,flow,17,0.174420700360466
p06_tone_control,high_alpha,flow,18,0.188914199720419
p06_tone_control,high_alpha,flow,19,0.161986065803330
p06_tone_control,high_alpha,flow,20,0.189971265198435
p06_tone_control,high_alpha,flow,21,0.196483887400891
p06_tone_control,high_alpha,flow,22,0.160652963532788
p06_tone_control,high_alpha,flow,23,0.179876394921198
p06_tone_control,high_alpha,flow,24,0.209573281464475
p06_tone_control,high_alpha,flow,25,0.187377082846475
p06_tone_control,high_alpha,flow,26,0.181502827927403
p06_tone_control,high_alpha,flow,27,0.181580366497570
p06_tone_control,high_alpha,flow,28,0.185761627408895
p06_tone_control,high_alpha,flow,29,0.198909711204920
p06_tone_control,high_alpha,flow,30,0.160105059600858
p06_tone_control,high_alpha,flow,31,0.191788170911502
p06_tone_control,high_alpha,flow,32,0.190234136965247
p06_tone_control,high_alpha,flow,33,0.189054391723493
p06_tone_control,high_alpha,flow,34,0.181233592234723
p06_tone_control,high_alpha,flow,35,0.180785696959061
p06_tone_control,high_alpha,flow,36,0.189719839086043
p06_tone_control,high_alpha,flow,37,0.190070265610718
p06_tone_control,high_alpha,flow,38,0.173517641279033
p06_tone_control,high_alpha,flow,39,0.198001520292863
p06_tone_control,high_alpha,flow,40,0.195263542340103
p06_tone_control,high_alpha,flow,41,0.178334038931127
p06_tone_control,high_alpha,flow,42,0.195869164037829
p06_tone_control,high_alpha,flow,43,0.186721930286795
p06_tone_control,high_alpha,flow,44,0.198653703607895
p06_tone_control,high_alpha,flow,45,0.172705809515598
p06_tone_control,high_alpha,flow,46,0.193186073852882
p06_tone_control,high_alpha,flow,47,0.191006924906561
p06_tone_control,high_alpha,flow,48,0.181389480955309
p06_tone_control,high_alpha,flow,49,0.197887366052409
p06_tone_control,high_alpha,flow,50,0.189602878542141
p06_tone_control,high_alpha,flow,51,0.171323519509530
p06_tone_control,high_alpha,flow,52,0.181171115660481
p06_tone_control,high_alpha,flow,53,0.199827877936588
p06_tone_control,high_alpha,flow,54,0.177005429350092
p06_tone_control,high_alpha,flow,55,0.192380376762138
p06_tone_control,high_alpha,flow,56,0.190500363951333
p06_tone_control,high_alpha,flow,57,0.188220153499422
p06_tone_control,high_alpha,flow,58,0.189129722399570
p06_tone_control,high_alpha,flow,59,0.198230783172160
p06_tone_control,high_alpha,flow,60,0.187457251997386
p06_tone_control,high_alpha,flow,61,0.181340833962709
p06_tone_control,high_alpha,flow,62,0.191445123716807
p06_tone_control,high_alpha,flow,63,0.191675894745787
p06_noise_random_pulse,high_alpha,focus,0,0.143814220922945
p06_noise_random_pulse,high_alpha,focus,1,0.141348349444521
p06_noise_random_pulse,high_alpha,focus,2,0.253184698728507
p06_noise_random_pulse,high_alpha,focus,3,0.191139457858847
p06_noise_random_pulse,high_alpha,focus,4,0.114553515359846
p06_noise_random_pulse,high_alpha,focus,5,0.223336903240048
p06_noise_random_pulse,high_alpha,focus,6,0.210510565034139
p06_noise_random_pulse,high_alpha,focus,7,0.183408772352960
p06_noise_random_pulse,high_alpha,focus,8,0.140954652593726
p06_noise_random_pulse,high_alpha,focus,9,0.161789086017437
p06_noise_random_pulse,high_alpha,focus,10,0.106663841963190
p06_noise_random_pulse,high_alpha,focus,11,0.175604830294962
p06_noise_random_pulse,high_alpha,focus,12,0.182483028967323
p06_noise_random_pulse,high_alpha,focus,13,0.152534476825328
p06_noise_random_pulse,high_alpha,focus,14,0.180768758664274
p06_noise_random_pulse,high_alpha,focus,15,0.206405599977510
p06_noise_random_pulse,high_alpha,focus,16,0.199847457905295
p06_noise_random_pulse,high_alpha,focus,17,0.159962389281514
p06_noise_random_pulse,high_alpha,focus,18,0.240371615943773
p06_noise_random_pulse,high_alpha,focus,19,0.192708136256011
p06_noise_random_pulse,high_alpha,focus,20,0.208668430876218
p06_noise_random_pulse,high_alpha,focus,21,0.185595856438611
p06_noise_random_pulse,high_alpha,focus,22,0.208168218302540
p06_noise_random_pulse,high_alpha,focus,23,0.162803284444970
p06_noise_random_pulse,high_alpha,focus,24,0.123374990697523
p06_noise_random_pulse,high_alpha,focus,25,0.077174121088620
p06_noise_random_pulse,high_alpha,focus,26,0.140569449175109
p06_noise_random_pulse,high_alpha,focus,27,0.082318260469114
p06_noise_random_pulse,high_alpha,focus,28,0.136688019900597
p06_noise_random_pulse,high_alpha,focus,29,0.175966521832299
p06_noise_random_pulse,high_alpha,focus,30,0.206738027938770
p06_noise_random_pulse,high_alpha,focus,31,0.060636868250146
p06_noise_random_pulse,high_alpha,focus,32,0.256254239475285
p06_noise_random_pulse,high_alpha,focus,33,0.210074513271390
p06_noise_random_pulse,high_alpha,focus,34,0.216948651887631
p06_noise_random_pulse,high_alpha,focus,35,0.241257064231750
p06_noise_random_pulse,high_alpha,focus,36,0.153563847206228
p06_noise_random_pulse,high_alpha,focus,37,0.201723502068025
p06_noise_random_pulse,high_alpha,focus,38,0.059610018316841
p06_noise_random_pulse,high_alpha,focus,39,0.076695856742054
p06_noise_random_pulse,high_alpha,focus,40,0.164425769166729
p06_noise_random_pulse,high_alpha,focus,41,0.184630602255100
p06_noise_random_pulse,high_alpha,focus,42,0.198403168063210
p06_noise_random_pulse,high_alpha,focus,43,0.118919821980695
p06_noise_random_pulse,high_alpha,focus,44,0.083858972293869
p06_noise_random_pulse,high_alpha,focus,45,0.172013646225597
p06_noise_random_pulse,high_alpha,focus,46,0.173770611560221
p06_noise_random_pulse,high_alpha,focus,47,0.125540381313823
p06_noise_random_pulse,high_alpha,focus,48,0.084028501454808
p06_noise_random_pulse,high_alpha,focus,49,0.229671450820011
p06_noise_random_pulse,high_alpha,focus,50,0.205837351466183
p06_noise_random_pulse,high_alpha,focus,51,0.134078256599763
p06_noise_random_pulse,high_alpha,focus,52,0.215526002049048
p06_noise_random_pulse,high_alpha,focus,53,0.154246580488751
p06_noise_random_pulse,high_alpha,focus,54,0.252322797049968
p06_noise_random_pulse,high_alpha,focus,55,0.270172331115922
p06_noise_random_pulse,high_alpha,focus,56,0.213819292336061
p06_noise_random_pulse,high_alpha,focus,57,0.238524476866224
p06_noise_random_pulse,high_alpha,focus,58,0.230288096389580
p06_noise_random_pulse,high_alpha,focus,59,0.158573679231760
p06_noise_random_pulse,high_alpha,focus,60,0.104628245163316
p06_noise_random_pulse,high_alpha,focus,61,0.275385836134798
p06_noise_random_pulse,high_alpha,focus,62,0.204623405557805
p06_noise_random_pulse,high_alpha,focus,63,0.147809892980740
p06_noise_random_walk,high_alpha,focus,0,0.057418289421552
p06_noise_random_walk,high_alpha,focus,1,0.189158671382229
p06_noise_random_walk,high_alpha,focus,2,0.240688727297033
p06_noise_random_walk,high_alpha,focus,3,0.171125214923557
p06_noise_random_walk,high_alpha,focus,4,0.229735431219312
p06_noise_random_walk,high_alpha,focus,5,0.233569984157154
p06_noise_random_walk,high_alpha,focus,6,0.210344718790120
p06_noise_random_walk,high_alpha,focus,7,0.160461027302939
p06_noise_random_walk,high_alpha,focus,8,0.155369832272664
p06_noise_random_walk,high_alpha,focus,9,0.188863885672680
p06_noise_random_walk,high_alpha,focus,10,0.184005704336280
p06_noise_random_walk,high_alpha,focus,11,0.244505523349092
p06_noise_random_walk,high_alpha,focus,12,0.223102697191506
p06_noise_random_walk,high_alpha,focus,13,0.287586273536384
p06_noise_random_walk,high_alpha,focus,14,0.203396746990800
p06_noise_random_walk,high_alpha,focus,15,0.273434423954853
p06_noise_random_walk,high_alpha,focus,16,0.271307375514710
p06_noise_random_walk,high_alpha,focus,17,0.246353967369733
p06_noise_random_walk,high_alpha,focus,18,0.234723566678747
p06_noise_random_walk,high_alpha,focus,19,0.138110399383477
p06_noise_random_walk,high_alpha,focus,20,0.145374353569964
p06_noise_random_walk,high_alpha,focus,21,0.268395465219517
p06_noise_random_walk,high_alpha,focus,22,0.274671697329249
p06_noise_random_walk,high_alpha,focus,23,0.138719884418439
p06_noise_random_walk,high_alpha,focus,24,0.228378983404843
p06_noise_random_walk,high_alpha,focus,25,0.120007155456574
p06_noise_random_walk,high_alpha,focus,26,0.167729759440304
p06_noise_random_walk,high_alpha,focus,27,0.187142898643990
p06_noise_random_walk,high_alpha,focus,28,0.228672086481191
p06_noise_random_walk,high_alpha,focus,29,0.227607719761301
p06_noise_random_walk,high_alpha,focus,30,0.122093706369763
p06_noise_random_walk,high_alpha,focus,31,0.171603419655381
p06_noise_random_walk,high_alpha,focus,32,0.248808303306605
p06_noise_random_walk,high_alpha,focus,33,0.226989352819380
p06_noise_random_walk,high_alpha,focus,34,0.182112857070457
p06_noise_random_walk,high_alpha,focus,35,0.179304561505598
p06_noise_random_walk,high_alpha,focus,36,0.233288425410246
p06_noise_random_walk,high_alpha,focus,37,0.253708657013426
p06_noise_random_walk,high_alpha,focus,38,0.193581794064996
p06_noise_random_walk,high_alpha,focus,39,0.220734629163653
p06_noise_random_walk,high_alpha,focus,40,0.194164933367783
p06_noise_random_walk,high_alpha,focus,41,0.151043676820390
p06_noise_random_walk,high_alpha,focus,42,0.189217563941591
p06_noise_random_walk,high_alpha,focus,43,0.226093174543652
p06_noise_random_walk,high_alpha,focus,44,0.190426658606992
p06_noise_random_walk,high_alpha,focus,45,0.188040688342097
p06_noise_random_walk,high_alpha,focus,46,0.265663516212660
p06_noise_random_walk,high_alpha,focus,47,0.248508228817544
p06_noise_random_walk,high_alpha,focus,48,0.164283150602926
p06_noise_random_walk,high_alpha,focus,49,0.224500126402846
p06_noise_random_walk,high_alpha,focus,50,0.250101568212149
p06_noise_random_walk,high_alpha,focus,51,0.139749891271398
p06_noise_random_walk,high_alpha,focus,52,0.204089708947209
p06_noise_random_walk,high_alpha,focus,53,0.141649365534761
p06_noise_random_walk,high_alpha,focus,54,0.132215368444559
p06_noise_random_walk,high_alpha,focus,55,0.126755659071908
p06_noise_random_walk,high_alpha,focus,56,0.224505578400353
p06_noise_random_walk,high_alpha,focus,57,0.145340107356098
p06_noise_random_walk,high_alpha,focus,58,0.299222627374629
p06_noise_random_walk,high_alpha,focus,59,0.215105142809930
p06_noise_random_walk,high_alpha,focus,60,0.272371301237442
p06_noise_random_walk,high_alpha,focus,61,0.151969681455133
p06_noise_random_walk,high_alpha,focus,62,0.171169480458736
p06_noise_random_walk,high_alpha,focus,63,0.123003336343946
p06_noise_room,high_alpha,focus,0,0.256546686930415
p06_noise_room,high_alpha,focus,1,0.180885714394319
p06_noise_room,high_alpha,focus,2,0.160764625054389
p06_noise_room,high_alpha,focus,3,0.117689304956797
p06_noise_room,high_alpha,focus,4,0.132553287593892
p06_noise_room,high_alpha,focus,5,0.206423455651225
p06_noise_room,high_alpha,focus,6,0.163357771739057
p06_noise_room,high_alpha,focus,7,0.162308698312594
p06_noise_room,high_alpha,focus,8,0.190960914868995
p06_noise_room,high_alpha,focus,9,0.182505823022711
p06_noise_room,high_alpha,focus,10,0.208994964939248
p06_noise_room,high_alpha,focus,11,0.215342331329483
p06_noise_room,high_alpha,focus,12,0.209401397995981
p06_noise_room,high_alpha,focus,13,0.216819274536327
p06_noise_room,high_alpha,focus,14,0.108554660248091
p06_noise_room,high_alpha,focus,15,0.147656694418215
p06_noise_room,high_alpha,focus,16,0.199398779898920
p06_noise_room,high_alpha,focus,17,0.175264131160301
p06_noise_room,high_alpha,focus,18,0.174682604146542
p06_noise_room,high_alpha,focus,19,0.186857107735351
p06_noise_room,high_alpha,focus,20,0.184599035440950
p06_noise_room,high_alpha,focus,21,0.178820571845812
p06_noise_room,high_alpha,focus,22,0.192393982968644
p06_noise_room,high_alpha,focus,23,0.186252682009557
p06_noise_room,high_alpha,focus,24,0.129004650951971
p06_noise_room,high_alpha,focus,25,0.168321220525108
p06_noise_room,high_alpha,focus,26,0.159908771652751
p06_noise_room,high_alpha,focus,27,0.164998427226032
p06_noise_room,high_alpha,focus,28,0.220923873560145
p06_noise_room,high_alpha,focus,29,0.124475023934115
p06_noise_room,high_alpha,focus,30,0.212237410367526
p06_noise_room,high_alpha,focus,31,0.113273816463630
p06_noise_room,high_alpha,focus,32,0.172839961099022
p06_noise_room,high_alpha,focus,33,0.242446073181081
p06_noise_room,high_alpha,focus,34,0.244102811797018
p06_noise_room,high_alpha,focus,35,0.158284325139470
p06_noise_room,high_alpha,focus,36,0.171773819974106
p06_noise_room,high_alpha,focus,37,0.203363802779051
p06_noise_room,high_alpha,focus,38,0.185068492667659
p06_noise_room,high_alpha,focus,39,0.227996262744402
p06_noise_room,high_alpha,focus,40,0.111677321479490
p06_noise_room,high_alpha,focus,41,0.168705094578777
p06_noise_room,high_alpha,focus,42,0.132107185290999
p06_noise_room,high_alpha,focus,43,0.232985960585927
p06_noise_room,high_alpha,focus,44,0.206925893444605
p06_noise_room,high_alpha,focus,45,0.174025942895453
p06_noise_room,high_alpha,focus,46,0.198312706174376
p06_noise_room,high_alpha,focus,47,0.239805136972527
p06_noise_room,high_alpha,focus,48,0.191353753257663
p06_noise_room,high_alpha,focus,49,0.203987654005591
p06_noise_room,high_alpha,focus,50,0.186698241932486
p06_noise_room,high_alpha,focus,51,0.167982835381581
p06_noise_room,high_alpha,focus,52,0.241784088729845
p06_noise_room,high_alpha,focus,53,0.184162850503475
p06_noise_room,high_alpha,focus,54,0.234373012471300
p06_noise_room,high_alpha,focus,55,0.183760367894353
p06_noise_room,high_alpha,focus,56,0.193594755433113
p06_noise_room,high_alpha,focus,57,0.162252296374034
p06_noise_room,high_alpha,focus,58,0.252515921310228
p06_noise_room,high_alpha,focus,59,0.122479466297999
p06_noise_room,high_alpha,focus,60,0.159679447399442
p06_noise_room,high_alpha,focus,61,0.159674312840041
p06_noise_room,high_alpha,focus,62,0.136974212843120
p06_noise_room,high_alpha,focus,63,0.270197051124126
p06_noise_static,high_alpha,focus,0,0.179437377370693
p06_noise_static,high_alpha,focus,1,0.168248702997571
p06_noise_static,high_alpha,focus,2,0.128161255361497
p06_noise_static,high_alpha,focus,3,0.171549233611083
p06_noise_static,high_alpha,focus,4,0.126506380717920
p06_noise_static,high_alpha,focus,5,0.198183647036169
p06_noise_static,high_alpha,focus,6,0.182083543401079
p06_noise_static,high_alpha,focus,7,0.133357001398266
p06_noise_static,high_alpha,focus,8,0.155116488619496
p06_noise_static,high_alpha,focus,9,0.170810348836952
p06_noise_static,high_alpha,focus,10,0.140326404806295
p06_noise_static,high_alpha,focus,11,0.137174326272411
p06_noise_static,high_alpha,focus,12,0.177289473566543
p06_noise_static,high_alpha,focus,13,0.165892719740683
p06_noise_static,high_alpha,focus,14,0.156718205798734
p06_noise_static,high_alpha,focus,15,0.178216608655217
p06_noise_static,high_alpha,focus,16,0.138159901716089
p06_noise_static,high_alpha,focus,17,0.211960506093446
p06_noise_static,high_alpha,focus,18,0.129064916962145
p06_noise_static,high_alpha,focus,19,0.142446968792699
p06_noise_static,high_alpha,focus,20,0.141344069285770
p06_noise_static,high_alpha,focus,21,0.124926264408051
p06_noise_static,high_alpha,focus,22,0.159164483665549
p06_noise_static,high_alpha,focus,23,0.133854022309440
p06_noise_static,high_alpha,focus,24,0.140453333642765
p06_noise_static,high_alpha,focus,25,0.117321141350531
p06_noise_static,high_alpha,focus,26,0.121531527155927
p06_noise_static,high_alpha,focus,27,0.199487802662139
p06_noise_static,high_alpha,focus,28,0.118190860696587
p06_noise_static,high_alpha,focus,29,0.137034468583978
p06_noise_static,high_alpha,focus,30,0.130431527805074
p06_noise_static,high_alpha,focus,31,0.208192450126646
p06_noise_static,high_alpha,focus,32,0.135773405060340
p06_noise_static,high_alpha,focus,33,0.327557959343496
p06_noise_static,high_alpha,focus,34,0.118989695206977
p06_noise_static,high_alpha,focus,35,0.158451696251991
p06_noise_static,high_alpha,focus,36,0.124200226356276
p06_noise_static,high_alpha,focus,37,0.128928205238117
p06_noise_static,high_alpha,focus,38,0.161177475882323
p06_noise_static,high_alpha,focus,39,0.136154302014443
p06_noise_static,high_alpha,focus,40,0.164372300269808
p06_noise_static,high_alpha,focus,41,0.128527365887218
p06_noise_static,high_alpha,focus,42,0.199896069939658
p06_noise_static,high_alpha,focus,43,0.118510177981547
p06_noise_static,high_alpha,focus,44,0.108202171270264
p06_noise_static,high_alpha,focus,45,0.213032318854328
p06_noise_static,high_alpha,focus,46,0.204790957402514
p06_noise_static,high_alpha,focus,47,0.139615535841497
p06_noise_static,high_alpha,focus,48,0.134719636571988
p06_noise_static,high_alpha,focus,49,0.135811266735329
p06_noise_static,high_alpha,focus,50,0.158243123158000
p06_noise_static,high_alpha,focus,51,0.168806696855003
p06_noise_static,high_alpha,focus,52,0.135739707488873
p06_noise_static,high_alpha,focus,53,0.211774773106150
p06_noise_static,high_alpha,focus,54,0.194271895853003
p06_noise_static,high_alpha,focus,55,0.140424581885866
p06_noise_static,high_alpha,focus,56,0.127789076205550
p06_noise_static,high_alpha,focus,57,0.165364168528794
p06_noise_static,high_alpha,focus,58,0.183288043994625
p06_noise_static,high_alpha,focus,59,0.137087627019274
p06_noise_static,high_alpha,focus,60,0.142408676372366
p06_noise_static,high_alpha,focus,61,0.180741021270376
p06_noise_static,high_alpha,focus,62,0.125339531436618
p06_noise_static,high_alpha,focus,63,0.171352363989089
p06_tone_control,high_alpha,focus,0,0.129476358095859
p06_tone_control,high_alpha,focus,1,0.131720728781938
p06_tone_control,high_alpha,focus,2,0.144497691380157
p06_tone_control,high_alpha,focus,3,0.132906194084382
p06_tone_control,high_alpha,focus,4,0.133519884593452
p06_tone_control,high_alpha,focus,5,0.134348721836727
p06_tone_control,high_alpha,focus,6,0.127719396868050
p06_tone_control,high_alpha,focus,7,0.146392909880756
p06_tone_control,high_alpha,focus,8,0.131524486188926
p06_tone_control,high_alpha,focus,9,0.133185095421702
p06_tone_control,high_alpha,focus,10,0.148611638205095
p06_tone_control,high_alpha,focus,11,0.145955003556961
p06_tone_control,high_alpha,focus,12,0.105621089273200
p06_tone_control,high_alpha,focus,13,0.130537078558770
p06_tone_control,high_alpha,focus,14,0.144049284804825
p06_tone_control,high_alpha,focus,15,0.119748660669270
p06_tone_control,high_alpha,focus,16,0.110606377115939
p06_tone_control,high_alpha,focus,17,0.119482682036218
p06_tone_control,high_alpha,focus,18,0.138941391678062
p06_tone_control,high_alpha,focus,19,0.107252014420898
p06_tone_control,high_alpha,focus,20,0.138995088347747
p06_tone_control,high_alpha,focus,21,0.146626994329960
p06_tone_control,high_alpha,focus,22,0.105310562772817
p06_tone_control,high_alpha,focus,23,0.128512809393319
p06_tone_control,high_alpha,focus,24,0.157527482860526
p06_tone_control,high_alpha,focus,25,0.136424520930269
p06_tone_control,high_alpha,focus,26,0.130746223714315
p06_tone_control,high_alpha,focus,27,0.130788946310947
p06_tone_control,high_alpha,focus,28,0.134933337439903
p06_tone_control,high_alpha,focus,29,0.150097109078847
p06_tone_control,high_alpha,focus,30,0.104286872627431
p06_tone_control,high_alpha,focus,31,0.141160654392618
p06_tone_control,high_alpha,focus,32,0.140708376709362
p06_tone_control,high_alpha,focus,33,0.138769175076769
p06_tone_control,high_alpha,focus,34,0.128405405729393
p06_tone_control,high_alpha,focus,35,0.130444295028913
p06_tone_control,high_alpha,focus,36,0.141186002742071
p06_tone_control,high_alpha,focus,37,0.139804176267609
p06_tone_control,high_alpha,focus,38,0.119906741139066
p06_tone_control,high_alpha,focus,39,0.147963908878147
p06_tone_control,high_alpha,focus,40,0.145612083612091
p06_tone_control,high_alpha,focus,41,0.125385978130827
p06_tone_control,high_alpha,focus,42,0.144857638256494
p06_tone_control,high_alpha,focus,43,0.135983368125489
p06_tone_control,high_alpha,focus,44,0.147866846614609
p06_tone_control,high_alpha,focus,45,0.120497409164632
p06_tone_control,high_alpha,focus,46,0.143346218105994
p06_tone_control,high_alpha,focus,47,0.140375940393290
p06_tone_control,high_alpha,focus,48,0.129249851797301
p06_tone_control,high_alpha,focus,49,0.147414550585392
p06_tone_control,high_alpha,focus,50,0.138098758479646
p06_tone_control,high_alpha,focus,51,0.116609620127261
p06_tone_control,high_alpha,focus,52,0.131039517921863
p06_tone_control,high_alpha,focus,53,0.148478544815327
p06_tone_control,high_alpha,focus,54,0.123078370585140
p06_tone_control,high_alpha,focus,55,0.141751746002884
p06_tone_control,high_alpha,focus,56,0.141770726343988
p06_tone_control,high_alpha,focus,57,0.137235229182337
p06_tone_control,high_alpha,focus,58,0.138427943774395
p06_tone_control,high_alpha,focus,59,0.147669352335164
p06_tone_control,high_alpha,focus,60,0.138450028979008
p06_tone_control,high_alpha,focus,61,0.130712164973832
p06_tone_control,high_alpha,focus,62,0.141251406209675
p06_tone_control,high_alpha,focus,63,0.141123480152093
p06_noise_random_pulse,high_alpha,ignition,0,0.104656156734623
p06_noise_random_pulse,high_alpha,ignition,1,0.151806682923009
p06_noise_random_pulse,high_alpha,ignition,2,0.325481789848857
p06_noise_random_pulse,high_alpha,ignition,3,0.195730343182325
p06_noise_random_pulse,high_alpha,ignition,4,0.126064227093302
p06_noise_random_pulse,high_alpha,ignition,5,0.213163745875837
p06_noise_random_pulse,high_alpha,ignition,6,0.193506007526719
p06_noise_random_pulse,high_alpha,ignition,7,0.207727739348135
p06_noise_random_pulse,high_alpha,ignition,8,0.156646539832848
p06_noise_random_pulse,high_alpha,ignition,9,0.183430038717915
p06_noise_random_pulse,high_alpha,ignition,10,0.118825279235646
p06_noise_random_pulse,high_alpha,ignition,11,0.213489340391858
p06_noise_random_pulse,high_alpha,ignition,12,0.252078123086330
p06_noise_random_pulse,high_alpha,ignition,13,0.167280548071408
p06_noise_random_pulse,high_alpha,ignition,14,0.207745339854414
p06_noise_random_pulse,high_alpha,ignition,15,0.173847910727260
p06_noise_random_pulse,high_alpha,ignition,16,0.141025414522402
p06_noise_random_pulse,high_alpha,ignition,17,0.181599302190460
p06_noise_random_pulse,high_alpha,ignition,18,0.211207576605178
p06_noise_random_pulse,high_alpha,ignition,19,0.205572744289926
p06_noise_random_pulse,high_alpha,ignition,20,0.241679572318067
p06_noise_random_pulse,high_alpha,ignition,21,0.236102943358955
p06_noise_random_pulse,high_alpha,ignition,22,0.177622414205740
p06_noise_random_pulse,high_alpha,ignition,23,0.118616726024645
p06_noise_random_pulse,high_alpha,ignition,24,0.133707437453783
p06_noise_random_pulse,high_alpha,ignition,25,0.069907912958497
p06_noise_random_pulse,high_alpha,ignition,26,0.124306162717418
p06_noise_random_pulse,high_alpha,ignition,27,0.084283785238460
p06_noise_random_pulse,high_alpha,ignition,28,0.143117228079089
p06_noise_random_pulse,high_alpha,ignition,29,0.129089353828915
p06_noise_random_pulse,high_alpha,ignition,30,0.187901894959425
p06_noise_random_pulse,high_alpha,ignition,31,0.051941969123122
p06_noise_random_pulse,high_alpha,ignition,32,0.182095148035648
p06_noise_random_pulse,high_alpha,ignition,33,0.212243647061527
p06_noise_random_pulse,high_alpha,ignition,34,0.197027219869605
p06_noise_random_pulse,high_alpha,ignition,35,0.182742048994294
p06_noise_random_pulse,high_alpha,ignition,36,0.160766011170909
p06_noise_random_pulse,high_alpha,ignition,37,0.149530272190238
p06_noise_random_pulse,high_alpha,ignition,38,0.051258768832810
p06_noise_random_pulse,high_alpha,ignition,39,0.069535925633998
p06_noise_random_pulse,high_alpha,ignition,40,0.134365133343628
p06_noise_random_pulse,high_alpha,ignition,41,0.209737419949050
p06_noise_random_pulse,high_alpha,ignition,42,0.306684231727161
p06_noise_random_pulse,high_alpha,ignition,43,0.136435215104540
p06_noise_random_pulse,high_alpha,ignition,44,0.194799463718045
p06_noise_random_pulse,high_alpha,ignition,45,0.183751359502124
p06_noise_random_pulse,high_alpha,ignition,46,0.183517066879580
p06_noise_random_pulse,high_alpha,ignition,47,0.138393397106441
p06_noise_random_pulse,high_alpha,ignition,48,0.107618019651983
p06_noise_random_pulse,high_alpha,ignition,49,0.206627157901735
p06_noise_random_pulse,high_alpha,ignition,50,0.169731108186466
p06_noise_random_pulse,high_alpha,ignition,51,0.143347840943810
p06_noise_random_pulse,high_alpha,ignition,52,0.169660597252507
p06_noise_random_pulse,high_alpha,ignition,53,0.156556450708991
p06_noise_random_pulse,high_alpha,ignition,54,0.224458123752337
p06_noise_random_pulse,high_alpha,ignition,55,0.232323505760426
p06_noise_random_pulse,high_alpha,ignition,56,0.165112767851458
p06_noise_random_pulse,high_alpha,ignition,57,0.210994244473217
p06_noise_random_pulse,high_alpha,ignition,58,0.197519916848203
p06_noise_random_pulse,high_alpha,ignition,59,0.182238644924090
p06_noise_random_pulse,high_alpha,ignition,60,0.119902214937086
p06_noise_random_pulse,high_alpha,ignition,61,0.209516428030796
p06_noise_random_pulse,high_alpha,ignition,62,0.209693586220734
p06_noise_random_pulse,high_alpha,ignition,63,0.160204159696543
p06_noise_random_walk,high_alpha,ignition,0,0.056641657216502
p06_noise_random_walk,high_alpha,ignition,1,0.210338531532971
p06_noise_random_walk,high_alpha,ignition,2,0.170335849191980
p06_noise_random_walk,high_alpha,ignition,3,0.135966632776980
p06_noise_random_walk,high_alpha,ignition,4,0.170239251955422
p06_noise_random_walk,high_alpha,ignition,5,0.342329708555721
p06_noise_random_walk,high_alpha,ignition,6,0.165170316497949
p06_noise_random_walk,high_alpha,ignition,7,0.169566376482438
p06_noise_random_walk,high_alpha,ignition,8,0.113153990575563
p06_noise_random_walk,high_alpha,ignition,9,0.183331031833875
p06_noise_random_walk,high_alpha,ignition,10,0.182022074003834
p06_noise_random_walk,high_alpha,ignition,11,0.211185255943111
p06_noise_random_walk,high_alpha,ignition,12,0.238073355965294
p06_noise_random_walk,high_alpha,ignition,13,0.315552856199940
p06_noise_random_walk,high_alpha,ignition,14,0.180149514440962
p06_noise_random_walk,high_alpha,ignition,15,0.207952818455156
p06_noise_random_walk,high_alpha,ignition,16,0.194617460457130
p06_noise_random_walk,high_alpha,ignition,17,0.178923386026855
p06_noise_random_walk,high_alpha,ignition,18,0.164407344042564
p06_noise_random_walk,high_alpha,ignition,19,0.154923975116186
p06_noise_random_walk,high_alpha,ignition,20,0.140075354710031
p06_noise_random_walk,high_alpha,ignition,21,0.314785381467600
p06_noise_random_walk,high_alpha,ignition,22,0.193111583866577
p06_noise_random_walk,high_alpha,ignition,23,0.151261796188778
p06_noise_random_walk,high_alpha,ignition,24,0.287354438459875
p06_noise_random_walk,high_alpha,ignition,25,0.142473006992878
p06_noise_random_walk,high_alpha,ignition,26,0.127407855898438
p06_noise_random_walk,high_alpha,ignition,27,0.305496347555315
p06_noise_random_walk,high_alpha,ignition,28,0.233782043652596
p06_noise_random_walk,high_alpha,ignition,29,0.215149085119795
p06_noise_random_walk,high_alpha,ignition,30,0.135375512867822
p06_noise_random_walk,high_alpha,ignition,31,0.152690105210134
p06_noise_random_walk,high_alpha,ignition,32,0.176067122173554
p06_noise_random_walk,high_alpha,ignition,33,0.167310889208560
p06_noise_random_walk,high_alpha,ignition,34,0.193459853287617
p06_noise_random_walk,high_alpha,ignition,35,0.189551434651914
p06_noise_random_walk,high_alpha,ignition,36,0.206609939807537
p06_noise_random_walk,high_alpha,ignition,37,0.185868331541897
p06_noise_random_walk,high_alpha,ignition,38,0.172354976809100
p06_noise_random_walk,high_alpha,ignition,39,0.225742971573085
p06_noise_random_walk,high_alpha,ignition,40,0.216872439682595
p06_noise_random_walk,high_alpha,ignition,41,0.158384615540241
p06_noise_random_walk,high_alpha,ignition,42,0.188332662633012
p06_noise_random_walk,high_alpha,ignition,43,0.149524034121259
p06_noise_random_walk,high_alpha,ignition,44,0.132407902308879
p06_noise_random_walk,high_alpha,ignition,45,0.185122969354882
p06_noise_random_walk,high_alpha,ignition,46,0.243795125135910
p06_noise_random_walk,high_alpha,ignition,47,0.196129619476604
p06_noise_random_walk,high_alpha,ignition,48,0.125739310835521
p06_noise_random_walk,high_alpha,ignition,49,0.161454394798740
p06_noise_random_walk,high_alpha,ignition,50,0.187341530719543
p06_noise_random_walk,high_alpha,ignition,51,0.160797630644132
p06_noise_random_walk,high_alpha,ignition,52,0.177051742369508
p06_noise_random_walk,high_alpha,ignition,53,0.152791026519568
p06_noise_random_walk,high_alpha,ignition,54,0.103825054027545
p06_noise_random_walk,high_alpha,ignition,55,0.093946072497127
p06_noise_random_walk,high_alpha,ignition,56,0.246573471071810
p06_noise_random_walk,high_alpha,ignition,57,0.161368393833404
p06_noise_random_walk,high_alpha,ignition,58,0.214907151673372
p06_noise_random_walk,high_alpha,ignition,59,0.177889989581334
p06_noise_random_walk,high_alpha,ignition,60,0.215707398268573
p06_noise_random_walk,high_alpha,ignition,61,0.113595334360086
p06_noise_random_walk,high_alpha,ignition,62,0.134622120189424
p06_noise_random_walk,high_alpha,ignition,63,0.159361211985577
p06_noise_room,high_alpha,ignition,0,0.209709865908433
p06_noise_room,high_alpha,ignition,1,0.192503250156639
p06_noise_room,high_alpha,ignition,2,0.170316236300228
p06_noise_room,high_alpha,ignition,3,0.079972524764724
p06_noise_room,high_alpha,ignition,4,0.174318597760376
p06_noise_room,high_alpha,ignition,5,0.173619317943672
p06_noise_room,high_alpha,ignition,6,0.202484361795588
p06_noise_room,high_alpha,ignition,7,0.168168890033461
p06_noise_room,high_alpha,ignition,8,0.209463776990719
p06_noise_room,high_alpha,ignition,9,0.200934069895144
p06_noise_room,high_alpha,ignition,10,0.158523999372069
p06_noise_room,high_alpha,ignition,11,0.147526146409576
p06_noise_room,high_alpha,ignition,12,0.185309012299507
p06_noise_room,high_alpha,ignition,13,0.147097027261089
p06_noise_room,high_alpha,ignition,14,0.083729705144790
p06_noise_room,high_alpha,ignition,15,0.153857789964654
p06_noise_room,high_alpha,ignition,16,0.216858711957606
p06_noise_room,high_alpha,ignition,17,0.190111664477642
p06_noise_room,high_alpha,ignition,18,0.126135775303221
p06_noise_room,high_alpha,ignition,19,0.192286288153130
p06_noise_room,high_alpha,ignition,20,0.201247762022205
p06_noise_room,high_alpha,ignition,21,0.195394596590607
p06_noise_room,high_alpha,ignition,22,0.226928084759631
p06_noise_room,high_alpha,ignition,23,0.186234582300071
p06_noise_room,high_alpha,ignition,24,0.145786043932743
p06_noise_room,high_alpha,ignition,25,0.166345415499336
p06_noise_room,high_alpha,ignition,26,0.186703830594931
p06_noise_room,high_alpha,ignition,27,0.118157945993178
p06_noise_room,high_alpha,ignition,28,0.243219100031876
p06_noise_room,high_alpha,ignition,29,0.086026360892000
p06_noise_room,high_alpha,ignition,30,0.225356708042675
p06_noise_room,high_alpha,ignition,31,0.085852405577253
p06_noise_room,high_alpha,ignition,32,0.121562926313554
p06_noise_room,high_alpha,ignition,33,0.292980080255917
p06_noise_room,high_alpha,ignition,34,0.262871864789503
p06_noise_room,high_alpha,ignition,35,0.187016946820273
p06_noise_room,high_alpha,ignition,36,0.123531983123014
p06_noise_room,high_alpha,ignition,37,0.199187964024115
p06_noise_room,high_alpha,ignition,38,0.164553766916393
p06_noise_room,high_alpha,ignition,39,0.188030323290608
p06_noise_room,high_alpha,ignition,40,0.151167686256714
p06_noise_room,high_alpha,ignition,41,0.161389025325855
p06_noise_room,high_alpha,ignition,42,0.092074716231062
p06_noise_room,high_alpha,ignition,43,0.323647575336472
p06_noise_room,high_alpha,ignition,44,0.160694897895656
p06_noise_room,high_alpha,ignition,45,0.253860583768319
p06_noise_room,high_alpha,ignition,46,0.203423433398132
p06_noise_room,high_alpha,ignition,47,0.209484116163445
p06_noise_room,high_alpha,ignition,48,0.200962075883615
p06_noise_room,high_alpha,ignition,49,0.138385921605589
p06_noise_room,high_alpha,ignition,50,0.204649921072953
p06_noise_room,high_alpha,ignition,51,0.177843699300751
p06_noise_room,high_alpha,ignition,52,0.263504127022200
p06_noise_room,high_alpha,ignition,53,0.198899435207979
p06_noise_room,high_alpha,ignition,54,0.207471306797554
p06_noise_room,high_alpha,ignition,55,0.183200957536559
p06_noise_room,high_alpha,ignition,56,0.322735848235826
p06_noise_room,high_alpha,ignition,57,0.171525362358254
p06_noise_room,high_alpha,ignition,58,0.165892937362969
p06_noise_room,high_alpha,ignition,59,0.084662997377423
p06_noise_room,high_alpha,ignition,60,0.112328968305317
p06_noise_room,high_alpha,ignition,61,0.179023772157443
p06_noise_room,high_alpha,ignition,62,0.100859211157615
p06_noise_room,high_alpha,ignition,63,0.296487148177165
p06_noise_static,high_alpha,ignition,0,0.184712856044739
p06_noise_static,high_alpha,ignition,1,0.183729516994298
p06_noise_static,high_alpha,ignition,2,0.140545947813155
p06_noise_static,high_alpha,ignition,3,0.190788304249327
p06_noise_static,high_alpha,ignition,4,0.137682957510880
p06_noise_static,high_alpha,ignition,5,0.162384673290277
p06_noise_static,high_alpha,ignition,6,0.180972967085160
p06_noise_static,high_alpha,ignition,7,0.135192603119110
p06_noise_static,high_alpha,ignition,8,0.164290830503132
p06_noise_static,high_alpha,ignition,9,0.194023096587814
p06_noise_static,high_alpha,ignition,10,0.143040880399292
p06_noise_static,high_alpha,ignition,11,0.138200442359234
p06_noise_static,high_alpha,ignition,12,0.268302567897516
p06_noise_static,high_alpha,ignition,13,0.180436945983980
p06_noise_static,high_alpha,ignition,14,0.167262499019498
p06_noise_static,high_alpha,ignition,15,0.179168576038881
p06_noise_static,high_alpha,ignition,16,0.138303034199783
p06_noise_static,high_alpha,ignition,17,0.144872711059687
p06_noise_static,high_alpha,ignition,18,0.143057678090230
p06_noise_static,high_alpha,ignition,19,0.145733610147218
p06_noise_static,high_alpha,ignition,20,0.144932236797808
p06_noise_static,high_alpha,ignition,21,0.135150783738897
p06_noise_static,high_alpha,ignition,22,0.174950702886160
p06_noise_static,high_alpha,ignition,23,0.092924559757634
p06_noise_static,high_alpha,ignition,24,0.143648655585766
p06_noise_static,high_alpha,ignition,25,0.124487236807045
p06_noise_static,high_alpha,ignition,26,0.130213317345898
p06_noise_static,high_alpha,ignition,27,0.208302802956557
p06_noise_static,high_alpha,ignition,28,0.083228823009692
p06_noise_static,high_alpha,ignition,29,0.136936259651108
p06_noise_static,high_alpha,ignition,30,0.148053160297203
p06_noise_static,high_alpha,ignition,31,0.153938098565389
p06_noise_static,high_alpha,ignition,32,0.095593315971173
p06_noise_static,high_alpha,ignition,33,0.143604868432521
p06_noise_static,high_alpha,ignition,34,0.126425815678678
p06_noise_static,high_alpha,ignition,35,0.188744313513451
p06_noise_static,high_alpha,ignition,36,0.136465858973626
p06_noise_static,high_alpha,ignition,37,0.145416415363413
p06_noise_static,high_alpha,ignition,38,0.171030902688006
p06_noise_static,high_alpha,ignition,39,0.136799892125363
p06_noise_static,high_alpha,ignition,40,0.180039289732955
p06_noise_static,high_alpha,ignition,41,0.141142533162150
p06_noise_static,high_alpha,ignition,42,0.160099714005877
p06_noise_static,high_alpha,ignition,43,0.126437608408129
p06_noise_static,high_alpha,ignition,44,0.129689459756968
p06_noise_static,high_alpha,ignition,45,0.143135790751477
p06_noise_static,high_alpha,ignition,46,0.160910673962755
p06_noise_static,high_alpha,ignition,47,0.140928792893213
p06_noise_static,high_alpha,ignition,48,0.135416627523351
p06_noise_static,high_alpha,ignition,49,0.135019930285484
p06_noise_static,high_alpha,ignition,50,0.168797933787307
p06_noise_static,high_alpha,ignition,51,0.189054879163367
p06_noise_static,high_alpha,ignition,52,0.135082238530779
p06_noise_static,high_alpha,ignition,53,0.146301023430760
p06_noise_static,high_alpha,ignition,54,0.133952662277942
p06_noise_static,high_alpha,ignition,55,0.143842175496509
p06_noise_static,high_alpha,ignition,56,0.142578045489774
p06_noise_static,high_alpha,ignition,57,0.195633702591989
p06_noise_static,high_alpha,ignition,58,0.203227013557162
p06_noise_static,high_alpha,ignition,59,0.137599636474658
p06_noise_static,high_alpha,ignition,60,0.144815876819495
p06_noise_static,high_alpha,ignition,61,0.181075855405911
p06_noise_static,high_alpha,ignition,62,0.137184155904537
p06_noise_static,high_alpha,ignition,63,0.189437732089706
p06_tone_control,high_alpha,ignition,0,0.041767473120919
p06_tone_control,high_alpha,ignition,1,0.042290830521556
p06_tone_control,high_alpha,ignition,2,0.046211814038599
p06_tone_control,high_alpha,ignition,3,0.041429957253911
p06_tone_control,high_alpha,ignition,4,0.043330570520278
p06_tone_control,high_alpha,ignition,5,0.042514259747316
p06_tone_control,high_alpha,ignition,6,0.040418884138778
p06_tone_control,high_alpha,ignition,7,0.046093240439364
p06_tone_control,high_alpha,ignition,8,0.042174183620410
p06_tone_control,high_alpha,ignition,9,0.041963129041919
p06_tone_control,high_alpha,ignition,10,0.047872974002077
p06_tone_control,high_alpha,ignition,11,0.046245074425179
p06_tone_control,high_alpha,ignition,12,0.038760627958231
p06_tone_control,high_alpha,ignition,13,0.041622481650803
p06_tone_control,high_alpha,ignition,14,0.044937923596342
p06_tone_control,high_alpha,ignition,15,0.039024989380018
p06_tone_control,high_alpha,ignition,16,0.038930549964957
p06_tone_control,high_alpha,ignition,17,0.039399569078921
p06_tone_control,high_alpha,ignition,18,0.044487471272983
p06_tone_control,high_alpha,ignition,19,0.036990631986973
p06_tone_control,high_alpha,ignition,20,0.044417370086871
p06_tone_control,high_alpha,ignition,21,0.048546054155959
p06_tone_control,high_alpha,ignition,22,0.037098317564704
p06_tone_control,high_alpha,ignition,23,0.041135675815811
p06_tone_control,high_alpha,ignition,24,0.051838230820538
p06_tone_control,high_alpha,ignition,25,0.044623011156998
p06_tone_control,high_alpha,ignition,26,0.041754399884811
p06_tone_control,high_alpha,ignition,27,0.041831481576300
p06_tone_control,high_alpha,ignition,28,0.044511820487124
p06_tone_control,high_alpha,ignition,29,0.047586741090425
p06_tone_control,high_alpha,ignition,30,0.036665411568528
p06_tone_control,high_alpha,ignition,31,0.045548432090166
p06_tone_control,high_alpha,ignition,32,0.046180034604165
p06_tone_control,high_alpha,ignition,33,0.042637330546350
p06_tone_control,high_alpha,ignition,34,0.041860620459337
p06_tone_control,high_alpha,ignition,35,0.040701047239348
p06_tone_control,high_alpha,ignition,36,0.043689210144097
p06_tone_control,high_alpha,ignition,37,0.044242081493607
p06_tone_control,high_alpha,ignition,38,0.039560481130748
p06_tone_control,high_alpha,ignition,39,0.047446500801223
p06_tone_control,high_alpha,ignition,40,0.046646266873187
p06_tone_control,high_alpha,ignition,41,0.040539671479374
p06_tone_control,high_alpha,ignition,42,0.045585632469705
p06_tone_control,high_alpha,ignition,43,0.042850362446468
p06_tone_control,high_alpha,ignition,44,0.046437808437011
p06_tone_control,high_alpha,ignition,45,0.038802946264667
p06_tone_control,high_alpha,ignition,46,0.045672757064776
p06_tone_control,high_alpha,ignition,47,0.044619007581354
p06_tone_control,high_alpha,ignition,48,0.041439299830464
p06_tone_control,high_alpha,ignition,49,0.046526218903003
p06_tone_control,high_alpha,ignition,50,0.043051456070484
p06_tone_control,high_alpha,ignition,51,0.039850223200886
p06_tone_control,high_alpha,ignition,52,0.041951156569049
p06_tone_control,high_alpha,ignition,53,0.046728907696778
p06_tone_control,high_alpha,ignition,54,0.040589737632975
p06_tone_control,high_alpha,ignition,55,0.044808737264948
p06_tone_control,high_alpha,ignition,56,0.044740803723493
p06_tone_control,high_alpha,ignition,57,0.044512898118952
p06_tone_control,high_alpha,ignition,58,0.044483654892581
p06_tone_control,high_alpha,ignition,59,0.045548501556412
p06_tone_control,high_alpha,ignition,60,0.044160337576250
p06_tone_control,high_alpha,ignition,61,0.041483020664935
p06_tone_control,high_alpha,ignition,62,0.044591312639688
p06_tone_control,high_alpha,ignition,63,0.044259027189817
p06_noise_random_pulse,high_alpha,isolation,0,0.545218106146332
p06_noise_random_pulse,high_alpha,isolation,1,0.533117435978029
p06_noise_random_pulse,high_alpha,isolation,2,0.702438080210922
p06_noise_random_pulse,high_alpha,isolation,3,0.546295818055788
p06_noise_random_pulse,high_alpha,isolation,4,0.554434438747465
p06_noise_random_pulse,high_alpha,isolation,5,0.633071833370377
p06_noise_random_pulse,high_alpha,isolation,6,0.552549654772387
p06_noise_random_pulse,high_alpha,isolation,7,0.541699015120145
p06_noise_random_pulse,high_alpha,isolation,8,0.566887405113526
p06_noise_random_pulse,high_alpha,isolation,9,0.581702860147603
p06_noise_random_pulse,high_alpha,isolation,10,0.566972595722700
p06_noise_random_pulse,high_alpha,isolation,11,0.598041455152066
p06_noise_random_pulse,high_alpha,isolation,12,0.641190513356710
p06_noise_random_pulse,high_alpha,isolation,13,0.544707134398931
p06_noise_random_pulse,high_alpha,isolation,14,0.582824209969521
p06_noise_random_pulse,high_alpha,isolation,15,0.532249972741054
p06_noise_random_pulse,high_alpha,isolation,16,0.552530404454873
p06_noise_random_pulse,high_alpha,isolation,17,0.521161606475047
p06_noise_random_pulse,high_alpha,isolation,18,0.615548338531264
p06_noise_random_pulse,high_alpha,isolation,19,0.545013855961987
p06_noise_random_pulse,high_alpha,isolation,20,0.563232096202389
p06_noise_random_pulse,high_alpha,isolation,21,0.618584511396219
p06_noise_random_pulse,high_alpha,isolation,22,0.555449433993192
p06_noise_random_pulse,high_alpha,isolation,23,0.515647170358184
p06_noise_random_pulse,high_alpha,isolation,24,0.532765836012877
p06_noise_random_pulse,high_alpha,isolation,25,0.590241487763982
p06_noise_random_pulse,high_alpha,isolation,26,0.621896773975757
p06_noise_random_pulse,high_alpha,isolation,27,0.621486363565781
p06_noise_random_pulse,high_alpha,isolation,28,0.539301359978717
p06_noise_random_pulse,high_alpha,isolation,29,0.545616633048050
p06_noise_random_pulse,high_alpha,isolation,30,0.539841931453101
p06_noise_random_pulse,high_alpha,isolation,31,0.552136083315366
p06_noise_random_pulse,high_alpha,isolation,32,0.565463437633600
p06_noise_random_pulse,high_alpha,isolation,33,0.579921295607361
p06_noise_random_pulse,high_alpha,isolation,34,0.580533335612041
p06_noise_random_pulse,high_alpha,isolation,35,0.549442138828930
p06_noise_random_pulse,high_alpha,isolation,36,0.553241335635936
p06_noise_random_pulse,high_alpha,isolation,37,0.596188427007142
p06_noise_random_pulse,high_alpha,isolation,38,0.533511536474688
p06_noise_random_pulse,high_alpha,isolation,39,0.592464140931714
p06_noise_random_pulse,high_alpha,isolation,40,0.617082615269181
p06_noise_random_pulse,high_alpha,isolation,41,0.659053366632478
p06_noise_random_pulse,high_alpha,isolation,42,0.694045996125976
p06_noise_random_pulse,high_alpha,isolation,43,0.508639216680984
p06_noise_random_pulse,high_alpha,isolation,44,0.691773724374994
p06_noise_random_pulse,high_alpha,isolation,45,0.589550244015593
p06_noise_random_pulse,high_alpha,isolation,46,0.561214879814466
p06_noise_random_pulse,high_alpha,isolation,47,0.546922706195614
p06_noise_random_pulse,high_alpha,isolation,48,0.646522134081252
p06_noise_random_pulse,high_alpha,isolation,49,0.617658559624657
p06_noise_random_pulse,high_alpha,isolation,50,0.625875729226843
p06_noise_random_pulse,high_alpha,isolation,51,0.531014852241202
p06_noise_random_pulse,high_alpha,isolation,52,0.522018097808445
p06_noise_random_pulse,high_alpha,isolation,53,0.541218361697764
p06_noise_random_pulse,high_alpha,isolation,54,0.546734500620594
p06_noise_random_pulse,high_alpha,isolation,55,0.646950351147318
p06_noise_random_pulse,high_alpha,isolation,56,0.556494883859845
p06_noise_random_pulse,high_alpha,isolation,57,0.567811659486059
p06_noise_random_pulse,high_alpha,isolation,58,0.541926964746286
p06_noise_random_pulse,high_alpha,isolation,59,0.591322742934385
p06_noise_random_pulse,high_alpha,isolation,60,0.660252664877500
p06_noise_random_pulse,high_alpha,isolation,61,0.572035399704282
p06_noise_random_pulse,high_alpha,isolation,62,0.558450357563711
p06_noise_random_pulse,high_alpha,isolation,63,0.603431342086057
p06_noise_random_walk,high_alpha,isolation,0,0.539467112039798
p06_noise_random_walk,high_alpha,isolation,1,0.448288838547858
p06_noise_random_walk,high_alpha,isolation,2,0.515255918582957
p06_noise_random_walk,high_alpha,isolation,3,0.533929190643811
p06_noise_random_walk,high_alpha,isolation,4,0.573496167744910
p06_noise_random_walk,high_alpha,isolation,5,0.662468963364021
p06_noise_random_walk,high_alpha,isolation,6,0.542674491017913
p06_noise_random_walk,high_alpha,isolation,7,0.530416080581635
p06_noise_random_walk,high_alpha,isolation,8,0.537565500012830
p06_noise_random_walk,high_alpha,isolation,9,0.475516544692998
p06_noise_random_walk,high_alpha,isolation,10,0.575800090621531
p06_noise_random_walk,high_alpha,isolation,11,0.586913705664264
p06_noise_random_walk,high_alpha,isolation,12,0.611037257136209
p06_noise_random_walk,high_alpha,isolation,13,0.701047773691668
p06_noise_random_walk,high_alpha,isolation,14,0.529022331581606
p06_noise_random_walk,high_alpha,isolation,15,0.621586246336111
p06_noise_random_walk,high_alpha,isolation,16,0.523062883496854
p06_noise_random_walk,high_alpha,isolation,17,0.555233397037447
p06_noise_random_walk,high_alpha,isolation,18,0.518526618601040
p06_noise_random_walk,high_alpha,isolation,19,0.474071780995030
p06_noise_random_walk,high_alpha,isolation,20,0.635328673331235
p06_noise_random_walk,high_alpha,isolation,21,0.677290697057672
p06_noise_random_walk,high_alpha,isolation,22,0.520142078416952
p06_noise_random_walk,high_alpha,isolation,23,0.509394847343367
p06_noise_random_walk,high_alpha,isolation,24,0.677922382409510
p06_noise_random_walk,high_alpha,isolation,25,0.534512577926485
p06_noise_random_walk,high_alpha,isolation,26,0.465789246275126
p06_noise_random_walk,high_alpha,isolation,27,0.671644488613539
p06_noise_random_walk,high_alpha,isolation,28,0.631203554024683
p06_noise_random_walk,high_alpha,isolation,29,0.588488284338942
p06_noise_random_walk,high_alpha,isolation,30,0.490902520907412
p06_noise_random_walk,high_alpha,isolation,31,0.611377511182867
p06_noise_random_walk,high_alpha,isolation,32,0.563023270678088
p06_noise_random_walk,high_alpha,isolation,33,0.565284860986106
p06_noise_random_walk,high_alpha,isolation,34,0.556319040996182
p06_noise_random_walk,high_alpha,isolation,35,0.540427858216647
p06_noise_random_walk,high_alpha,isolation,36,0.482951645605431
p06_noise_random_walk,high_alpha,isolation,37,0.514289530927228
p06_noise_random_walk,high_alpha,isolation,38,0.603795084805024
p06_noise_random_walk,high_alpha,isolation,39,0.588066880209553
p06_noise_random_walk,high_alpha,isolation,40,0.517338257564303
p06_noise_random_walk,high_alpha,isolation,41,0.576720615676509
p06_noise_random_walk,high_alpha,isolation,42,0.562428689580147
p06_noise_random_walk,high_alpha,isolation,43,0.542788629335706
p06_noise_random_walk,high_alpha,isolation,44,0.570138981338188
p06_noise_random_walk,high_alpha,isolation,45,0.479420437969001
p06_noise_random_walk,high_alpha,isolation,46,0.676762192077757
p06_noise_random_walk,high_alpha,isolation,47,0.576016712523565
p06_noise_random_walk,high_alpha,isolation,48,0.531624868613514
p06_noise_random_walk,high_alpha,isolation,49,0.551038507614524
p06_noise_random_walk,high_alpha,isolation,50,0.536171271930855
p06_noise_random_walk,high_alpha,isolation,51,0.494323866262452
p06_noise_random_walk,high_alpha,isolation,52,0.532707711845644
p06_noise_random_walk,high_alpha,isolation,53,0.554901438476167
p06_noise_random_walk,high_alpha,isolation,54,0.488125067014860
p06_noise_random_walk,high_alpha,isolation,55,0.443398828695369
p06_noise_random_walk,high_alpha,isolation,56,0.529397659836285
p06_noise_random_walk,high_alpha,isolation,57,0.538056962995660
p06_noise_random_walk,high_alpha,isolation,58,0.505977756350108
p06_noise_random_walk,high_alpha,isolation,59,0.481951470476533
p06_noise_random_walk,high_alpha,isolation,60,0.551531206855263
p06_noise_random_walk,high_alpha,isolation,61,0.580315266314120
p06_noise_random_walk,high_alpha,isolation,62,0.560700255202008
p06_noise_random_walk,high_alpha,isolation,63,0.495250480843205
p06_noise_room,high_alpha,isolation,0,0.677162884714047
p06_noise_room,high_alpha,isolation,1,0.479232207510888
p06_noise_room,high_alpha,isolation,2,0.552669488676159
p06_noise_room,high_alpha,isolation,3,0.468462178113973
p06_noise_room,high_alpha,isolation,4,0.595601961518367
p06_noise_room,high_alpha,isolation,5,0.567087203555558
p06_noise_room,high_alpha,isolation,6,0.677424204753372
p06_noise_room,high_alpha,isolation,7,0.553445405262395
p06_noise_room,high_alpha,isolation,8,0.582839737757341
p06_noise_room,high_alpha,isolation,9,0.572281688887239
p06_noise_room,high_alpha,isolation,10,0.495365027639270
p06_noise_room,high_alpha,isolation,11,0.569620928305490
p06_noise_room,high_alpha,isolation,12,0.517309175570659
p06_noise_room,high_alpha,isolation,13,0.546872360668908
p06_noise_room,high_alpha,isolation,14,0.563521074143042
p06_noise_room,high_alpha,isolation,15,0.536662044422045
p06_noise_room,high_alpha,isolation,16,0.587717101729574
p06_noise_room,high_alpha,isolation,17,0.573143931952098
p06_noise_room,high_alpha,isolation,18,0.582509285438581
p06_noise_room,high_alpha,isolation,19,0.565173617836442
p06_noise_room,high_alpha,isolation,20,0.548746838603532
p06_noise_room,high_alpha,isolation,21,0.472400647436660
p06_noise_room,high_alpha,isolation,22,0.613315238046148
p06_noise_room,high_alpha,isolation,23,0.495830466587616
p06_noise_room,high_alpha,isolation,24,0.588169774630809
p06_noise_room,high_alpha,isolation,25,0.548281416555567
p06_noise_room,high_alpha,isolation,26,0.538441350317361
p06_noise_room,high_alpha,isolation,27,0.541774601080872
p06_noise_room,high_alpha,isolation,28,0.613107604818060
p06_noise_room,high_alpha,isolation,29,0.448283266870809
p06_noise_room,high_alpha,isolation,30,0.529895211272645
p06_noise_room,high_alpha,isolation,31,0.510962408996966
p06_noise_room,high_alpha,isolation,32,0.549820070990405
p06_noise_room,high_alpha,isolation,33,0.612692015218098
p06_noise_room,high_alpha,isolation,34,0.560150689815353
p06_noise_room,high_alpha,isolation,35,0.654981437609124
p06_noise_room,high_alpha,isolation,36,0.557677938754593
p06_noise_room,high_alpha,isolation,37,0.598828784376588
p06_noise_room,high_alpha,isolation,38,0.515021249462657
p06_noise_room,high_alpha,isolation,39,0.617357160596068
p06_noise_room,high_alpha,isolation,40,0.632304276085326
p06_noise_room,high_alpha,isolation,41,0.590606295777921
p06_noise_room,high_alpha,isolation,42,0.448131005450146
p06_noise_room,high_alpha,isolation,43,0.678283825431154
p06_noise_room,high_alpha,isolation,44,0.529472205596751
p06_noise_room,high_alpha,isolation,45,0.640289260165281
p06_noise_room,high_alpha,isolation,46,0.559843583574574
p06_noise_room,high_alpha,isolation,47,0.623452826239781
p06_noise_room,high_alpha,isolation,48,0.602092936369689
p06_noise_room,high_alpha,isolation,49,0.514233604507091
p06_noise_room,high_alpha,isolation,50,0.556196447995817
p06_noise_room,high_alpha,isolation,51,0.545847397947039
p06_noise_room,high_alpha,isolation,52,0.649125081651774
p06_noise_room,high_alpha,isolation,53,0.570257960723906
p06_noise_room,high_alpha,isolation,54,0.662979655743102
p06_noise_room,high_alpha,isolation,55,0.488829243295169
p06_noise_room,high_alpha,isolation,56,0.705309953039740
p06_noise_room,high_alpha,isolation,57,0.585491060746837
p06_noise_room,high_alpha,isolation,58,0.566427487473668
p06_noise_room,high_alpha,isolation,59,0.447126269782898
p06_noise_room,high_alpha,isolation,60,0.582487018190407
p06_noise_room,high_alpha,isolation,61,0.559939629438634
p06_noise_room,high_alpha,isolation,62,0.584133219036479
p06_noise_room,high_alpha,isolation,63,0.654215875313744
p06_noise_static,high_alpha,isolation,0,0.580335619868888
p06_noise_static,high_alpha,isolation,1,0.556451201679476
p06_noise_static,high_alpha,isolation,2,0.555564040480464
p06_noise_static,high_alpha,isolation,3,0.554721981325350
p06_noise_static,high_alpha,isolation,4,0.560061717838038
p06_noise_static,high_alpha,isolation,5,0.563632406721531
p06_noise_static,high_alpha,isolation,6,0.578631851171949
p06_noise_static,high_alpha,isolation,7,0.526342594494029
p06_noise_static,high_alpha,isolation,8,0.560818469517484
p06_noise_static,high_alpha,isolation,9,0.575155968039644
p06_noise_static,high_alpha,isolation,10,0.565300652899553
p06_noise_static,high_alpha,isolation,11,0.570151674642859
p06_noise_static,high_alpha,isolation,12,0.652969555439801
p06_noise_static,high_alpha,isolation,13,0.560350066935818
p06_noise_static,high_alpha,isolation,14,0.569084561874346
p06_noise_static,high_alpha,isolation,15,0.537214719646747
p06_noise_static,high_alpha,isolation,16,0.545078695791711
p06_noise_static,high_alpha,isolation,17,0.546590614374415
p06_noise_static,high_alpha,isolation,18,0.570023855412397
p06_noise_static,high_alpha,isolation,19,0.568886226437950
p06_noise_static,high_alpha,isolation,20,0.569432182166938
p06_noise_static,high_alpha,isolation,21,0.554620867070687
p06_noise_static,high_alpha,isolation,22,0.553122870192406
p06_noise_static,high_alpha,isolation,23,0.461725079581664
p06_noise_static,high_alpha,isolation,24,0.569628466771491
p06_noise_static,high_alpha,isolation,25,0.563195522944193
p06_noise_static,high_alpha,isolation,26,0.562257467936936
p06_noise_static,high_alpha,isolation,27,0.546949324585745
p06_noise_static,high_alpha,isolation,28,0.460632363939667
p06_noise_static,high_alpha,isolation,29,0.556112890937577
p06_noise_static,high_alpha,isolation,30,0.541857442774416
p06_noise_static,high_alpha,isolation,31,0.550471662280828
p06_noise_static,high_alpha,isolation,32,0.538056517378913
p06_noise_static,high_alpha,isolation,33,0.694109877410575
p06_noise_static,high_alpha,isolation,34,0.557934497585422
p06_noise_static,high_alpha,isolation,35,0.579632181793183
p06_noise_static,high_alpha,isolation,36,0.577238367831316
p06_noise_static,high_alpha,isolation,37,0.580078849649291
p06_noise_static,high_alpha,isolation,38,0.606858304190379
p06_noise_static,high_alpha,isolation,39,0.568155307368077
p06_noise_static,high_alpha,isolation,40,0.531555757935421
p06_noise_static,high_alpha,isolation,41,0.563258684675891
p06_noise_static,high_alpha,isolation,42,0.549965750152045
p06_noise_static,high_alpha,isolation,43,0.563765538336480
p06_noise_static,high_alpha,isolation,44,0.455711572215549
p06_noise_static,high_alpha,isolation,45,0.559843114892953
p06_noise_static,high_alpha,isolation,46,0.580530355716838
p06_noise_static,high_alpha,isolation,47,0.555151066729135
p06_noise_static,high_alpha,isolation,48,0.544997931171213
p06_noise_static,high_alpha,isolation,49,0.556423335614326
p06_noise_static,high_alpha,isolation,50,0.561593740011506
p06_noise_static,high_alpha,isolation,51,0.526623115624809
p06_noise_static,high_alpha,isolation,52,0.556225325352907
p06_noise_static,high_alpha,isolation,53,0.567729297596328
p06_noise_static,high_alpha,isolation,54,0.562247823824580
p06_noise_static,high_alpha,isolation,55,0.544796144001446
p06_noise_static,high_alpha,isolation,56,0.578951178385607
p06_noise_static,high_alpha,isolation,57,0.556704049009481
p06_noise_static,high_alpha,isolation,58,0.548043424366559
p06_noise_static,high_alpha,isolation,59,0.563754376232637
p06_noise_static,high_alpha,isolation,60,0.556188510227790
p06_noise_static,high_alpha,isolation,61,0.563081851934493
p06_noise_static,high_alpha,isolation,62,0.568522330477340
p06_noise_static,high_alpha,isolation,63,0.567372482424930
p06_tone_control,high_alpha,isolation,0,0.444126254048547
p06_tone_control,high_alpha,isolation,1,0.444737705901148
p06_tone_control,high_alpha,isolation,2,0.447638989635383
p06_tone_control,high_alpha,isolation,3,0.439345221541266
p06_tone_control,high_alpha,isolation,4,0.447480157719390
p06_tone_control,high_alpha,isolation,5,0.443919243404500
p06_tone_control,high_alpha,isolation,6,0.439190992370040
p06_tone_control,high_alpha,isolation,7,0.444784191447650
p06_tone_control,high_alpha,isolation,8,0.444319863138153
p06_tone_control,high_alpha,isolation,9,0.441256654866032
p06_tone_control,high_alpha,isolation,10,0.448319107485443
p06_tone_control,high_alpha,isolation,11,0.445851295114566
p06_tone_control,high_alpha,isolation,12,0.446778567542723
p06_tone_control,high_alpha,isolation,13,0.442512134354174
p06_tone_control,high_alpha,isolation,14,0.442814312439100
p06_tone_control,high_alpha,isolation,15,0.439090942455036
p06_tone_control,high_alpha,isolation,16,0.445307839703076
p06_tone_control,high_alpha,isolation,17,0.441293054850108
p06_tone_control,high_alpha,isolation,18,0.446590604472250
p06_tone_control,high_alpha,isolation,19,0.437035448571026
p06_tone_control,high_alpha,isolation,20,0.446061824673271
p06_tone_control,high_alpha,isolation,21,0.452663812193929
p06_tone_control,high_alpha,isolation,22,0.439159510877694
p06_tone_control,high_alpha,isolation,23,0.442120934486287
p06_tone_control,high_alpha,isolation,24,0.449592370821227
p06_tone_control,high_alpha,isolation,25,0.448921971408053
p06_tone_control,high_alpha,isolation,26,0.443300963262524
p06_tone_control,high_alpha,isolation,27,0.443727638555084
p06_tone_control,high_alpha,isolation,28,0.449723419266844
p06_tone_control,high_alpha,isolation,29,0.445559988535710
p06_tone_control,high_alpha,isolation,30,0.437539877048376
p06_tone_control,high_alpha,isolation,31,0.448527710962215
p06_tone_control,high_alpha,isolation,32,0.450880216076733
p06_tone_control,high_alpha,isolation,33,0.438253441666741
p06_tone_control,high_alpha,isolation,34,0.445428057299174
p06_tone_control,high_alpha,isolation,35,0.438108389837746
p06_tone_control,high_alpha,isolation,36,0.440694617614899
p06_tone_control,high_alpha,isolation,37,0.444527074513190
p06_tone_control,high_alpha,isolation,38,0.441962367790687
p06_tone_control,high_alpha,isolation,39,0.447828981890426
p06_tone_control,high_alpha,isolation,40,0.447532153080313
p06_tone_control,high_alpha,isolation,41,0.442463992328999
p06_tone_control,high_alpha,isolation,42,0.444693113598525
p06_tone_control,high_alpha,isolation,43,0.443045032491532
p06_tone_control,high_alpha,isolation,44,0.444347220824589
p06_tone_control,high_alpha,isolation,45,0.437089909767380
p06_tone_control,high_alpha,isolation,46,0.447104057542914
p06_tone_control,high_alpha,isolation,47,0.445776853164546
p06_tone_control,high_alpha,isolation,48,0.442943669170306
p06_tone_control,high_alpha,isolation,49,0.445023479138599
p06_tone_control,high_alpha,isolation,50,0.441577083482804
p06_tone_control,high_alpha,isolation,51,0.445723415689699
p06_tone_control,high_alpha,isolation,52,0.443743837827964
p06_tone_control,high_alpha,isolation,53,0.444726075539834
p06_tone_control,high_alpha,isolation,54,0.444036503777260
p06_tone_control,high_alpha,isolation,55,0.445232223092443
p06_tone_control,high_alpha,isolation,56,0.444508438666893
p06_tone_control,high_alpha,isolation,57,0.448219469124923
p06_tone_control,high_alpha,isolation,58,0.447478601212937
p06_tone_control,high_alpha,isolation,59,0.439974312232849
p06_tone_control,high_alpha,isolation,60,0.445830423585652
p06_tone_control,high_alpha,isolation,61,0.442133038373459
p06_tone_control,high_alpha,isolation,62,0.444633999806097
p06_tone_control,high_alpha,isolation,63,0.443068045607115
p06_noise_random_pulse,high_alpha,meditation,0,0.397065853662525
p06_noise_random_pulse,high_alpha,meditation,1,0.365438174799898
p06_noise_random_pulse,high_alpha,meditation,2,0.571382722298250
p06_noise_random_pulse,high_alpha,meditation,3,0.445858936850397
p06_noise_random_pulse,high_alpha,meditation,4,0.351147553285163
p06_noise_random_pulse,high_alpha,meditation,5,0.507053926539337
p06_noise_random_pulse,high_alpha,meditation,6,0.494214338607247
p06_noise_random_pulse,high_alpha,meditation,7,0.419557276191165
p06_noise_random_pulse,high_alpha,meditation,8,0.382404101087593
p06_noise_random_pulse,high_alpha,meditation,9,0.432015607528930
p06_noise_random_pulse,high_alpha,meditation,10,0.375916274832849
p06_noise_random_pulse,high_alpha,meditation,11,0.594584119955864
p06_noise_random_pulse,high_alpha,meditation,12,0.574870615116091
p06_noise_random_pulse,high_alpha,meditation,13,0.380187997339892
p06_noise_random_pulse,high_alpha,meditation,14,0.441694472008993
p06_noise_random_pulse,high_alpha,meditation,15,0.454028530254107
p06_noise_random_pulse,high_alpha,meditation,16,0.433433952913976
p06_noise_random_pulse,high_alpha,meditation,17,0.400656768841573
p06_noise_random_pulse,high_alpha,meditation,18,0.510397171062703
p06_noise_random_pulse,high_alpha,meditation,19,0.427130564132188
p06_noise_random_pulse,high_alpha,meditation,20,0.409350499903803
p06_noise_random_pulse,high_alpha,meditation,21,0.457474986860607
p06_noise_random_pulse,high_alpha,meditation,22,0.470580549437885
p06_noise_random_pulse,high_alpha,meditation,23,0.390567105814091
p06_noise_random_pulse,high_alpha,meditation,24,0.365648511693955
p06_noise_random_pulse,high_alpha,meditation,25,0.339617663780242
p06_noise_random_pulse,high_alpha,meditation,26,0.440235533505997
p06_noise_random_pulse,high_alpha,meditation,27,0.447945619249644
p06_noise_random_pulse,high_alpha,meditation,28,0.389026246541753
p06_noise_random_pulse,high_alpha,meditation,29,0.402294707966823
p06_noise_random_pulse,high_alpha,meditation,30,0.481305373106260
p06_noise_random_pulse,high_alpha,meditation,31,0.313967940879300
p06_noise_random_pulse,high_alpha,meditation,32,0.473241907714792
p06_noise_random_pulse,high_alpha,meditation,33,0.462097027664715
p06_noise_random_pulse,high_alpha,meditation,34,0.487641044016362
p06_noise_random_pulse,high_alpha,meditation,35,0.503925434487191
p06_noise_random_pulse,high_alpha,meditation,36,0.388195410466291
p06_noise_random_pulse,high_alpha,meditation,37,0.454757422305898
p06_noise_random_pulse,high_alpha,meditation,38,0.319829216421872
p06_noise_random_pulse,high_alpha,meditation,39,0.331891197565025
p06_noise_random_pulse,high_alpha,meditation,40,0.443272150229374
p06_noise_random_pulse,high_alpha,meditation,41,0.452888896143263
p06_noise_random_pulse,high_alpha,meditation,42,0.565059763686688
p06_noise_random_pulse,high_alpha,meditation,43,0.410620493358309
p06_noise_random_pulse,high_alpha,meditation,44,0.452926812269880
p06_noise_random_pulse,high_alpha,meditation,45,0.417032433888065
p06_noise_random_pulse,high_alpha,meditation,46,0.386328019712065
p06_noise_random_pulse,high_alpha,meditation,47,0.383628329719758
p06_noise_random_pulse,high_alpha,meditation,48,0.422971922578525
p06_noise_random_pulse,high_alpha,meditation,49,0.518449536646351
p06_noise_random_pulse,high_alpha,meditation,50,0.445014401654562
p06_noise_random_pulse,high_alpha,meditation,51,0.359758755156113
p06_noise_random_pulse,high_alpha,meditation,52,0.442056893567066
p06_noise_random_pulse,high_alpha,meditation,53,0.415721641803414
p06_noise_random_pulse,high_alpha,meditation,54,0.437420382807505
p06_noise_random_pulse,high_alpha,meditation,55,0.528845358956480
p06_noise_random_pulse,high_alpha,meditation,56,0.484349624959399
p06_noise_random_pulse,high_alpha,meditation,57,0.477664170685454
p06_noise_random_pulse,high_alpha,meditation,58,0.479473033874966
p06_noise_random_pulse,high_alpha,meditation,59,0.445597452537797
p06_noise_random_pulse,high_alpha,meditation,60,0.371804720385295
p06_noise_random_pulse,high_alpha,meditation,61,0.467052852975784
p06_noise_random_pulse,high_alpha,meditation,62,0.452232634358145
p06_noise_random_pulse,high_alpha,meditation,63,0.427094549993638
p06_noise_random_walk,high_alpha,meditation,0,0.376267994367285
p06_noise_random_walk,high_alpha,meditation,1,0.561860056278009
p06_noise_random_walk,high_alpha,meditation,2,0.585511874723243
p06_noise_random_walk,high_alpha,meditation,3,0.550424217535214
p06_noise_random_walk,high_alpha,meditation,4,0.469010134655945
p06_noise_random_walk,high_alpha,meditation,5,0.489875133386858
p06_noise_random_walk,high_alpha,meditation,6,0.500064391076005
p06_noise_random_walk,high_alpha,meditation,7,0.402164542536303
p06_noise_random_walk,high_alpha,meditation,8,0.423449341071595
p06_noise_random_walk,high_alpha,meditation,9,0.567546541249866
p06_noise_random_walk,high_alpha,meditation,10,0.403882671588859
p06_noise_random_walk,high_alpha,meditation,11,0.543056554462921
p06_noise_random_walk,high_alpha,meditation,12,0.473252214522655
p06_noise_random_walk,high_alpha,meditation,13,0.633465935833091
p06_noise_random_walk,high_alpha,meditation,14,0.553289543386282
p06_noise_random_walk,high_alpha,meditation,15,0.469644033443754
p06_noise_random_walk,high_alpha,meditation,16,0.546465578840555
p06_noise_random_walk,high_alpha,meditation,17,0.447451851554591
p06_noise_random_walk,high_alpha,meditation,18,0.525352238847740
p06_noise_random_walk,high_alpha,meditation,19,0.512763803358668
p06_noise_random_walk,high_alpha,meditation,20,0.392941272685000
p06_noise_random_walk,high_alpha,meditation,21,0.399984006170128
p06_noise_random_walk,high_alpha,meditation,22,0.558246649769879
p06_noise_random_walk,high_alpha,meditation,23,0.501557347968934
p06_noise_random_walk,high_alpha,meditation,24,0.442178388877503
p06_noise_random_walk,high_alpha,meditation,25,0.479667536562708
p06_noise_random_walk,high_alpha,meditation,26,0.498581036086903
p06_noise_random_walk,high_alpha,meditation,27,0.515960586429598
p06_noise_random_walk,high_alpha,meditation,28,0.511865329273183
p06_noise_random_walk,high_alpha,meditation,29,0.542726774518591
p06_noise_random_walk,high_alpha,meditation,30,0.497348405659900
p06_noise_random_walk,high_alpha,meditation,31,0.410193828135087
p06_noise_random_walk,high_alpha,meditation,32,0.487415210569492
p06_noise_random_walk,high_alpha,meditation,33,0.559365015769354
p06_noise_random_walk,high_alpha,meditation,34,0.421525288803913
p06_noise_random_walk,high_alpha,meditation,35,0.380456409064966
p06_noise_random_walk,high_alpha,meditation,36,0.605908643379640
p06_noise_random_walk,high_alpha,meditation,37,0.477053539379184
p06_noise_random_walk,high_alpha,meditation,38,0.380591460395843
p06_noise_random_walk,high_alpha,meditation,39,0.463674785372635
p06_noise_random_walk,high_alpha,meditation,40,0.557781043721506
p06_noise_random_walk,high_alpha,meditation,41,0.399558360206503
p06_noise_random_walk,high_alpha,meditation,42,0.385529864671738
p06_noise_random_walk,high_alpha,meditation,43,0.442587427284007
p06_noise_random_walk,high_alpha,meditation,44,0.446878231481244
p06_noise_random_walk,high_alpha,meditation,45,0.477821683801507
p06_noise_random_walk,high_alpha,meditation,46,0.532346202636667
p06_noise_random_walk,high_alpha,meditation,47,0.478427562297170
p06_noise_random_walk,high_alpha,meditation,48,0.490150188287666
p06_noise_random_walk,high_alpha,meditation,49,0.483572272027255
p06_noise_random_walk,high_alpha,meditation,50,0.467697892376762
p06_noise_random_walk,high_alpha,meditation,51,0.515441842014760
p06_noise_random_walk,high_alpha,meditation,52,0.459610566539102
p06_noise_random_walk,high_alpha,meditation,53,0.406566611758997
p06_noise_random_walk,high_alpha,meditation,54,0.475191687956912
p06_noise_random_walk,high_alpha,meditation,55,0.472174386497279
p06_noise_random_walk,high_alpha,meditation,56,0.504561013994928
p06_noise_random_walk,high_alpha,meditation,57,0.489324789792972
p06_noise_random_walk,high_alpha,meditation,58,0.541144050985422
p06_noise_random_walk,high_alpha,meditation,59,0.603889082134962
p06_noise_random_walk,high_alpha,meditation,60,0.600177007885259
p06_noise_random_walk,high_alpha,meditation,61,0.390370664005631
p06_noise_random_walk,high_alpha,meditation,62,0.464883428577497
p06_noise_random_walk,high_alpha,meditation,63,0.483630220009333
p06_noise_room,high_alpha,meditation,0,0.441648604267906
p06_noise_room,high_alpha,meditation,1,0.500912967671171
p06_noise_room,high_alpha,meditation,2,0.536719932404692
p06_noise_room,high_alpha,meditation,3,0.477583302237188
p06_noise_room,high_alpha,meditation,4,0.402693089527815
p06_noise_room,high_alpha,meditation,5,0.522335924515451
p06_noise_room,high_alpha,meditation,6,0.454679109079206
p06_noise_room,high_alpha,meditation,7,0.434586102272473
p06_noise_room,high_alpha,meditation,8,0.513980376311562
p06_noise_room,high_alpha,meditation,9,0.461989218873452
p06_noise_room,high_alpha,meditation,10,0.552740131978243
p06_noise_room,high_alpha,meditation,11,0.477863954624274
p06_noise_room,high_alpha,meditation,12,0.545873253464410
p06_noise_room,high_alpha,meditation,13,0.481020032202297
p06_noise_room,high_alpha,meditation,14,0.369388686104218
p06_noise_room,high_alpha,meditation,15,0.383842853672664
p06_noise_room,high_alpha,meditation,16,0.461626978650824
p06_noise_room,high_alpha,meditation,17,0.507363304336453
p06_noise_room,high_alpha,meditation,18,0.412630844603219
p06_noise_room,high_alpha,meditation,19,0.435541062717150
p06_noise_room,high_alpha,meditation,20,0.466118353158652
p06_noise_room,high_alpha,meditation,21,0.558613161713174
p06_noise_room,high_alpha,meditation,22,0.483798032064071
p06_noise_room,high_alpha,meditation,23,0.534874426505702
p06_noise_room,high_alpha,meditation,24,0.497611719879939
p06_noise_room,high_alpha,meditation,25,0.392364368703483
p06_noise_room,high_alpha,meditation,26,0.426227381198946
p06_noise_room,high_alpha,meditation,27,0.378244263890136
p06_noise_room,high_alpha,meditation,28,0.526932974440476
p06_noise_room,high_alpha,meditation,29,0.464082465362637
p06_noise_room,high_alpha,meditation,30,0.442717104644883
p06_noise_room,high_alpha,meditation,31,0.423254537796055
p06_noise_room,high_alpha,meditation,32,0.460324478409214
p06_noise_room,high_alpha,meditation,33,0.530803350496757
p06_noise_room,high_alpha,meditation,34,0.533706929619230
p06_noise_room,high_alpha,meditation,35,0.432621967494417
p06_noise_room,high_alpha,meditation,36,0.484450207499711
p06_noise_room,high_alpha,meditation,37,0.511404308664598
p06_noise_room,high_alpha,meditation,38,0.492167487082383
p06_noise_room,high_alpha,meditation,39,0.547569174492380
p06_noise_room,high_alpha,meditation,40,0.381308301489214
p06_noise_room,high_alpha,meditation,41,0.426464039494211
p06_noise_room,high_alpha,meditation,42,0.460182134463959
p06_noise_room,high_alpha,meditation,43,0.606982561523750
p06_noise_room,high_alpha,meditation,44,0.471135012337391
p06_noise_room,high_alpha,meditation,45,0.457016359671312
p06_noise_room,high_alpha,meditation,46,0.490296147018493
p06_noise_room,high_alpha,meditation,47,0.547065290054236
p06_noise_room,high_alpha,meditation,48,0.442653296279640
p06_noise_room,high_alpha,meditation,49,0.447619221365545
p06_noise_room,high_alpha,meditation,50,0.487608508792166
p06_noise_room,high_alpha,meditation,51,0.452272121403921
p06_noise_room,high_alpha,meditation,52,0.518182945877470
p06_noise_room,high_alpha,meditation,53,0.504295735825379
p06_noise_room,high_alpha,meditation,54,0.494822121580595
p06_noise_room,high_alpha,meditation,55,0.550156730908241
p06_noise_room,high_alpha,meditation,56,0.562409135686899
p06_noise_room,high_alpha,meditation,57,0.581518030940782
p06_noise_room,high_alpha,meditation,58,0.522509031891877
p06_noise_room,high_alpha,meditation,59,0.426792784512339
p06_noise_room,high_alpha,meditation,60,0.431511173750332
p06_noise_room,high_alpha,meditation,61,0.435203216482988
p06_noise_room,high_alpha,meditation,62,0.413620933016885
p06_noise_room,high_alpha,meditation,63,0.500125593917648
p06_noise_static,high_alpha,meditation,0,0.512990251833708
p06_noise_static,high_alpha,meditation,1,0.442591812644513
p06_noise_static,high_alpha,meditation,2,0.389187357277782
p06_noise_static,high_alpha,meditation,3,0.455228079384344
p06_noise_static,high_alpha,meditation,4,0.404472503152817
p06_noise_static,high_alpha,meditation,5,0.504907070943414
p06_noise_static,high_alpha,meditation,6,0.534626563589927
p06_noise_static,high_alpha,meditation,7,0.393217168534805
p06_noise_static,high_alpha,meditation,8,0.431900146529619
p06_noise_static,high_alpha,meditation,9,0.514931167164722
p06_noise_static,high_alpha,meditation,10,0.442365284400100
p06_noise_static,high_alpha,meditation,11,0.427929708013224
p06_noise_static,high_alpha,meditation,12,0.505445234307596
p06_noise_static,high_alpha,meditation,13,0.433573009951025
p06_noise_static,high_alpha,meditation,14,0.427348225640082
p06_noise_static,high_alpha,meditation,15,0.419633176291326
p06_noise_static,high_alpha,meditation,16,0.407339661864424
p06_noise_static,high_alpha,meditation,17,0.468089998878696
p06_noise_static,high_alpha,meditation,18,0.431666578135464
p06_noise_static,high_alpha,meditation,19,0.442558544190582
p06_noise_static,high_alpha,meditation,20,0.431317966961552
p06_noise_static,high_alpha,meditation,21,0.428213573015275
p06_noise_static,high_alpha,meditation,22,0.400143136879418
p06_noise_static,high_alpha,meditation,23,0.473806111412195
p06_noise_static,high_alpha,meditation,24,0.409332212630206
p06_noise_static,high_alpha,meditation,25,0.406262738604317
p06_noise_static,high_alpha,meditation,26,0.406718503290657
p06_noise_static,high_alpha,meditation,27,0.433852941125879
p06_noise_static,high_alpha,meditation,28,0.513652598875665
p06_noise_static,high_alpha,meditation,29,0.411166965916893
p06_noise_static,high_alpha,meditation,30,0.375651841211590
p06_noise_static,high_alpha,meditation,31,0.485761935033454
p06_noise_static,high_alpha,meditation,32,0.456666245731469
p06_noise_static,high_alpha,meditation,33,0.664405492819641
p06_noise_static,high_alpha,meditation,34,0.425102630767729
p06_noise_static,high_alpha,meditation,35,0.519195648581407
p06_noise_static,high_alpha,meditation,36,0.454244591088412
p06_noise_static,high_alpha,meditation,37,0.449137292861600
p06_noise_static,high_alpha,meditation,38,0.489671723415839
p06_noise_static,high_alpha,meditation,39,0.427179462016773
p06_noise_static,high_alpha,meditation,40,0.416972624336480
p06_noise_static,high_alpha,meditation,41,0.430730122792584
p06_noise_static,high_alpha,meditation,42,0.489478355830068
p06_noise_static,high_alpha,meditation,43,0.388623274597997
p06_noise_static,high_alpha,meditation,44,0.498188370358883
p06_noise_static,high_alpha,meditation,45,0.445794323097334
p06_noise_static,high_alpha,meditation,46,0.523492009355352
p06_noise_static,high_alpha,meditation,47,0.433834565812239
p06_noise_static,high_alpha,meditation,48,0.385280422586204
p06_noise_static,high_alpha,meditation,49,0.410503757948339
p06_noise_static,high_alpha,meditation,50,0.437072505475037
p06_noise_static,high_alpha,meditation,51,0.446707308802922
p06_noise_static,high_alpha,meditation,52,0.436135965366387
p06_noise_static,high_alpha,meditation,53,0.499607204892441
p06_noise_static,high_alpha,meditation,54,0.477297609200780
p06_noise_static,high_alpha,meditation,55,0.398548200899400
p06_noise_static,high_alpha,meditation,56,0.462742617446802
p06_noise_static,high_alpha,meditation,57,0.458071423250536
p06_noise_static,high_alpha,meditation,58,0.445094058893508
p06_noise_static,high_alpha,meditation,59,0.430111267960593
p06_noise_static,high_alpha,meditation,60,0.415047231636972
p06_noise_static,high_alpha,meditation,61,0.451455110067139
p06_noise_static,high_alpha,meditation,62,0.448104029856003
p06_noise_static,high_alpha,meditation,63,0.432548242972135
p06_tone_control,high_alpha,meditation,0,0.340691183676516
p06_tone_control,high_alpha,meditation,1,0.345283932678615
p06_tone_control,high_alpha,meditation,2,0.337454505202527
p06_tone_control,high_alpha,meditation,3,0.338007287104182
p06_tone_control,high_alpha,meditation,4,0.340971644040227
p06_tone_control,high_alpha,meditation,5,0.347461065258740
p06_tone_control,high_alpha,meditation,6,0.340516286041943
p06_tone_control,high_alpha,meditation,7,0.337093598779703
p06_tone_control,high_alpha,meditation,8,0.334583015458431
p06_tone_control,high_alpha,meditation,9,0.340543811395360
p06_tone_control,high_alpha,meditation,10,0.344249826327833
p06_tone_control,high_alpha,meditation,11,0.337326308481507
p06_tone_control,high_alpha,meditation,12,0.343350816870961
p06_tone_control,high_alpha,meditation,13,0.343658943997807
p06_tone_control,high_alpha,meditation,14,0.337706567171841
p06_tone_control,high_alpha,meditation,15,0.344290313815480
p06_tone_control,high_alpha,meditation,16,0.345217623738946
p06_tone_control,high_alpha,meditation,17,0.346196551428828
p06_tone_control,high_alpha,meditation,18,0.339196802269408
p06_tone_control,high_alpha,meditation,19,0.334780270480425
p06_tone_control,high_alpha,meditation,20,0.342334219397517
p06_tone_control,high_alpha,meditation,21,0.339266814634774
p06_tone_control,high_alpha,meditation,22,0.341465254084573
p06_tone_control,high_alpha,meditation,23,0.336818435747440
p06_tone_control,high_alpha,meditation,24,0.341409083284121
p06_tone_control,high_alpha,meditation,25,0.338024535355633
p06_tone_control,high_alpha,meditation,26,0.338143608925414
p06_tone_control,high_alpha,meditation,27,0.341332147376185
p06_tone_control,high_alpha,meditation,28,0.341826557523978
p06_tone_control,high_alpha,meditation,29,0.341573240371681
p06_tone_control,high_alpha,meditation,30,0.336638746695587
p06_tone_control,high_alpha,meditation,31,0.343485332526248
p06_tone_control,high_alpha,meditation,32,0.343690139256450
p06_tone_control,high_alpha,meditation,33,0.343988582846267
p06_tone_control,high_alpha,meditation,34,0.346072930898646
p06_tone_control,high_alpha,meditation,35,0.340745390186207
p06_tone_control,high_alpha,meditation,36,0.341953024524857
p06_tone_control,high_alpha,meditation,37,0.343288464472341
p06_tone_control,high_alpha,meditation,38,0.345134036846352
p06_tone_control,high_alpha,meditation,39,0.342708466650717
p06_tone_control,high_alpha,meditation,40,0.337278727408184
p06_tone_control,high_alpha,meditation,41,0.344297856316866
p06_tone_control,high_alpha,meditation,42,0.346091708561952
p06_tone_control,high_alpha,meditation,43,0.345110852126206
p06_tone_control,high_alpha,meditation,44,0.345905316403122
p06_tone_control,high_alpha,meditation,45,0.338805232332019
p06_tone_control,high_alpha,meditation,46,0.346103517608564
p06_tone_control,high_alpha,meditation,47,0.344843361925607
p06_tone_control,high_alpha,meditation,48,0.345173603000813
p06_tone_control,high_alpha,meditation,49,0.344924002062029
p06_tone_control,high_alpha,meditation,50,0.340758872161803
p06_tone_control,high_alpha,meditation,51,0.343286173189610
p06_tone_control,high_alpha,meditation,52,0.342209790770864
p06_tone_control,high_alpha,meditation,53,0.346810764523006
p06_tone_control,high_alpha,meditation,54,0.345673855889100
p06_tone_control,high_alpha,meditation,55,0.345033224091221
p06_tone_control,high_alpha,meditation,56,0.334840529748134
p06_tone_control,high_alpha,meditation,57,0.345352754796250
p06_tone_control,high_alpha,meditation,58,0.344364778820955
p06_tone_control,high_alpha,meditation,59,0.343623088697595
p06_tone_control,high_alpha,meditation,60,0.342515029699816
p06_tone_control,high_alpha,meditation,61,0.344336858913733
p06_tone_control,high_alpha,meditation,62,0.344357728265930
p06_tone_control,high_alpha,meditation,63,0.343811729414616
p06_noise_random_pulse,high_alpha,shield,0,0.172410239199703
p06_noise_random_pulse,high_alpha,shield,1,0.233964199616922
p06_noise_random_pulse,high_alpha,shield,2,0.298941166014950
p06_noise_random_pulse,high_alpha,shield,3,0.213047968069677
p06_noise_random_pulse,high_alpha,shield,4,0.182963486780785
p06_noise_random_pulse,high_alpha,shield,5,0.231423084583618
p06_noise_random_pulse,high_alpha,shield,6,0.289015653156998
p06_noise_random_pulse,high_alpha,shield,7,0.284466096660172
p06_noise_random_pulse,high_alpha,shield,8,0.215386464249213
p06_noise_random_pulse,high_alpha,shield,9,0.247774963353602
p06_noise_random_pulse,high_alpha,shield,10,0.185146958223570
p06_noise_random_pulse,high_alpha,shield,11,0.258078448237186
p06_noise_random_pulse,high_alpha,shield,12,0.325849633997151
p06_noise_random_pulse,high_alpha,shield,13,0.250704923639496
p06_noise_random_pulse,high_alpha,shield,14,0.274217105289572
p06_noise_random_pulse,high_alpha,shield,15,0.193661883596272
p06_noise_random_pulse,high_alpha,shield,16,0.199652817616146
p06_noise_random_pulse,high_alpha,shield,17,0.272984110193181
p06_noise_random_pulse,high_alpha,shield,18,0.252159751032927
p06_noise_random_pulse,high_alpha,shield,19,0.216248123495884
p06_noise_random_pulse,high_alpha,shield,20,0.265923077643105
p06_noise_random_pulse,high_alpha,shield,21,0.262099265028374
p06_noise_random_pulse,high_alpha,shield,22,0.231467044191376
p06_noise_random_pulse,high_alpha,shield,23,0.148745816809979
p06_noise_random_pulse,high_alpha,shield,24,0.189873888281123
p06_noise_random_pulse,high_alpha,shield,25,0.094671383694705
p06_noise_random_pulse,high_alpha,shield,26,0.145682949008387
p06_noise_random_pulse,high_alpha,shield,27,0.098218012388377
p06_noise_random_pulse,high_alpha,shield,28,0.230752328466598
p06_noise_random_pulse,high_alpha,shield,29,0.227563086053361
p06_noise_random_pulse,high_alpha,shield,30,0.234376521677546
p06_noise_random_pulse,high_alpha,shield,31,0.081962515216135
p06_noise_random_pulse,high_alpha,shield,32,0.275341953098857
p06_noise_random_pulse,high_alpha,shield,33,0.250076753465308
p06_noise_random_pulse,high_alpha,shield,34,0.217191376835526
p06_noise_random_pulse,high_alpha,shield,35,0.275679869995029
p06_noise_random_pulse,high_alpha,shield,36,0.244013014485021
p06_noise_random_pulse,high_alpha,shield,37,0.204533747376986
p06_noise_random_pulse,high_alpha,shield,38,0.080331874732538
p06_noise_random_pulse,high_alpha,shield,39,0.094457484659737
p06_noise_random_pulse,high_alpha,shield,40,0.158321179560381
p06_noise_random_pulse,high_alpha,shield,41,0.246432996039922
p06_noise_random_pulse,high_alpha,shield,42,0.284019628369495
p06_noise_random_pulse,high_alpha,shield,43,0.200177763932119
p06_noise_random_pulse,high_alpha,shield,44,0.092300520997923
p06_noise_random_pulse,high_alpha,shield,45,0.270540092988092
p06_noise_random_pulse,high_alpha,shield,46,0.258119668494203
p06_noise_random_pulse,high_alpha,shield,47,0.202536369106254
p06_noise_random_pulse,high_alpha,shield,48,0.099184873362290
p06_noise_random_pulse,high_alpha,shield,49,0.247093209386942
p06_noise_random_pulse,high_alpha,shield,50,0.208057796839753
p06_noise_random_pulse,high_alpha,shield,51,0.229033560551770
p06_noise_random_pulse,high_alpha,shield,52,0.262128413588840
p06_noise_random_pulse,high_alpha,shield,53,0.291551178656647
p06_noise_random_pulse,high_alpha,shield,54,0.295840877495993
p06_noise_random_pulse,high_alpha,shield,55,0.294859605287991
p06_noise_random_pulse,high_alpha,shield,56,0.219835595754712
p06_noise_random_pulse,high_alpha,shield,57,0.221147035862564
p06_noise_random_pulse,high_alpha,shield,58,0.238582262754779
p06_noise_random_pulse,high_alpha,shield,59,0.247556127464779
p06_noise_random_pulse,high_alpha,shield,60,0.113905172466262
p06_noise_random_pulse,high_alpha,shield,61,0.246475046204052
p06_noise_random_pulse,high_alpha,shield,62,0.246337891758200
p06_noise_random_pulse,high_alpha,shield,63,0.213926669096128
p06_noise_random_walk,high_alpha,shield,0,0.080827408329321
p06_noise_random_walk,high_alpha,shield,1,0.251642196574169
p06_noise_random_walk,high_alpha,shield,2,0.265716654161782
p06_noise_random_walk,high_alpha,shield,3,0.193036350899569
p06_noise_random_walk,high_alpha,shield,4,0.263903560088818
p06_noise_random_walk,high_alpha,shield,5,0.317671870321497
p06_noise_random_walk,high_alpha,shield,6,0.208865783808110
p06_noise_random_walk,high_alpha,shield,7,0.298400185464261
p06_noise_random_walk,high_alpha,shield,8,0.219841934559276
p06_noise_random_walk,high_alpha,shield,9,0.226710983636460
p06_noise_random_walk,high_alpha,shield,10,0.304188447917229
p06_noise_random_walk,high_alpha,shield,11,0.287281877068465
p06_noise_random_walk,high_alpha,shield,12,0.330737567536357
p06_noise_random_walk,high_alpha,shield,13,0.308570494158177
p06_noise_random_walk,high_alpha,shield,14,0.230850753509217
p06_noise_random_walk,high_alpha,shield,15,0.285643706509981
p06_noise_random_walk,high_alpha,shield,16,0.267471941054989
p06_noise_random_walk,high_alpha,shield,17,0.265831961215848
p06_noise_random_walk,high_alpha,shield,18,0.260958685579270
p06_noise_random_walk,high_alpha,shield,19,0.217410301299288
p06_noise_random_walk,high_alpha,shield,20,0.215174549067756
p06_noise_random_walk,high_alpha,shield,21,0.356749329107861
p06_noise_random_walk,high_alpha,shield,22,0.272142378415447
p06_noise_random_walk,high_alpha,shield,23,0.208811844916699
p06_noise_random_walk,high_alpha,shield,24,0.326058398556715
p06_noise_random_walk,high_alpha,shield,25,0.190698631531320
p06_noise_random_walk,high_alpha,shield,26,0.182608767660264
p06_noise_random_walk,high_alpha,shield,27,0.246160010942224
p06_noise_random_walk,high_alpha,shield,28,0.285031174056105
p06_noise_random_walk,high_alpha,shield,29,0.280562404316476
p06_noise_random_walk,high_alpha,shield,30,0.201966622873444
p06_noise_random_walk,high_alpha,shield,31,0.231900519415959
p06_noise_random_walk,high_alpha,shield,32,0.268559430590458
p06_noise_random_walk,high_alpha,shield,33,0.260918049708037
p06_noise_random_walk,high_alpha,shield,34,0.327432561419914
p06_noise_random_walk,high_alpha,shield,35,0.312609791016982
p06_noise_random_walk,high_alpha,shield,36,0.290904559114592
p06_noise_random_walk,high_alpha,shield,37,0.264086506360891
p06_noise_random_walk,high_alpha,shield,38,0.280277145287046
p06_noise_random_walk,high_alpha,shield,39,0.305161820399786
p06_noise_random_walk,high_alpha,shield,40,0.262591046632053
p06_noise_random_walk,high_alpha,shield,41,0.246805461408814
p06_noise_random_walk,high_alpha,shield,42,0.309226293946396
p06_noise_random_walk,high_alpha,shield,43,0.242032088147085
p06_noise_random_walk,high_alpha,shield,44,0.238040373743350
p06_noise_random_walk,high_alpha,shield,45,0.227845415882294
p06_noise_random_walk,high_alpha,shield,46,0.245418080076518
p06_noise_random_walk,high_alpha,shield,47,0.239238101061883
p06_noise_random_walk,high_alpha,shield,48,0.186586301780076
p06_noise_random_walk,high_alpha,shield,49,0.263774087693776
p06_noise_random_walk,high_alpha,shield,50,0.266321697381062
p06_noise_random_walk,high_alpha,shield,51,0.231712934748573
p06_noise_random_walk,high_alpha,shield,52,0.223044196138372
p06_noise_random_walk,high_alpha,shield,53,0.243999674185799
p06_noise_random_walk,high_alpha,shield,54,0.167192283359274
p06_noise_random_walk,high_alpha,shield,55,0.158125397493248
p06_noise_random_walk,high_alpha,shield,56,0.324497320874193
p06_noise_random_walk,high_alpha,shield,57,0.223458119351183
p06_noise_random_walk,high_alpha,shield,58,0.285240745481563
p06_noise_random_walk,high_alpha,shield,59,0.276772126672367
p06_noise_random_walk,high_alpha,shield,60,0.303374981886253
p06_noise_random_walk,high_alpha,shield,61,0.176045782590074
p06_noise_random_walk,high_alpha,shield,62,0.192425653010346
p06_noise_random_walk,high_alpha,shield,63,0.209729283192686
p06_noise_room,high_alpha,shield,0,0.229450681480671
p06_noise_room,high_alpha,shield,1,0.238171048889631
p06_noise_room,high_alpha,shield,2,0.303881592001176
p06_noise_room,high_alpha,shield,3,0.197142761531441
p06_noise_room,high_alpha,shield,4,0.232017200601709
p06_noise_room,high_alpha,shield,5,0.200130888241467
p06_noise_room,high_alpha,shield,6,0.176819976936583
p06_noise_room,high_alpha,shield,7,0.310417111449050
p06_noise_room,high_alpha,shield,8,0.323048036696235
p06_noise_room,high_alpha,shield,9,0.318403041767553
p06_noise_room,high_alpha,shield,10,0.189111728472438
p06_noise_room,high_alpha,shield,11,0.252984704424560
p06_noise_room,high_alpha,shield,12,0.281958007724048
p06_noise_room,high_alpha,shield,13,0.252292929742172
p06_noise_room,high_alpha,shield,14,0.150018116817222
p06_noise_room,high_alpha,shield,15,0.282593386513826
p06_noise_room,high_alpha,shield,16,0.306296914015033
p06_noise_room,high_alpha,shield,17,0.325431855009966
p06_noise_room,high_alpha,shield,18,0.226432276527211
p06_noise_room,high_alpha,shield,19,0.313839384728821
p06_noise_room,high_alpha,shield,20,0.252350566805307
p06_noise_room,high_alpha,shield,21,0.247933916605131
p06_noise_room,high_alpha,shield,22,0.331466729757376
p06_noise_room,high_alpha,shield,23,0.240384402445060
p06_noise_room,high_alpha,shield,24,0.213526461607363
p06_noise_room,high_alpha,shield,25,0.288040082621499
p06_noise_room,high_alpha,shield,26,0.259515910386103
p06_noise_room,high_alpha,shield,27,0.221020380456327
p06_noise_room,high_alpha,shield,28,0.315850724020724
p06_noise_room,high_alpha,shield,29,0.197941609425691
p06_noise_room,high_alpha,shield,30,0.306923484898614
p06_noise_room,high_alpha,shield,31,0.155919776274572
p06_noise_room,high_alpha,shield,32,0.187359774315883
p06_noise_room,high_alpha,shield,33,0.282204202744218
p06_noise_room,high_alpha,shield,34,0.285668112637212
p06_noise_room,high_alpha,shield,35,0.179109757974694
p06_noise_room,high_alpha,shield,36,0.184377394593445
p06_noise_room,high_alpha,shield,37,0.287181344914117
p06_noise_room,high_alpha,shield,38,0.193431743920565
p06_noise_room,high_alpha,shield,39,0.267522063190265
p06_noise_room,high_alpha,shield,40,0.153793356922331
p06_noise_room,high_alpha,shield,41,0.284701364097196
p06_noise_room,high_alpha,shield,42,0.196140594989010
p06_noise_room,high_alpha,shield,43,0.314193871362024
p06_noise_room,high_alpha,shield,44,0.184475716182547
p06_noise_room,high_alpha,shield,45,0.328337655203258
p06_noise_room,high_alpha,shield,46,0.318114619140111
p06_noise_room,high_alpha,shield,47,0.275203935016291
p06_noise_room,high_alpha,shield,48,0.327947605963506
p06_noise_room,high_alpha,shield,49,0.239371898424775
p06_noise_room,high_alpha,shield,50,0.315841795047875
p06_noise_room,high_alpha,shield,51,0.324581211960191
p06_noise_room,high_alpha,shield,52,0.274791341635506
p06_noise_room,high_alpha,shield,53,0.332274631295529
p06_noise_room,high_alpha,shield,54,0.220850817741274
p06_noise_room,high_alpha,shield,55,0.238065438880637
p06_noise_room,high_alpha,shield,56,0.324534731816367
p06_noise_room,high_alpha,shield,57,0.312784081311771
p06_noise_room,high_alpha,shield,58,0.260379078924048
p06_noise_room,high_alpha,shield,59,0.194259303118299
p06_noise_room,high_alpha,shield,60,0.220374546639840
p06_noise_room,high_alpha,shield,61,0.271351171381084
p06_noise_room,high_alpha,shield,62,0.168096809856160
p06_noise_room,high_alpha,shield,63,0.274841094245952
p06_noise_static,high_alpha,shield,0,0.236063919469455
p06_noise_static,high_alpha,shield,1,0.319529744934475
p06_noise_static,high_alpha,shield,2,0.237706092882932
p06_noise_static,high_alpha,shield,3,0.244282703210170
p06_noise_static,high_alpha,shield,4,0.236926643947768
p06_noise_static,high_alpha,shield,5,0.220562036053563
p06_noise_static,high_alpha,shield,6,0.233795848781957
p06_noise_static,high_alpha,shield,7,0.263196108458439
p06_noise_static,high_alpha,shield,8,0.309818074623774
p06_noise_static,high_alpha,shield,9,0.245813757329167
p06_noise_static,high_alpha,shield,10,0.282799096320519
p06_noise_static,high_alpha,shield,11,0.277070320570854
p06_noise_static,high_alpha,shield,12,0.245075874686922
p06_noise_static,high_alpha,shield,13,0.323401342153167
p06_noise_static,high_alpha,shield,14,0.312835401653017
p06_noise_static,high_alpha,shield,15,0.310045301721758
p06_noise_static,high_alpha,shield,16,0.275486709291020
p06_noise_static,high_alpha,shield,17,0.206070696662057
p06_noise_static,high_alpha,shield,18,0.241378370547419
p06_noise_static,high_alpha,shield,19,0.286743205320958
p06_noise_static,high_alpha,shield,20,0.284726573047040
p06_noise_static,high_alpha,shield,21,0.233856590851083
p06_noise_static,high_alpha,shield,22,0.310908660368014
p06_noise_static,high_alpha,shield,23,0.161599375138027
p06_noise_static,high_alpha,shield,24,0.283040949444968
p06_noise_static,high_alpha,shield,25,0.219956389364075
p06_noise_static,high_alpha,shield,26,0.228063054390277
p06_noise_static,high_alpha,shield,27,0.300921636510173
p06_noise_static,high_alpha,shield,28,0.154723047736422
p06_noise_static,high_alpha,shield,29,0.276898299641231
p06_noise_static,high_alpha,shield,30,0.238451834994204
p06_noise_static,high_alpha,shield,31,0.210526662820956
p06_noise_static,high_alpha,shield,32,0.141296368513071
p06_noise_static,high_alpha,shield,33,0.205325855712273
p06_noise_static,high_alpha,shield,34,0.223122905973115
p06_noise_static,high_alpha,shield,35,0.261012251267594
p06_noise_static,high_alpha,shield,36,0.232541729505058
p06_noise_static,high_alpha,shield,37,0.241062893470960
p06_noise_static,high_alpha,shield,38,0.285992116020126
p06_noise_static,high_alpha,shield,39,0.275230612760715
p06_noise_static,high_alpha,shield,40,0.317187535895490
p06_noise_static,high_alpha,shield,41,0.240432843847761
p06_noise_static,high_alpha,shield,42,0.219298349210697
p06_noise_static,high_alpha,shield,43,0.222148991900151
p06_noise_static,high_alpha,shield,44,0.193800843760893
p06_noise_static,high_alpha,shield,45,0.247780754034334
p06_noise_static,high_alpha,shield,46,0.216084506600573
p06_noise_static,high_alpha,shield,47,0.279549313547435
p06_noise_static,high_alpha,shield,48,0.268134084077339
p06_noise_static,high_alpha,shield,49,0.274621161630220
p06_noise_static,high_alpha,shield,50,0.315940159568165
p06_noise_static,high_alpha,shield,51,0.235323153807907
p06_noise_static,high_alpha,shield,52,0.274449154252522
p06_noise_static,high_alpha,shield,53,0.206753941669219
p06_noise_static,high_alpha,shield,54,0.197301390495238
p06_noise_static,high_alpha,shield,55,0.278310506713286
p06_noise_static,high_alpha,shield,56,0.239189023629417
p06_noise_static,high_alpha,shield,57,0.251285356603170
p06_noise_static,high_alpha,shield,58,0.295758096955202
p06_noise_static,high_alpha,shield,59,0.276950060563063
p06_noise_static,high_alpha,shield,60,0.286760273465609
p06_noise_static,high_alpha,shield,61,0.231857631821121
p06_noise_static,high_alpha,shield,62,0.234737202084400
p06_noise_static,high_alpha,shield,63,0.314332473854608
p06_tone_control,high_alpha,shield,0,0.056818474100152
p06_tone_control,high_alpha,shield,1,0.056770413584354
p06_tone_control,high_alpha,shield,2,0.056839405632424
p06_tone_control,high_alpha,shield,3,0.056702423763699
p06_tone_control,high_alpha,shield,4,0.057084916547691
p06_tone_control,high_alpha,shield,5,0.056432727322256
p06_tone_control,high_alpha,shield,6,0.056610878213528
p06_tone_control,high_alpha,shield,7,0.056654348158033
p06_tone_control,high_alpha,shield,8,0.056666481383961
p06_tone_control,high_alpha,shield,9,0.056548397471402
p06_tone_control,high_alpha,shield,10,0.056683893735246
p06_tone_control,high_alpha,shield,11,0.056647176783984
p06_tone_control,high_alpha,shield,12,0.056676707423605
p06_tone_control,high_alpha,shield,13,0.056558481594750
p06_tone_control,high_alpha,shield,14,0.056558865439043
p06_tone_control,high_alpha,shield,15,0.056630945002044
p06_tone_control,high_alpha,shield,16,0.056801613620934
p06_tone_control,high_alpha,shield,17,0.056583267419382
p06_tone_control,high_alpha,shield,18,0.056788122222383
p06_tone_control,high_alpha,shield,19,0.056713340270535
p06_tone_control,high_alpha,shield,20,0.056684192785530
p06_tone_control,high_alpha,shield,21,0.056633130192408
p06_tone_control,high_alpha,shield,22,0.056513823149536
p06_tone_control,high_alpha,shield,23,0.056716145484196
p06_tone_control,high_alpha,shield,24,0.056881773081754
p06_tone_control,high_alpha,shield,25,0.056808982010107
p06_tone_control,high_alpha,shield,26,0.056750309777870
p06_tone_control,high_alpha,shield,27,0.056504051262390
p06_tone_control,high_alpha,shield,28,0.056693027461665
p06_tone_control,high_alpha,shield,29,0.056766445050770
p06_tone_control,high_alpha,shield,30,0.056437199874981
p06_tone_control,high_alpha,shield,31,0.057049174491977
p06_tone_control,high_alpha,shield,32,0.057145867557624
p06_tone_control,high_alpha,shield,33,0.056561816682494
p06_tone_control,high_alpha,shield,34,0.056696562004998
p06_tone_control,high_alpha,shield,35,0.056676872307263
p06_tone_control,high_alpha,shield,36,0.056686944560420
p06_tone_control,high_alpha,shield,37,0.056625692760587
p06_tone_control,high_alpha,shield,38,0.056637546293709
p06_tone_control,high_alpha,shield,39,0.056484762201263
p06_tone_control,high_alpha,shield,40,0.056568064097391
p06_tone_control,high_alpha,shield,41,0.056688476686835
p06_tone_control,high_alpha,shield,42,0.056822611359071
p06_tone_control,high_alpha,shield,43,0.056699715632893
p06_tone_control,high_alpha,shield,44,0.056811006782657
p06_tone_control,high_alpha,shield,45,0.056507339207629
p06_tone_control,high_alpha,shield,46,0.056576485926399
p06_tone_control,high_alpha,shield,47,0.056937810907055
p06_tone_control,high_alpha,shield,48,0.056531073737526
p06_tone_control,high_alpha,shield,49,0.056456032232463
p06_tone_control,high_alpha,shield,50,0.057068805429022
p06_tone_control,high_alpha,shield,51,0.056768150355879
p06_tone_control,high_alpha,shield,52,0.057067887096540
p06_tone_control,high_alpha,shield,53,0.056796367335348
p06_tone_control,high_alpha,shield,54,0.056768798986038
p06_tone_control,high_alpha,shield,55,0.056766264216012
p06_tone_control,high_alpha,shield,56,0.056687199707279
p06_tone_control,high_alpha,shield,57,0.056704544141679
p06_tone_control,high_alpha,shield,58,0.056637055964789
p06_tone_control,high_alpha,shield,59,0.056758178603129
p06_tone_control,high_alpha,shield,60,0.056495458529555
p06_tone_control,high_alpha,shield,61,0.056707514206157
p06_tone_control,high_alpha,shield,62,0.056549820698667
p06_tone_control,high_alpha,shield,63,0.056437373613352
p06_noise_random_pulse,high_alpha,sleep,0,0.511470669819688
p06_noise_random_pulse,high_alpha,sleep,1,0.518076863679301
p06_noise_random_pulse,high_alpha,sleep,2,0.441934502373756
p06_noise_random_pulse,high_alpha,sleep,3,0.555478438861612
p06_noise_random_pulse,high_alpha,sleep,4,0.504096932160913
p06_noise_random_pulse,high_alpha,sleep,5,0.727802788616230
p06_noise_random_pulse,high_alpha,sleep,6,0.515081343683289
p06_noise_random_pulse,high_alpha,sleep,7,0.518378898622532
p06_noise_random_pulse,high_alpha,sleep,8,0.529605256770611
p06_noise_random_pulse,high_alpha,sleep,9,0.561934946896968
p06_noise_random_pulse,high_alpha,sleep,10,0.463342350302442
p06_noise_random_pulse,high_alpha,sleep,11,0.629041271733300
p06_noise_random_pulse,high_alpha,sleep,12,0.641058541895118
p06_noise_random_pulse,high_alpha,sleep,13,0.543215027508162
p06_noise_random_pulse,high_alpha,sleep,14,0.531090363065206
p06_noise_random_pulse,high_alpha,sleep,15,0.521917871477703
p06_noise_random_pulse,high_alpha,sleep,16,0.549140870452942
p06_noise_random_pulse,high_alpha,sleep,17,0.504770672480548
p06_noise_random_pulse,high_alpha,sleep,18,0.653765087582486
p06_noise_random_pulse,high_alpha,sleep,19,0.562292966002996
p06_noise_random_pulse,high_alpha,sleep,20,0.518292759746991
p06_noise_random_pulse,high_alpha,sleep,21,0.660989272662070
p06_noise_random_pulse,high_alpha,sleep,22,0.491085071033035
p06_noise_random_pulse,high_alpha,sleep,23,0.618579690271239
p06_noise_random_pulse,high_alpha,sleep,24,0.495529453665017
p06_noise_random_pulse,high_alpha,sleep,25,0.518634095973085
p06_noise_random_pulse,high_alpha,sleep,26,0.734187001113067
p06_noise_random_pulse,high_alpha,sleep,27,0.587089314055853
p06_noise_random_pulse,high_alpha,sleep,28,0.519195313586499
p06_noise_random_pulse,high_alpha,sleep,29,0.526415024920506
p06_noise_random_pulse,high_alpha,sleep,30,0.573349975019150
p06_noise_random_pulse,high_alpha,sleep,31,0.474373250439265
p06_noise_random_pulse,high_alpha,sleep,32,0.524602400667729
p06_noise_random_pulse,high_alpha,sleep,33,0.566948098998206
p06_noise_random_pulse,high_alpha,sleep,34,0.592201539996808
p06_noise_random_pulse,high_alpha,sleep,35,0.525421767995720
p06_noise_random_pulse,high_alpha,sleep,36,0.512405384847488
p06_noise_random_pulse,high_alpha,sleep,37,0.669223769037511
p06_noise_random_pulse,high_alpha,sleep,38,0.483805472354158
p06_noise_random_pulse,high_alpha,sleep,39,0.521745022475320
p06_noise_random_pulse,high_alpha,sleep,40,0.790540880828060
p06_noise_random_pulse,high_alpha,sleep,41,0.628478543516804
p06_noise_random_pulse,high_alpha,sleep,42,0.555541876559258
p06_noise_random_pulse,high_alpha,sleep,43,0.428570530117651
p06_noise_random_pulse,high_alpha,sleep,44,0.543209128682554
p06_noise_random_pulse,high_alpha,sleep,45,0.536306593558147
p06_noise_random_pulse,high_alpha,sleep,46,0.516936100127265
p06_noise_random_pulse,high_alpha,sleep,47,0.463053480738301
p06_noise_random_pulse,high_alpha,sleep,48,0.599763876357614
p06_noise_random_pulse,high_alpha,sleep,49,0.704177778910758
p06_noise_random_pulse,high_alpha,sleep,50,0.760380711615578
p06_noise_random_pulse,high_alpha,sleep,51,0.501963159672276
p06_noise_random_pulse,high_alpha,sleep,52,0.469759508520540
p06_noise_random_pulse,high_alpha,sleep,53,0.485539033250339
p06_noise_random_pulse,high_alpha,sleep,54,0.456450991122025
p06_noise_random_pulse,high_alpha,sleep,55,0.683094820320321
p06_noise_random_pulse,high_alpha,sleep,56,0.604515927349630
p06_noise_random_pulse,high_alpha,sleep,57,0.557234939299782
p06_noise_random_pulse,high_alpha,sleep,58,0.561197309570508
p06_noise_random_pulse,high_alpha,sleep,59,0.578811032489824
p06_noise_random_pulse,high_alpha,sleep,60,0.673129532160811
p06_noise_random_pulse,high_alpha,sleep,61,0.570620415441026
p06_noise_random_pulse,high_alpha,sleep,62,0.559710366781596
p06_noise_random_pulse,high_alpha,sleep,63,0.595523132689927
p06_noise_random_walk,high_alpha,sleep,0,0.435230108209372
p06_noise_random_walk,high_alpha,sleep,1,0.436483636583942
p06_noise_random_walk,high_alpha,sleep,2,0.459044582572434
p06_noise_random_walk,high_alpha,sleep,3,0.511401751095673
p06_noise_random_walk,high_alpha,sleep,4,0.491424102558348
p06_noise_random_walk,high_alpha,sleep,5,0.473822986572207
p06_noise_random_walk,high_alpha,sleep,6,0.592414242489176
p06_noise_random_walk,high_alpha,sleep,7,0.459011581726063
p06_noise_random_walk,high_alpha,sleep,8,0.422257780403729
p06_noise_random_walk,high_alpha,sleep,9,0.508045784949874
p06_noise_random_walk,high_alpha,sleep,10,0.400662292545537
p06_noise_random_walk,high_alpha,sleep,11,0.536420662472458
p06_noise_random_walk,high_alpha,sleep,12,0.550071970842456
p06_noise_random_walk,high_alpha,sleep,13,0.696311058831297
p06_noise_random_walk,high_alpha,sleep,14,0.531124310299248
p06_noise_random_walk,high_alpha,sleep,15,0.524166784998944
p06_noise_random_walk,high_alpha,sleep,16,0.446129185387778
p06_noise_random_walk,high_alpha,sleep,17,0.483855379488317
p06_noise_random_walk,high_alpha,sleep,18,0.454920933118942
p06_noise_random_walk,high_alpha,sleep,19,0.404439054070998
p06_noise_random_walk,high_alpha,sleep,20,0.533594451203757
p06_noise_random_walk,high_alpha,sleep,21,0.566908220089966
p06_noise_random_walk,high_alpha,sleep,22,0.422440069532828
p06_noise_random_walk,high_alpha,sleep,23,0.403188694416092
p06_noise_random_walk,high_alpha,sleep,24,0.622747709118070
p06_noise_random_walk,high_alpha,sleep,25,0.504419225904443
p06_noise_random_walk,high_alpha,sleep,26,0.503735229751658
p06_noise_random_walk,high_alpha,sleep,27,0.637018566382296
p06_noise_random_walk,high_alpha,sleep,28,0.555719029690610
p06_noise_random_walk,high_alpha,sleep,29,0.520956692703615
p06_noise_random_walk,high_alpha,sleep,30,0.408794865727549
p06_noise_random_walk,high_alpha,sleep,31,0.508766926836997
p06_noise_random_walk,high_alpha,sleep,32,0.539424138652812
p06_noise_random_walk,high_alpha,sleep,33,0.551137969442239
p06_noise_random_walk,high_alpha,sleep,34,0.430605724728326
p06_noise_random_walk,high_alpha,sleep,35,0.409042621059403
p06_noise_random_walk,high_alpha,sleep,36,0.420535466814938
p06_noise_random_walk,high_alpha,sleep,37,0.389621494452635
p06_noise_random_walk,high_alpha,sleep,38,0.440547660755984
p06_noise_random_walk,high_alpha,sleep,39,0.444467705724548
p06_noise_random_walk,high_alpha,sleep,40,0.469221858416867
p06_noise_random_walk,high_alpha,sleep,41,0.532244168269003
p06_noise_random_walk,high_alpha,sleep,42,0.431089806739723
p06_noise_random_walk,high_alpha,sleep,43,0.438526681685536
p06_noise_random_walk,high_alpha,sleep,44,0.620483697876752
p06_noise_random_walk,high_alpha,sleep,45,0.452401117733091
p06_noise_random_walk,high_alpha,sleep,46,0.746786912446090
p06_noise_random_walk,high_alpha,sleep,47,0.566071710615554
p06_noise_random_walk,high_alpha,sleep,48,0.517711893008866
p06_noise_random_walk,high_alpha,sleep,49,0.488424610422656
p06_noise_random_walk,high_alpha,sleep,50,0.408233125363130
p06_noise_random_walk,high_alpha,sleep,51,0.430332175520335
p06_noise_random_walk,high_alpha,sleep,52,0.587804932177645
p06_noise_random_walk,high_alpha,sleep,53,0.547851076508335
p06_noise_random_walk,high_alpha,sleep,54,0.431741343123423
p06_noise_random_walk,high_alpha,sleep,55,0.436180569075366
p06_noise_random_walk,high_alpha,sleep,56,0.386375900915316
p06_noise_random_walk,high_alpha,sleep,57,0.458006687862997
p06_noise_random_walk,high_alpha,sleep,58,0.386935931105959
p06_noise_random_walk,high_alpha,sleep,59,0.415084138227979
p06_noise_random_walk,high_alpha,sleep,60,0.449697306422167
p06_noise_random_walk,high_alpha,sleep,61,0.593813469330282
p06_noise_random_walk,high_alpha,sleep,62,0.531149090497848
p06_noise_random_walk,high_alpha,sleep,63,0.477306790907924
p06_noise_room,high_alpha,sleep,0,0.457461791221409
p06_noise_room,high_alpha,sleep,1,0.443802790105946
p06_noise_room,high_alpha,sleep,2,0.452370485663667
p06_noise_room,high_alpha,sleep,3,0.339569254854694
p06_noise_room,high_alpha,sleep,4,0.501152118343908
p06_noise_room,high_alpha,sleep,5,0.608186851221890
p06_noise_room,high_alpha,sleep,6,0.540310484932047
p06_noise_room,high_alpha,sleep,7,0.484217138856510
p06_noise_room,high_alpha,sleep,8,0.577541579765835
p06_noise_room,high_alpha,sleep,9,0.538667176551814
p06_noise_room,high_alpha,sleep,10,0.459225642079953
p06_noise_room,high_alpha,sleep,11,0.591320158179733
p06_noise_room,high_alpha,sleep,12,0.421719069368872
p06_noise_room,high_alpha,sleep,13,0.547730754188114
p06_noise_room,high_alpha,sleep,14,0.511342631373680
p06_noise_room,high_alpha,sleep,15,0.434149271274769
p06_noise_room,high_alpha,sleep,16,0.584445405746395
p06_noise_room,high_alpha,sleep,17,0.559758794855180
p06_noise_room,high_alpha,sleep,18,0.579658358691295
p06_noise_room,high_alpha,sleep,19,0.450338898922322
p06_noise_room,high_alpha,sleep,20,0.558570245946981
p06_noise_room,high_alpha,sleep,21,0.448002232823848
p06_noise_room,high_alpha,sleep,22,0.500966043561223
p06_noise_room,high_alpha,sleep,23,0.448104321176635
p06_noise_room,high_alpha,sleep,24,0.622349739500974
p06_noise_room,high_alpha,sleep,25,0.413603626921083
p06_noise_room,high_alpha,sleep,26,0.518938824260919
p06_noise_room,high_alpha,sleep,27,0.476788718566791
p06_noise_room,high_alpha,sleep,28,0.609186175081174
p06_noise_room,high_alpha,sleep,29,0.338699577432787
p06_noise_room,high_alpha,sleep,30,0.391013194288833
p06_noise_room,high_alpha,sleep,31,0.415119751638708
p06_noise_room,high_alpha,sleep,32,0.654500480142011
p06_noise_room,high_alpha,sleep,33,0.422016225076396
p06_noise_room,high_alpha,sleep,34,0.464906667515672
p06_noise_room,high_alpha,sleep,35,0.828292922366987
p06_noise_room,high_alpha,sleep,36,0.712565531705375
p06_noise_room,high_alpha,sleep,37,0.544826279376342
p06_noise_room,high_alpha,sleep,38,0.475338933539823
p06_noise_room,high_alpha,sleep,39,0.716178208021993
p06_noise_room,high_alpha,sleep,40,0.550968130957157
p06_noise_room,high_alpha,sleep,41,0.424130451665423
p06_noise_room,high_alpha,sleep,42,0.393613632784795
p06_noise_room,high_alpha,sleep,43,0.662304813780084
p06_noise_room,high_alpha,sleep,44,0.508004273821541
p06_noise_room,high_alpha,sleep,45,0.616377841251195
p06_noise_room,high_alpha,sleep,46,0.509101065589878
p06_noise_room,high_alpha,sleep,47,0.699889158089703
p06_noise_room,high_alpha,sleep,48,0.564805585059809
p06_noise_room,high_alpha,sleep,49,0.471895366978489
p06_noise_room,high_alpha,sleep,50,0.517753504630852
p06_noise_room,high_alpha,sleep,51,0.496796861700145
p06_noise_room,high_alpha,sleep,52,0.568480983426536
p06_noise_room,high_alpha,sleep,53,0.531719720293061
p06_noise_room,high_alpha,sleep,54,0.674378301551028
p06_noise_room,high_alpha,sleep,55,0.439246312007341
p06_noise_room,high_alpha,sleep,56,0.598671013614213
p06_noise_room,high_alpha,sleep,57,0.472863507942621
p06_noise_room,high_alpha,sleep,58,0.480594046997582
p06_noise_room,high_alpha,sleep,59,0.324504492876383
p06_noise_room,high_alpha,sleep,60,0.559626471342980
p06_noise_room,high_alpha,sleep,61,0.573392048323046
p06_noise_room,high_alpha,sleep,62,0.618699871493800
p06_noise_room,high_alpha,sleep,63,0.477629314345114
p06_noise_static,high_alpha,sleep,0,0.662409460704072
p06_noise_static,high_alpha,sleep,1,0.518349968692662
p06_noise_static,high_alpha,sleep,2,0.539466610290852
p06_noise_static,high_alpha,sleep,3,0.589058194111783
p06_noise_static,high_alpha,sleep,4,0.562408178839751
p06_noise_static,high_alpha,sleep,5,0.622296639830738
p06_noise_static,high_alpha,sleep,6,0.651374724978969
p06_noise_static,high_alpha,sleep,7,0.498114318527565
p06_noise_static,high_alpha,sleep,8,0.515098674763420
p06_noise_static,high_alpha,sleep,9,0.666339030550469
p06_noise_static,high_alpha,sleep,10,0.516438006439828
p06_noise_static,high_alpha,sleep,11,0.539600486090892
p06_noise_static,high_alpha,sleep,12,0.722006832980046
p06_noise_static,high_alpha,sleep,13,0.499817888050220
p06_noise_static,high_alpha,sleep,14,0.537138957668187
p06_noise_static,high_alpha,sleep,15,0.416437523767012
p06_noise_static,high_alpha,sleep,16,0.499601192902538
p06_noise_static,high_alpha,sleep,17,0.606248068542167
p06_noise_static,high_alpha,sleep,18,0.584829994135741
p06_noise_static,high_alpha,sleep,19,0.550934144125367
p06_noise_static,high_alpha,sleep,20,0.532067298491236
p06_noise_static,high_alpha,sleep,21,0.547937087381232
p06_noise_static,high_alpha,sleep,22,0.535962154705792
p06_noise_static,high_alpha,sleep,23,0.497244092841371
p06_noise_static,high_alpha,sleep,24,0.520923950490922
p06_noise_static,high_alpha,sleep,25,0.574891224227465
p06_noise_static,high_alpha,sleep,26,0.559802575492330
p06_noise_static,high_alpha,sleep,27,0.446075642520520
p06_noise_static,high_alpha,sleep,28,0.510218438206668
p06_noise_static,high_alpha,sleep,29,0.502032006156201
p06_noise_static,high_alpha,sleep,30,0.577444521742921
p06_noise_static,high_alpha,sleep,31,0.626496851985799
p06_noise_static,high_alpha,sleep,32,0.593407637880640
p06_noise_static,high_alpha,sleep,33,0.679031424455220
p06_noise_static,high_alpha,sleep,34,0.583298409929388
p06_noise_static,high_alpha,sleep,35,0.655154668110118
p06_noise_static,high_alpha,sleep,36,0.622602649847247
p06_noise_static,high_alpha,sleep,37,0.649915001995988
p06_noise_static,high_alpha,sleep,38,0.440857729592087
p06_noise_static,high_alpha,sleep,39,0.522674877818311
p06_noise_static,high_alpha,sleep,40,0.406597912804682
p06_noise_static,high_alpha,sleep,41,0.593462338364553
p06_noise_static,high_alpha,sleep,42,0.589908170437989
p06_noise_static,high_alpha,sleep,43,0.547884101681903
p06_noise_static,high_alpha,sleep,44,0.488310834920881
p06_noise_static,high_alpha,sleep,45,0.558246811487616
p06_noise_static,high_alpha,sleep,46,0.677885512193047
p06_noise_static,high_alpha,sleep,47,0.524843656669791
p06_noise_static,high_alpha,sleep,48,0.496435389141063
p06_noise_static,high_alpha,sleep,49,0.458002700091892
p06_noise_static,high_alpha,sleep,50,0.520544613345133
p06_noise_static,high_alpha,sleep,51,0.586280700251120
p06_noise_static,high_alpha,sleep,52,0.515620207696468
p06_noise_static,high_alpha,sleep,53,0.654384912632477
p06_noise_static,high_alpha,sleep,54,0.657242766454508
p06_noise_static,high_alpha,sleep,55,0.508525721466489
p06_noise_static,high_alpha,sleep,56,0.615388212375132
p06_noise_static,high_alpha,sleep,57,0.579171960736505
p06_noise_static,high_alpha,sleep,58,0.510669802873653
p06_noise_static,high_alpha,sleep,59,0.529855299493371
p06_noise_static,high_alpha,sleep,60,0.489252672146673
p06_noise_static,high_alpha,sleep,61,0.621862884538405
p06_noise_static,high_alpha,sleep,62,0.599207117506165
p06_noise_static,high_alpha,sleep,63,0.527490470665846
p06_tone_control,high_alpha,sleep,0,0.393561269906822
p06_tone_control,high_alpha,sleep,1,0.400648974062155
p06_tone_control,high_alpha,sleep,2,0.405845184385279
p06_tone_control,high_alpha,sleep,3,0.388641865700773
p06_tone_control,high_alpha,sleep,4,0.406440887725864
p06_tone_control,high_alpha,sleep,5,0.401706946461458
p06_tone_control,high_alpha,sleep,6,0.387834452051363
p06_tone_control,high_alpha,sleep,7,0.400155522109275
p06_tone_control,high_alpha,sleep,8,0.398986968097979
p06_tone_control,high_alpha,sleep,9,0.392526469691606
p06_tone_control,high_alpha,sleep,10,0.407661058368734
p06_tone_control,high_alpha,sleep,11,0.404037712867575
p06_tone_control,high_alpha,sleep,12,0.403539352883160
p06_tone_control,high_alpha,sleep,13,0.394927819042033
p06_tone_control,high_alpha,sleep,14,0.398396119443851
p06_tone_control,high_alpha,sleep,15,0.389347685881661
p06_tone_control,high_alpha,sleep,16,0.401165438409410
p06_tone_control,high_alpha,sleep,17,0.395038623283582
p06_tone_control,high_alpha,sleep,18,0.402705826334587
p06_tone_control,high_alpha,sleep,19,0.380097863912411
p06_tone_control,high_alpha,sleep,20,0.403101815616278
p06_tone_control,high_alpha,sleep,21,0.416500042321625
p06_tone_control,high_alpha,sleep,22,0.383771746192064
p06_tone_control,high_alpha,sleep,23,0.395582094624795
p06_tone_control,high_alpha,sleep,24,0.410259070533933
p06_tone_control,high_alpha,sleep,25,0.408532329089801
p06_tone_control,high_alpha,sleep,26,0.397986364506476
p06_tone_control,high_alpha,sleep,27,0.398586100441114
p06_tone_control,high_alpha,sleep,28,0.409207582992097
p06_tone_control,high_alpha,sleep,29,0.398694867181455
p06_tone_control,high_alpha,sleep,30,0.383931473631871
p06_tone_control,high_alpha,sleep,31,0.408488560651914
p06_tone_control,high_alpha,sleep,32,0.410540427011139
p06_tone_control,high_alpha,sleep,33,0.387878497054210
p06_tone_control,high_alpha,sleep,34,0.403129795145778
p06_tone_control,high_alpha,sleep,35,0.385813337604569
p06_tone_control,high_alpha,sleep,36,0.389492002164374
p06_tone_control,high_alpha,sleep,37,0.398815588305252
p06_tone_control,high_alpha,sleep,38,0.394601719540629
p06_tone_control,high_alpha,sleep,39,0.406968562312174
p06_tone_control,high_alpha,sleep,40,0.406699055812590
p06_tone_control,high_alpha,sleep,41,0.397564732035920
p06_tone_control,high_alpha,sleep,42,0.402454746886056
p06_tone_control,high_alpha,sleep,43,0.397632679231990
p06_tone_control,high_alpha,sleep,44,0.401638674736439
p06_tone_control,high_alpha,sleep,45,0.382365746119558
p06_tone_control,high_alpha,sleep,46,0.406744896547995
p06_tone_control,high_alpha,sleep,47,0.402634023357000
p06_tone_control,high_alpha,sleep,48,0.397502920545637
p06_tone_control,high_alpha,sleep,49,0.402186102352612
p06_tone_control,high_alpha,sleep,50,0.395877963770356
p06_tone_control,high_alpha,sleep,51,0.403416338269826
p06_tone_control,high_alpha,sleep,52,0.394938920248368
p06_tone_control,high_alpha,sleep,53,0.403579931021023
p06_tone_control,high_alpha,sleep,54,0.399624951609494
p06_tone_control,high_alpha,sleep,55,0.402876103931624
p06_tone_control,high_alpha,sleep,56,0.399570383187475
p06_tone_control,high_alpha,sleep,57,0.408001349997277
p06_tone_control,high_alpha,sleep,58,0.407911768468452
p06_tone_control,high_alpha,sleep,59,0.391068272128085
p06_tone_control,high_alpha,sleep,60,0.399960268375881
p06_tone_control,high_alpha,sleep,61,0.394423744312624
p06_tone_control,high_alpha,sleep,62,0.400285291870792
p06_tone_control,high_alpha,sleep,63,0.397053841494783
p06_noise_random_pulse,normal,deep_relaxation,0,0.489400128197638
p06_noise_random_pulse,normal,deep_relaxation,1,0.400499382205023
p06_noise_random_pulse,normal,deep_relaxation,2,0.587157613436937
p06_noise_random_pulse,normal,deep_relaxation,3,0.448257674548257
p06_noise_random_pulse,normal,deep_relaxation,4,0.607167691052856
p06_noise_random_pulse,normal,deep_relaxation,5,0.402825737140472
p06_noise_random_pulse,normal,deep_relaxation,6,0.386036859369335
p06_noise_random_pulse,normal,deep_relaxation,7,0.432951177728175
p06_noise_random_pulse,normal,deep_relaxation,8,0.335107555740512
p06_noise_random_pulse,normal,deep_relaxation,9,0.374054777728968
p06_noise_random_pulse,normal,deep_relaxation,10,0.307632618877985
p06_noise_random_pulse,normal,deep_relaxation,11,0.367216950698403
p06_noise_random_pulse,normal,deep_relaxation,12,0.432376279149735
p06_noise_random_pulse,normal,deep_relaxation,13,0.482231116543552
p06_noise_random_pulse,normal,deep_relaxation,14,0.412674564992383
p06_noise_random_pulse,normal,deep_relaxation,15,0.461708595955231
p06_noise_random_pulse,normal,deep_relaxation,16,0.427209361792618
p06_noise_random_pulse,normal,deep_relaxation,17,0.466120505903971
p06_noise_random_pulse,normal,deep_relaxation,18,0.599777876332870
p06_noise_random_pulse,normal,deep_relaxation,19,0.429887294886731
p06_noise_random_pulse,normal,deep_relaxation,20,0.346031084051240
p06_noise_random_pulse,normal,deep_relaxation,21,0.435848095081734
p06_noise_random_pulse,normal,deep_relaxation,22,0.499021161649761
p06_noise_random_pulse,normal,deep_relaxation,23,0.463176331353460
p06_noise_random_pulse,normal,deep_relaxation,24,0.455080150960218
p06_noise_random_pulse,normal,deep_relaxation,25,0.378801978636476
p06_noise_random_pulse,normal,deep_relaxation,26,0.462993814741422
p06_noise_random_pulse,normal,deep_relaxation,27,0.430850694326267
p06_noise_random_pulse,normal,deep_relaxation,28,0.327402212659290
p06_noise_random_pulse,normal,deep_relaxation,29,0.462529415144577
p06_noise_random_pulse,normal,deep_relaxation,30,0.496819694071113
p06_noise_random_pulse,normal,deep_relaxation,31,0.740457104632486
p06_noise_random_pulse,normal,deep_relaxation,32,0.455092037496182
p06_noise_random_pulse,normal,deep_relaxation,33,0.413557728518208
p06_noise_random_pulse,normal,deep_relaxation,34,0.455574299649302
p06_noise_random_pulse,normal,deep_relaxation,35,0.420902704337512
p06_noise_random_pulse,normal,deep_relaxation,36,0.415211887724285
p06_noise_random_pulse,normal,deep_relaxation,37,0.432673537535341
p06_noise_random_pulse,normal,deep_relaxation,38,0.439811971211060
p06_noise_random_pulse,normal,deep_relaxation,39,0.415418903696657
p06_noise_random_pulse,normal,deep_relaxation,40,0.420396738324608
p06_noise_random_pulse,normal,deep_relaxation,41,0.500149565256313
p06_noise_random_pulse,normal,deep_relaxation,42,0.427900606825086
p06_noise_random_pulse,normal,deep_relaxation,43,0.306376737188396
p06_noise_random_pulse,normal,deep_relaxation,44,0.376428433974581
p06_noise_random_pulse,normal,deep_relaxation,45,0.398160104593958
p06_noise_random_pulse,normal,deep_relaxation,46,0.424265797858535
p06_noise_random_pulse,normal,deep_relaxation,47,0.490206316706869
p06_noise_random_pulse,normal,deep_relaxation,48,0.405963996841607
p06_noise_random_pulse,normal,deep_relaxation,49,0.459050769860156
p06_noise_random_pulse,normal,deep_relaxation,50,0.517012260169342
p06_noise_random_pulse,normal,deep_relaxation,51,0.598292616357685
p06_noise_random_pulse,normal,deep_relaxation,52,0.408106408815671
p06_noise_random_pulse,normal,deep_relaxation,53,0.532787698435884
p06_noise_random_pulse,normal,deep_relaxation,54,0.355310808895201
p06_noise_random_pulse,normal,deep_relaxation,55,0.518240876111370
p06_noise_random_pulse,normal,deep_relaxation,56,0.545826566114091
p06_noise_random_pulse,normal,deep_relaxation,57,0.424158474041304
p06_noise_random_pulse,normal,deep_relaxation,58,0.389689008660265
p06_noise_random_pulse,normal,deep_relaxation,59,0.435428525129154
p06_noise_random_pulse,normal,deep_relaxation,60,0.372528538461752
p06_noise_random_pulse,normal,deep_relaxation,61,0.677850084402382
p06_noise_random_pulse,normal,deep_relaxation,62,0.711952994245403
p06_noise_random_pulse,normal,deep_relaxation,63,0.387537003836778
p06_noise_random_walk,normal,deep_relaxation,0,0.539770564426056
p06_noise_random_walk,normal,deep_relaxation,1,0.469852512037883
p06_noise_random_walk,normal,deep_relaxation,2,0.488512210901972
p06_noise_random_walk,normal,deep_relaxation,3,0.602882547484770
p06_noise_random_walk,normal,deep_relaxation,4,0.511526798815012
p06_noise_random_walk,normal,deep_relaxation,5,0.542479180759898
p06_noise_random_walk,normal,deep_relaxation,6,0.449606807544925
p06_noise_random_walk,normal,deep_relaxation,7,0.485386409180554
p06_noise_random_walk,normal,deep_relaxation,8,0.533763333767063
p06_noise_random_walk,normal,deep_relaxation,9,0.582298960088451
p06_noise_random_walk,normal,deep_relaxation,10,0.464994378682326
p06_noise_random_walk,normal,deep_relaxation,11,0.466885205148544
p06_noise_random_walk,normal,deep_relaxation,12,0.467206530007506
p06_noise_random_walk,normal,deep_relaxation,13,0.641689020580977
p06_noise_random_walk,normal,deep_relaxation,14,0.510472043467540
p06_noise_random_walk,normal,deep_relaxation,15,0.441132215988425
p06_noise_random_walk,normal,deep_relaxation,16,0.585599643181643
p06_noise_random_walk,normal,deep_relaxation,17,0.626937564180415
p06_noise_random_walk,normal,deep_relaxation,18,0.525500399444234
p06_noise_random_walk,normal,deep_relaxation,19,0.644042954300561
p06_noise_random_walk,normal,deep_relaxation,20,0.553904528734839
p06_noise_random_walk,normal,deep_relaxation,21,0.512599341421431
p06_noise_random_walk,normal,deep_relaxation,22,0.505549669744755
p06_noise_random_walk,normal,deep_relaxation,23,0.499818972913565
p06_noise_random_walk,normal,deep_relaxation,24,0.622056875950520
p06_noise_random_walk,normal,deep_relaxation,25,0.481717380116021
p06_noise_random_walk,normal,deep_relaxation,26,0.538987588969582
p06_noise_random_walk,normal,deep_relaxation,27,0.466469007498828
p06_noise_random_walk,normal,deep_relaxation,28,0.479592652968722
p06_noise_random_walk,normal,deep_relaxation,29,0.573878542531353
p06_noise_random_walk,normal,deep_relaxation,30,0.529226560403719
p06_noise_random_walk,normal,deep_relaxation,31,0.502161118870572
p06_noise_random_walk,normal,deep_relaxation,32,0.519796206636526
p06_noise_random_walk,normal,deep_relaxation,33,0.537928681661843
p06_noise_random_walk,normal,deep_relaxation,34,0.531601891539325
p06_noise_random_walk,normal,deep_relaxation,35,0.464893673239813
p06_noise_random_walk,normal,deep_relaxation,36,0.535949880703303
p06_noise_random_walk,normal,deep_relaxation,37,0.533908811118375
p06_noise_random_walk,normal,deep_relaxation,38,0.541132759970679
p06_noise_random_walk,normal,deep_relaxation,39,0.486222331181971
p06_noise_random_walk,normal,deep_relaxation,40,0.552873948007022
p06_noise_random_walk,normal,deep_relaxation,41,0.421893699980018
p06_noise_random_walk,normal,deep_relaxation,42,0.441306236523274
p06_noise_random_walk,normal,deep_relaxation,43,0.482220056755526
p06_noise_random_walk,normal,deep_relaxation,44,0.493828501723686
p06_noise_random_walk,normal,deep_relaxation,45,0.494548089258538
p06_noise_random_walk,normal,deep_relaxation,46,0.496462533045602
p06_noise_random_walk,normal,deep_relaxation,47,0.458437553354840
p06_noise_random_walk,normal,deep_relaxation,48,0.504422533735290
p06_noise_random_walk,normal,deep_relaxation,49,0.464895175602001
p06_noise_random_walk,normal,deep_relaxation,50,0.460657406265720
p06_noise_random_walk,normal,deep_relaxation,51,0.517407576480703
p06_noise_random_walk,normal,deep_relaxation,52,0.538350925837164
p06_noise_random_walk,normal,deep_relaxation,53,0.611983038463408
p06_noise_random_walk,normal,deep_relaxation,54,0.486222094553470
p06_noise_random_walk,normal,deep_relaxation,55,0.530399948026848
p06_noise_random_walk,normal,deep_relaxation,56,0.591887363660607
p06_noise_random_walk,normal,deep_relaxation,57,0.626812635198727
p06_noise_random_walk,normal,deep_relaxation,58,0.557589186639038
p06_noise_random_walk,normal,deep_relaxation,59,0.470874615754476
p06_noise_random_walk,normal,deep_relaxation,60,0.461897457713526
p06_noise_random_walk,normal,deep_relaxation,61,0.585965024662781
p06_noise_random_walk,normal,deep_relaxation,62,0.433860583875568
p06_noise_random_walk,normal,deep_relaxation,63,0.424978632705801
p06_noise_room,normal,deep_relaxation,0,0.492162308311252
p06_noise_room,normal,deep_relaxation,1,0.476069260923782
p06_noise_room,normal,deep_relaxation,2,0.469784666043517
p06_noise_room,normal,deep_relaxation,3,0.474332966983379
p06_noise_room,normal,deep_relaxation,4,0.440266755123498
p06_noise_room,normal,deep_relaxation,5,0.436802411450971
p06_noise_room,normal,deep_relaxation,6,0.367238889309856
p06_noise_room,normal,deep_relaxation,7,0.456673513251444
p06_noise_room,normal,deep_relaxation,8,0.445037544568827
p06_noise_room,normal,deep_relaxation,9,0.564645074021952
p06_noise_room,normal,deep_relaxation,10,0.450681116713189
p06_noise_room,normal,deep_relaxation,11,0.449303842912200
p06_noise_room,normal,deep_relaxation,12,0.570049355838799
p06_noise_room,normal,deep_relaxation,13,0.464263433051132
p06_noise_room,normal,deep_relaxation,14,0.607841427512534
p06_noise_room,normal,deep_relaxation,15,0.420435074347196
p06_noise_room,normal,deep_relaxation,16,0.471236992188088
p06_noise_room,normal,deep_relaxation,17,0.443092534925843
p06_noise_room,normal,deep_relaxation,18,0.422369503443372
p06_noise_room,normal,deep_relaxation,19,0.436151232172279
p06_noise_room,normal,deep_relaxation,20,0.447858698554396
p06_noise_room,normal,deep_relaxation,21,0.472044419871023
p06_noise_room,normal,deep_relaxation,22,0.466381284095005
p06_noise_room,normal,deep_relaxation,23,0.472453692079306
p06_noise_room,normal,deep_relaxation,24,0.389010757676134
p06_noise_room,normal,deep_relaxation,25,0.433736369675837
p06_noise_room,normal,deep_relaxation,26,0.444900637956728
p06_noise_room,normal,deep_relaxation,27,0.474951268747227
p06_noise_room,normal,deep_relaxation,28,0.393825730870845
p06_noise_room,normal,deep_relaxation,29,0.420603181773106
p06_noise_room,normal,deep_relaxation,30,0.403832052820839
p06_noise_room,normal,deep_relaxation,31,0.497200734939516
p06_noise_room,normal,deep_relaxation,32,0.497910532195458
p06_noise_room,normal,deep_relaxation,33,0.414709103021776
p06_noise_room,normal,deep_relaxation,34,0.461403685986750
p06_noise_room,normal,deep_relaxation,35,0.415776355765060
p06_noise_room,normal,deep_relaxation,36,0.529683906443777
p06_noise_room,normal,deep_relaxation,37,0.448084346469522
p06_noise_room,normal,deep_relaxation,38,0.523344292179001
p06_noise_room,normal,deep_relaxation,39,0.475103489596292
p06_noise_room,normal,deep_relaxation,40,0.392826453851468
p06_noise_room,normal,deep_relaxation,41,0.451256920033274
p06_noise_room,normal,deep_relaxation,42,0.442351623977507
p06_noise_room,normal,deep_relaxation,43,0.419274264408080
p06_noise_room,normal,deep_relaxation,44,0.473327658931888
p06_noise_room,normal,deep_relaxation,45,0.369383774918330
p06_noise_room,normal,deep_relaxation,46,0.500327407308585
p06_noise_room,normal,deep_relaxation,47,0.456176842556285
p06_noise_room,normal,deep_relaxation,48,0.465326548317962
p06_noise_room,normal,deep_relaxation,49,0.395607496913942
p06_noise_room,normal,deep_relaxation,50,0.447511255729098
p06_noise_room,normal,deep_relaxation,51,0.423856684912220
p06_noise_room,normal,deep_relaxation,52,0.547684483784081
p06_noise_room,normal,deep_relaxation,53,0.541203555873487
p06_noise_room,normal,deep_relaxation,54,0.528785276335648
p06_noise_room,normal,deep_relaxation,55,0.404451669450996
p06_noise_room,normal,deep_relaxation,56,0.428066307622514
p06_noise_room,normal,deep_relaxation,57,0.557917977159200
p06_noise_room,normal,deep_relaxation,58,0.475232953878010
p06_noise_room,normal,deep_relaxation,59,0.550078585342795
p06_noise_room,normal,deep_relaxation,60,0.377725422150291
p06_noise_room,normal,deep_relaxation,61,0.469456712927980
p06_noise_room,normal,deep_relaxation,62,0.458886925172516
p06_noise_room,normal,deep_relaxation,63,0.525467437455545
p06_noise_static,normal,deep_relaxation,0,0.551675291231372
p06_noise_static,normal,deep_relaxation,1,0.558571531652226
p06_noise_static,normal,deep_relaxation,2,0.435181608036549
p06_noise_static,normal,deep_relaxation,3,0.491722545025922
p06_noise_static,normal,deep_relaxation,4,0.573969965553620
p06_noise_static,normal,deep_relaxation,5,0.422744735938910
p06_noise_static,normal,deep_relaxation,6,0.537342087932534
p06_noise_static,normal,deep_relaxation,7,0.390066199039413
p06_noise_static,normal,deep_relaxation,8,0.525433743523994
p06_noise_static,normal,deep_relaxation,9,0.476110046210250
p06_noise_static,normal,deep_relaxation,10,0.533607985164518
p06_noise_static,normal,deep_relaxation,11,0.440761210599440
p06_noise_static,normal,deep_relaxation,12,0.515888681703926
p06_noise_static,normal,deep_relaxation,13,0.425866820095158
p06_noise_static,normal,deep_relaxation,14,0.514295953822749
p06_noise_static,normal,deep_relaxation,15,0.535698299940874
p06_noise_static,normal,deep_relaxation,16,0.471061155239884
p06_noise_static,normal,deep_relaxation,17,0.625274537286573
p06_noise_static,normal,deep_relaxation,18,0.503376153490284
p06_noise_static,normal,deep_relaxation,19,0.568748160091704
p06_noise_static,normal,deep_relaxation,20,0.560869471730675
p06_noise_static,normal,deep_relaxation,21,0.527372890357653
p06_noise_static,normal,deep_relaxation,22,0.548744566317171
p06_noise_static,normal,deep_relaxation,23,0.507377580333509
p06_noise_static,normal,deep_relaxation,24,0.443898582915638
p06_noise_static,normal,deep_relaxation,25,0.365730449731672
p06_noise_static,normal,deep_relaxation,26,0.436863520626094
p06_noise_static,normal,deep_relaxation,27,0.516268733888603
p06_noise_static,normal,deep_relaxation,28,0.434112641446334
p06_noise_static,normal,deep_relaxation,29,0.684324667247570
p06_noise_static,normal,deep_relaxation,30,0.478318362507579
p06_noise_static,normal,deep_relaxation,31,0.509376763484173
p06_noise_static,normal,deep_relaxation,32,0.515519536084086
p06_noise_static,normal,deep_relaxation,33,0.522203857431232
p06_noise_static,normal,deep_relaxation,34,0.476519742415399
p06_noise_static,normal,deep_relaxation,35,0.470687295288050
p06_noise_static,normal,deep_relaxation,36,0.441701319928704
p06_noise_static,normal,deep_relaxation,37,0.485093329594812
p06_noise_static,normal,deep_relaxation,38,0.563232072976090
p06_noise_static,normal,deep_relaxation,39,0.417664832145071
p06_noise_static,normal,deep_relaxation,40,0.531066603292112
p06_noise_static,normal,deep_relaxation,41,0.496550305009658
p06_noise_static,normal,deep_relaxation,42,0.591595888903892
p06_noise_static,normal,deep_relaxation,43,0.535097250469646
p06_noise_static,normal,deep_relaxation,44,0.529383886001112
p06_noise_static,normal,deep_relaxation,45,0.530177984565370
p06_noise_static,normal,deep_relaxation,46,0.449335334412679
p06_noise_static,normal,deep_relaxation,47,0.519569785454950
p06_noise_static,normal,deep_relaxation,48,0.441956262725098
p06_noise_static,normal,deep_relaxation,49,0.558891235546360
p06_noise_static,normal,deep_relaxation,50,0.437408247087354
p06_noise_static,normal,deep_relaxation,51,0.465426903640647
p06_noise_static,normal,deep_relaxation,52,0.477403690885832
p06_noise_static,normal,deep_relaxation,53,0.549525984299893
p06_noise_static,normal,deep_relaxation,54,0.487794943636405
p06_noise_static,normal,deep_relaxation,55,0.487671718823873
p06_noise_static,normal,deep_relaxation,56,0.384080749577933
p06_noise_static,normal,deep_relaxation,57,0.490085532309164
p06_noise_static,normal,deep_relaxation,58,0.628770499378460
p06_noise_static,normal,deep_relaxation,59,0.460392076081636
p06_noise_static,normal,deep_relaxation,60,0.408834920933058
p06_noise_static,normal,deep_relaxation,61,0.568026302385326
p06_noise_static,normal,deep_relaxation,62,0.528505117052170
p06_noise_static,normal,deep_relaxation,63,0.398710489918162
p06_tone_control,normal,deep_relaxation,0,0.451564120813711
p06_tone_control,normal,deep_relaxation,1,0.457783950810649
p06_tone_control,normal,deep_relaxation,2,0.452149301279896
p06_tone_control,normal,deep_relaxation,3,0.451895009202631
p06_tone_control,normal,deep_relaxation,4,0.458498734388277
p06_tone_control,normal,deep_relaxation,5,0.465374336837151
p06_tone_control,normal,deep_relaxation,6,0.448562009474229
p06_tone_control,normal,deep_relaxation,7,0.443690015619162
p06_tone_control,normal,deep_relaxation,8,0.451006678789188
p06_tone_control,normal,deep_relaxation,9,0.449255664240426
p06_tone_control,normal,deep_relaxation,10,0.443938404795280
p06_tone_control,normal,deep_relaxation,11,0.437536904490531
p06_tone_control,normal,deep_relaxation,12,0.457073535693548
p06_tone_control,normal,deep_relaxation,13,0.452321857717014
p06_tone_control,normal,deep_relaxation,14,0.447735537640129
p06_tone_control,normal,deep_relaxation,15,0.455905090140735
p06_tone_control,normal,deep_relaxation,16,0.456028557619936
p06_tone_control,normal,deep_relaxation,17,0.456545934982516
p06_tone_control,normal,deep_relaxation,18,0.450459484270882
p06_tone_control,normal,deep_relaxation,19,0.459768029698626
p06_tone_control,normal,deep_relaxation,20,0.449600609685204
p06_tone_control,normal,deep_relaxation,21,0.445706213064454
p06_tone_control,normal,deep_relaxation,22,0.461382637256064
p06_tone_control,normal,deep_relaxation,23,0.454187161226941
p06_tone_control,normal,deep_relaxation,24,0.436147004361064
p06_tone_control,normal,deep_relaxation,25,0.446650221795848
p06_tone_control,normal,deep_relaxation,26,0.449740689615808
p06_tone_control,normal,deep_relaxation,27,0.456176707178377
p06_tone_control,normal,deep_relaxation,28,0.450486463867519
p06_tone_control,normal,deep_relaxation,29,0.454383404816390
p06_tone_control,normal,deep_relaxation,30,0.458953184847300
p06_tone_control,normal,deep_relaxation,31,0.452779869168361
p06_tone_control,normal,deep_relaxation,32,0.452138792869434
p06_tone_control,normal,deep_relaxation,33,0.449857206534876
p06_tone_control,normal,deep_relaxation,34,0.458938023873057
p06_tone_control,normal,deep_relaxation,35,0.456008894855933
p06_tone_control,normal,deep_relaxation,36,0.449777928832940
p06_tone_control,normal,deep_relaxation,37,0.443481372241733
p06_tone_control,normal,deep_relaxation,38,0.459828811923986
p06_tone_control,normal,deep_relaxation,39,0.440920633756743
p06_tone_control,normal,deep_relaxation,40,0.446619029163713
p06_tone_control,normal,deep_relaxation,41,0.457378481337955
p06_tone_control,normal,deep_relaxation,42,0.453995497099092
p06_tone_control,normal,deep_relaxation,43,0.451921796694937
p06_tone_control,normal,deep_relaxation,44,0.450765528833109
p06_tone_control,normal,deep_relaxation,45,0.455864973182688
p06_tone_control,normal,deep_relaxation,46,0.450062352489905
p06_tone_control,normal,deep_relaxation,47,0.450276460096033
p06_tone_control,normal,deep_relaxation,48,0.461588557641960
p06_tone_control,normal,deep_relaxation,49,0.450414274370836
p06_tone_control,normal,deep_relaxation,50,0.448309199341082
p06_tone_control,normal,deep_relaxation,51,0.459757013311152
p06_tone_control,normal,deep_relaxation,52,0.450371855871470
p06_tone_control,normal,deep_relaxation,53,0.448885462540917
p06_tone_control,normal,deep_relaxation,54,0.460243974456593
p06_tone_control,normal,deep_relaxation,55,0.447903202207554
p06_tone_control,normal,deep_relaxation,56,0.445372613004498
p06_tone_control,normal,deep_relaxation,57,0.450615971245651
p06_tone_control,normal,deep_relaxation,58,0.454307478330896
p06_tone_control,normal,deep_relaxation,59,0.448063751493061
p06_tone_control,normal,deep_relaxation,60,0.447027086660923
p06_tone_control,normal,deep_relaxation,61,0.452278094323703
p06_tone_control,normal,deep_relaxation,62,0.446723537847686
p06_tone_control,normal,deep_relaxation,63,0.450248916118056
p06_noise_random_pulse,normal,deep_work,0,0.546806315529405
p06_noise_random_pulse,normal,deep_work,1,0.464203414461639
p06_noise_random_pulse,normal,deep_work,2,0.478202011707342
p06_noise_random_pulse,normal,deep_work,3,0.401580510071679
p06_noise_random_pulse,normal,deep_work,4,0.457074223162556
p06_noise_random_pulse,normal,deep_work,5,0.431525444037263
p06_noise_random_pulse,normal,deep_work,6,0.400666607827455
p06_noise_random_pulse,normal,deep_work,7,0.466693700910034
p06_noise_random_pulse,normal,deep_work,8,0.468141633063932
p06_noise_random_pulse,normal,deep_work,9,0.469680115526438
p06_noise_random_pulse,normal,deep_work,10,0.441227700336173
p06_noise_random_pulse,normal,deep_work,11,0.473722301685507
p06_noise_random_pulse,normal,deep_work,12,0.465925894830609
p06_noise_random_pulse,normal,deep_work,13,0.470869712143520
p06_noise_random_pulse,normal,deep_work,14,0.439640019575405
p06_noise_random_pulse,normal,deep_work,15,0.398747869269888
p06_noise_random_pulse,normal,deep_work,16,0.447845088448395
p06_noise_random_pulse,normal,deep_work,17,0.456133173285343
p06_noise_random_pulse,normal,deep_work,18,0.538248656626539
p06_noise_random_pulse,normal,deep_work,19,0.433237935074442
p06_noise_random_pulse,normal,deep_work,20,0.490706075994133
p06_noise_random_pulse,normal,deep_work,21,0.404125167738871
p06_noise_random_pulse,normal,deep_work,22,0.424081383245588
p06_noise_random_pulse,normal,deep_work,23,0.387468990515308
p06_noise_random_pulse,normal,deep_work,24,0.476379358876481
p06_noise_random_pulse,normal,deep_work,25,0.415117005497428
p06_noise_random_pulse,normal,deep_work,26,0.545701090353504
p06_noise_random_pulse,normal,deep_work,27,0.550187303567927
p06_noise_random_pulse,normal,deep_work,28,0.369053171211920
p06_noise_random_pulse,normal,deep_work,29,0.422046995482274
p06_noise_random_pulse,normal,deep_work,30,0.407404558153822
p06_noise_random_pulse,normal,deep_work,31,0.601816190976079
p06_noise_random_pulse,normal,deep_work,32,0.443403962539323
p06_noise_random_pulse,normal,deep_work,33,0.438572367624308
p06_noise_random_pulse,normal,deep_work,34,0.418743780738953
p06_noise_random_pulse,normal,deep_work,35,0.473176391264167
p06_noise_random_pulse,normal,deep_work,36,0.539904030254856
p06_noise_random_pulse,normal,deep_work,37,0.382165380765879
p06_noise_random_pulse,normal,deep_work,38,0.444832162142032
p06_noise_random_pulse,normal,deep_work,39,0.448559604987604
p06_noise_random_pulse,normal,deep_work,40,0.399196128591039
p06_noise_random_pulse,normal,deep_work,41,0.346140590261758
p06_noise_random_pulse,normal,deep_work,42,0.385538328361211
p06_noise_random_pulse,normal,deep_work,43,0.471513131585004
p06_noise_random_pulse,normal,deep_work,44,0.390776937315103
p06_noise_random_pulse,normal,deep_work,45,0.502770975190811
p06_noise_random_pulse,normal,deep_work,46,0.538568951000372
p06_noise_random_pulse,normal,deep_work,47,0.500623369402863
p06_noise_random_pulse,normal,deep_work,48,0.449819998964181
p06_noise_random_pulse,normal,deep_work,49,0.520668549828463
p06_noise_random_pulse,normal,deep_work,50,0.478459867829538
p06_noise_random_pulse,normal,deep_work,51,0.505052828963576
p06_noise_random_pulse,normal,deep_work,52,0.454269357934987
p06_noise_random_pulse,normal,deep_work,53,0.538728839655303
p06_noise_random_pulse,normal,deep_work,54,0.409417568878073
p06_noise_random_pulse,normal,deep_work,55,0.524896864607093
p06_noise_random_pulse,normal,deep_work,56,0.523864443873175
p06_noise_random_pulse,normal,deep_work,57,0.478071876096749
p06_noise_random_pulse,normal,deep_work,58,0.390283759031029
p06_noise_random_pulse,normal,deep_work,59,0.384493816536603
p06_noise_random_pulse,normal,deep_work,60,0.403735982471195
p06_noise_random_pulse,normal,deep_work,61,0.585029994792162
p06_noise_random_pulse,normal,deep_work,62,0.625094569304833
p06_noise_random_pulse,normal,deep_work,63,0.439690287040734
p06_noise_random_walk,normal,deep_work,0,0.364311990378266
p06_noise_random_walk,normal,deep_work,1,0.332124099249392
p06_noise_random_walk,normal,deep_work,2,0.337368141258041
p06_noise_random_walk,normal,deep_work,3,0.446209075003345
p06_noise_random_walk,normal,deep_work,4,0.323281275416406
p06_noise_random_walk,normal,deep_work,5,0.293928770648144
p06_noise_random_walk,normal,deep_work,6,0.328022430700534
p06_noise_random_walk,normal,deep_work,7,0.320840693174880
p06_noise_random_walk,normal,deep_work,8,0.294915685317193
p06_noise_random_walk,normal,deep_work,9,0.353567176560313
p06_noise_random_walk,normal,deep_work,10,0.290700763635802
p06_noise_random_walk,normal,deep_work,11,0.300554564324340
p06_noise_random_walk,normal,deep_work,12,0.298607936561055
p06_noise_random_walk,normal,deep_work,13,0.363459962628898
p06_noise_random_walk,normal,deep_work,14,0.324949042143624
p06_noise_random_walk,normal,deep_work,15,0.295806227153566
p06_noise_random_walk,normal,deep_work,16,0.294739293298264
p06_noise_random_walk,normal,deep_work,17,0.377989731693475
p06_noise_random_walk,normal,deep_work,18,0.320330515170600
p06_noise_random_walk,normal,deep_work,19,0.413444459627312
p06_noise_random_walk,normal,deep_work,20,0.286777697896842
p06_noise_random_walk,normal,deep_work,21,0.602555510636129
p06_noise_random_walk,normal,deep_work,22,0.301877216574876
p06_noise_random_walk,normal,deep_work,23,0.493013330385048
p06_noise_random_walk,normal,deep_work,24,0.336741577846079
p06_noise_random_walk,normal,deep_work,25,0.317914955830529
p06_noise_random_walk,normal,deep_work,26,0.390278356051757
p06_noise_random_walk,normal,deep_work,27,0.287426903602968
p06_noise_random_walk,normal,deep_work,28,0.288111086628389
p06_noise_random_walk,normal,deep_work,29,0.302713741844782
p06_noise_random_walk,normal,deep_work,30,0.381190123010960
p06_noise_random_walk,normal,deep_work,31,0.286465961032619
p06_noise_random_walk,normal,deep_work,32,0.295307044392244
p06_noise_random_walk,normal,deep_work,33,0.289467649144931
p06_noise_random_walk,normal,deep_work,34,0.298342158718860
p06_noise_random_walk,normal,deep_work,35,0.279850746449733
p06_noise_random_walk,normal,deep_work,36,0.385419239137391
p06_noise_random_walk,normal,deep_work,37,0.277981005226629
p06_noise_random_walk,normal,deep_work,38,0.304532940726474
p06_noise_random_walk,normal,deep_work,39,0.292139492755779
p06_noise_random_walk,normal,deep_work,40,0.382810367139403
p06_noise_random_walk,normal,deep_work,41,0.393828308813614
p06_noise_random_walk,normal,deep_work,42,0.325867740812741
p06_noise_random_walk,normal,deep_work,43,0.279248761388851
p06_noise_random_walk,normal,deep_work,44,0.391843923692410
p06_noise_random_walk,normal,deep_work,45,0.350864565263240
p06_noise_random_walk,normal,deep_work,46,0.285881106303420
p06_noise_random_walk,normal,deep_work,47,0.294486027860086
p06_noise_random_walk,normal,deep_work,48,0.340261771147076
p06_noise_random_walk,normal,deep_work,49,0.419353586600832
p06_noise_random_walk,normal,deep_work,50,0.281512277868967
p06_noise_random_walk,normal,deep_work,51,0.303292514291069
p06_noise_random_walk,normal,deep_work,52,0.296617583097556
p06_noise_random_walk,normal,deep_work,53,0.339505660680623
p06_noise_random_walk,normal,deep_work,54,0.283652472245500
p06_noise_random_walk,normal,deep_work,55,0.342255717414547
p06_noise_random_walk,normal,deep_work,56,0.382343025508870
p06_noise_random_walk,normal,deep_work,57,0.362995100840130
p06_noise_random_walk,normal,deep_work,58,0.287730627173890
p06_noise_random_walk,normal,deep_work,59,0.382547705461145
p06_noise_random_walk,normal,deep_work,60,0.294389197641333
p06_noise_random_walk,normal,deep_work,61,0.355680616783950
p06_noise_random_walk,normal,deep_work,62,0.267156119457270
p06_noise_random_walk,normal,deep_work,63,0.280050027312086
p06_noise_room,normal,deep_work,0,0.325304779329301
p06_noise_room,normal,deep_work,1,0.321927643241027
p06_noise_room,normal,deep_work,2,0.310037968522111
p06_noise_room,normal,deep_work,3,0.376344321251773
p06_noise_room,normal,deep_work,4,0.334081691775408
p06_noise_room,normal,deep_work,5,0.447241045286303
p06_noise_room,normal,deep_work,6,0.365425326438157
p06_noise_room,normal,deep_work,7,0.305656579711187
p06_noise_room,normal,deep_work,8,0.322725261118888
p06_noise_room,normal,deep_work,9,0.371095314374510
p06_noise_room,normal,deep_work,10,0.517303877385898
p06_noise_room,normal,deep_work,11,0.405315519947546
p06_noise_room,normal,deep_work,12,0.306401403661311
p06_noise_room,normal,deep_work,13,0.375270700808835
p06_noise_room,normal,deep_work,14,0.354753418466575
p06_noise_room,normal,deep_work,15,0.301753092949664
p06_noise_room,normal,deep_work,16,0.364632586465006
p06_noise_room,normal,deep_work,17,0.358651717989408
p06_noise_room,normal,deep_work,18,0.371313023112849
p06_noise_room,normal,deep_work,19,0.370437139098135
p06_noise_room,normal,deep_work,20,0.388998190866378
p06_noise_room,normal,deep_work,21,0.323919954658681
p06_noise_room,normal,deep_work,22,0.318900975386035
p06_noise_room,normal,deep_work,23,0.345304874468938
p06_noise_room,normal,deep_work,24,0.408353276754520
p06_noise_room,normal,deep_work,25,0.345494698122735
p06_noise_room,normal,deep_work,26,0.400222079333088
p06_noise_room,normal,deep_work,27,0.330061436772024
p06_noise_room,normal,deep_work,28,0.389800726688714
p06_noise_room,normal,deep_work,29,0.435588258858401
p06_noise_room,normal,deep_work,30,0.406738683979534
p06_noise_room,normal,deep_work,31,0.511800751456850
p06_noise_room,normal,deep_work,32,0.442464314795126
p06_noise_room,normal,deep_work,33,0.377904965547270
p06_noise_room,normal,deep_work,34,0.353315523390860
p06_noise_room,normal,deep_work,35,0.476945080605548
p06_noise_room,normal,deep_work,36,0.302233598579735
p06_noise_room,normal,deep_work,37,0.292720538811193
p06_noise_room,normal,deep_work,38,0.366322610228230
p06_noise_room,normal,deep_work,39,0.301626531515327
p06_noise_room,normal,deep_work,40,0.445786321419919
p06_noise_room,normal,deep_work,41,0.318533998498700
p06_noise_room,normal,deep_work,42,0.412634034376091
p06_noise_room,normal,deep_work,43,0.349228507791934
p06_noise_room,normal,deep_work,44,0.296839768525274
p06_noise_room,normal,deep_work,45,0.393280920795220
p06_noise_room,normal,deep_work,46,0.324142896028805
p06_noise_room,normal,deep_work,47,0.357076553244790
p06_noise_room,normal,deep_work,48,0.299983342995908
p06_noise_room,normal,deep_work,49,0.370497323176679
p06_noise_room,normal,deep_work,50,0.290229182272344
p06_noise_room,normal,deep_work,51,0.317986463891366
p06_noise_room,normal,deep_work,52,0.378359860619880
p06_noise_room,normal,deep_work,53,0.345847673613417
p06_noise_room,normal,deep_work,54,0.410199454321757
p06_noise_room,normal,deep_work,55,0.402639856997622
p06_noise_room,normal,deep_work,56,0.311900138494489
p06_noise_room,normal,deep_work,57,0.315934723182314
p06_noise_room,normal,deep_work,58,0.333206913012297
p06_noise_room,normal,deep_work,59,0.345106911972099
p06_noise_room,normal,deep_work,60,0.363238962444357
p06_noise_room,normal,deep_work,61,0.368595394770089
p06_noise_room,normal,deep_work,62,0.324015493324709
p06_noise_room,normal,deep_work,63,0.412822995327390
p06_noise_static,normal,deep_work,0,0.274025274434934
p06_noise_static,normal,deep_work,1,0.321613307449449
p06_noise_static,normal,deep_work,2,0.298570213056614
p06_noise_static,normal,deep_work,3,0.304303120209628
p06_noise_static,normal,deep_work,4,0.289318832994777
p06_noise_static,normal,deep_work,5,0.219097908262764
p06_noise_static,normal,deep_work,6,0.251934238190739
p06_noise_static,normal,deep_work,7,0.302405266539080
p06_noise_static,normal,deep_work,8,0.294218549609603
p06_noise_static,normal,deep_work,9,0.309255227721675
p06_noise_static,normal,deep_work,10,0.264411286587362
p06_noise_static,normal,deep_work,11,0.346759119867773
p06_noise_static,normal,deep_work,12,0.268927644150728
p06_noise_static,normal,deep_work,13,0.267223467894905
p06_noise_static,normal,deep_work,14,0.396244052413954
p06_noise_static,normal,deep_work,15,0.359083042586822
p06_noise_static,normal,deep_work,16,0.334722242405326
p06_noise_static,normal,deep_work,17,0.367645126586433
p06_noise_static,normal,deep_work,18,0.264901395039280
p06_noise_static,normal,deep_work,19,0.382793875095188
p06_noise_static,normal,deep_work,20,0.297955320731765
p06_noise_static,normal,deep_work,21,0.273248024730952
p06_noise_static,normal,deep_work,22,0.269169905022909
p06_noise_static,normal,deep_work,23,0.342195575690548
p06_noise_static,normal,deep_work,24,0.295997269506975
p06_noise_static,normal,deep_work,25,0.352136030071877
p06_noise_static,normal,deep_work,26,0.233035252260571
p06_noise_static,normal,deep_work,27,0.356452197504050
p06_noise_static,normal,deep_work,28,0.267843225198359
p06_noise_static,normal,deep_work,29,0.388107435378226
p06_noise_static,normal,deep_work,30,0.298704568667550
p06_noise_static,normal,deep_work,31,0.350983039075923
p06_noise_static,normal,deep_work,32,0.350209608580372
p06_noise_static,normal,deep_work,33,0.276743840527748
p06_noise_static,normal,deep_work,34,0.274262168972770
p06_noise_static,normal,deep_work,35,0.275499903337129
p06_noise_static,normal,deep_work,36,0.327145280334037
p06_noise_static,normal,deep_work,37,0.299781998280279
p06_noise_static,normal,deep_work,38,0.371597515856232
p06_noise_static,normal,deep_work,39,0.282387770626429
p06_noise_static,normal,deep_work,40,0.321304651276588
p06_noise_static,normal,deep_work,41,0.275174031373842
p06_noise_static,normal,deep_work,42,0.304818266700533
p06_noise_static,normal,deep_work,43,0.324505412121314
p06_noise_static,normal,deep_work,44,0.324658313760076
p06_noise_static,normal,deep_work,45,0.273953805462229
p06_noise_static,normal,deep_work,46,0.275036392634123
p06_noise_static,normal,deep_work,47,0.280091234004990
p06_noise_static,normal,deep_work,48,0.294464978961102
p06_noise_static,normal,deep_work,49,0.309457546158279
p06_noise_static,normal,deep_work,50,0.271112100363775
p06_noise_static,normal,deep_work,51,0.323885665186938
p06_noise_static,normal,deep_work,52,0.276500773831365
p06_noise_static,normal,deep_work,53,0.273012494716197
p06_noise_static,normal,deep_work,54,0.273997608177331
p06_noise_static,normal,deep_work,55,0.286855077387430
p06_noise_static,normal,deep_work,56,0.290833202055460
p06_noise_static,normal,deep_work,57,0.280739425006891
p06_noise_static,normal,deep_work,58,0.361317011032319
p06_noise_static,normal,deep_work,59,0.278494276260447
p06_noise_static,normal,deep_work,60,0.339987750509302
p06_noise_static,normal,deep_work,61,0.338653158416789
p06_noise_static,normal,deep_work,62,0.362044760832071
p06_noise_static,normal,deep_work,63,0.437768488968078
p06_tone_control,normal,deep_work,0,0.261933365168787
p06_tone_control,normal,deep_work,1,0.267245248415460
p06_tone_control,normal,deep_work,2,0.278953877227657
p06_tone_control,normal,deep_work,3,0.266518854806181
p06_tone_control,normal,deep_work,4,0.267701829253368
p06_tone_control,normal,deep_work,5,0.265444221918480
p06_tone_control,normal,deep_work,6,0.275604890088737
p06_tone_control,normal,deep_work,7,0.276748477370036
p06_tone_control,normal,deep_work,8,0.270845438465643
p06_tone_control,normal,deep_work,9,0.270619471427035
p06_tone_control,normal,deep_work,10,0.277044458849192
p06_tone_control,normal,deep_work,11,0.276696948714818
p06_tone_control,normal,deep_work,12,0.247120343036566
p06_tone_control,normal,deep_work,13,0.266895497356319
p06_tone_control,normal,deep_work,14,0.276277116337305
p06_tone_control,normal,deep_work,15,0.260077673460729
p06_tone_control,normal,deep_work,16,0.247880313606104
p06_tone_control,normal,deep_work,17,0.265543645455702
p06_tone_control,normal,deep_work,18,0.268716181530479
p06_tone_control,normal,deep_work,19,0.251246487475267
p06_tone_control,normal,deep_work,20,0.270742762450913
p06_tone_control,normal,deep_work,21,0.275894343564878
p06_tone_control,normal,deep_work,22,0.244312932512414
p06_tone_control,normal,deep_work,23,0.268324249028875
p06_tone_control,normal,deep_work,24,0.281062806993294
p06_tone_control,normal,deep_work,25,0.274713918937527
p06_tone_control,normal,deep_work,26,0.272551892534914
p06_tone_control,normal,deep_work,27,0.264455295376171
p06_tone_control,normal,deep_work,28,0.266795693494520
p06_tone_control,normal,deep_work,29,0.273883136016111
p06_tone_control,normal,deep_work,30,0.242936380739756
p06_tone_control,normal,deep_work,31,0.272720256871454
p06_tone_control,normal,deep_work,32,0.272655426112801
p06_tone_control,normal,deep_work,33,0.271971683798764
p06_tone_control,normal,deep_work,34,0.269783949448452
p06_tone_control,normal,deep_work,35,0.264244835920670
p06_tone_control,normal,deep_work,36,0.267217578166031
p06_tone_control,normal,deep_work,37,0.269848975624161
p06_tone_control,normal,deep_work,38,0.254279047622397
p06_tone_control,normal,deep_work,39,0.279664341481421
p06_tone_control,normal,deep_work,40,0.274866556815268
p06_tone_control,normal,deep_work,41,0.261782358911125
p06_tone_control,normal,deep_work,42,0.270059640549134
p06_tone_control,normal,deep_work,43,0.271607152421571
p06_tone_control,normal,deep_work,44,0.276984667525756
p06_tone_control,normal,deep_work,45,0.254788796878010
p06_tone_control,normal,deep_work,46,0.274849209776760
p06_tone_control,normal,deep_work,47,0.270233899978084
p06_tone_control,normal,deep_work,48,0.262375387174599
p06_tone_control,normal,deep_work,49,0.274357348089351
p06_tone_control,normal,deep_work,50,0.273938050131031
p06_tone_control,normal,deep_work,51,0.257697258713822
p06_tone_control,normal,deep_work,52,0.272916020495856
p06_tone_control,normal,deep_work,53,0.275762208466663
p06_tone_control,normal,deep_work,54,0.259693882803154
p06_tone_control,normal,deep_work,55,0.270099897862227
p06_tone_control,normal,deep_work,56,0.274699418182160
p06_tone_control,normal,deep_work,57,0.275092175970080
p06_tone_control,normal,deep_work,58,0.272211120365458
p06_tone_control,normal,deep_work,59,0.274816902223145
p06_tone_control,normal,deep_work,60,0.266870887325042
p06_tone_control,normal,deep_work,61,0.265611903694166
p06_tone_control,normal,deep_work,62,0.272223016873996
p06_tone_control,normal,deep_work,63,0.273092355626598
p06_noise_random_pulse,normal,flow,0,0.556410139377938
p06_noise_random_pulse,normal,flow,1,0.360564226864897
p06_noise_random_pulse,normal,flow,2,0.465524999302207
p06_noise_random_pulse,normal,flow,3,0.456064276720450
p06_noise_random_pulse,normal,flow,4,0.517749483729005
p06_noise_random_pulse,normal,flow,5,0.330125023863388
p06_noise_random_pulse,normal,flow,6,0.496439806752983
p06_noise_random_pulse,normal,flow,7,0.322935178421209
p06_noise_random_pulse,normal,flow,8,0.365610357106376
p06_noise_random_pulse,normal,flow,9,0.333280564473952
p06_noise_random_pulse,normal,flow,10,0.717038548940463
p06_noise_random_pulse,normal,flow,11,0.337411748376346
p06_noise_random_pulse,normal,flow,12,0.332787403168099
p06_noise_random_pulse,normal,flow,13,0.510551365578726
p06_noise_random_pulse,normal,flow,14,0.310730967464797
p06_noise_random_pulse,normal,flow,15,0.467518914537502
p06_noise_random_pulse,normal,flow,16,0.468701672135892
p06_noise_random_pulse,normal,flow,17,0.327859688521908
p06_noise_random_pulse,normal,flow,18,0.554335833931109
p06_noise_random_pulse,normal,flow,19,0.340259179645370
p06_noise_random_pulse,normal,flow,20,0.362654440124439
p06_noise_random_pulse,normal,flow,21,0.337975217201659
p06_noise_random_pulse,normal,flow,22,0.325539234673561
p06_noise_random_pulse,normal,flow,23,0.378580844549737
p06_noise_random_pulse,normal,flow,24,0.331832764069488
p06_noise_random_pulse,normal,flow,25,0.526364753918922
p06_noise_random_pulse,normal,flow,26,0.458087495404353
p06_noise_random_pulse,normal,flow,27,0.348585936705262
p06_noise_random_pulse,normal,flow,28,0.504309518466648
p06_noise_random_pulse,normal,flow,29,0.395674738455188
p06_noise_random_pulse,normal,flow,30,0.325219818114604
p06_noise_random_pulse,normal,flow,31,0.417613365534461
p06_noise_random_pulse,normal,flow,32,0.416384779317574
p06_noise_random_pulse,normal,flow,33,0.411699134236237
p06_noise_random_pulse,normal,flow,34,0.450145558894220
p06_noise_random_pulse,normal,flow,35,0.325246804318226
p06_noise_random_pulse,normal,flow,36,0.546568237054250
p06_noise_random_pulse,normal,flow,37,0.313259993975970
p06_noise_random_pulse,normal,flow,38,0.347872173518532
p06_noise_random_pulse,normal,flow,39,0.530964156243203
p06_noise_random_pulse,normal,flow,40,0.450042848269906
p06_noise_random_pulse,normal,flow,41,0.303123456313564
p06_noise_random_pulse,normal,flow,42,0.298606663365430
p06_noise_random_pulse,normal,flow,43,0.573028314733973
p06_noise_random_pulse,normal,flow,44,0.451904173651053
p06_noise_random_pulse,normal,flow,45,0.372144838259680
p06_noise_random_pulse,normal,flow,46,0.417015689086523
p06_noise_random_pulse,normal,flow,47,0.360570611904767
p06_noise_random_pulse,normal,flow,48,0.330092910797313
p06_noise_random_pulse,normal,flow,49,0.399270031921774
p06_noise_random_pulse,normal,flow,50,0.394438733097765
p06_noise_random_pulse,normal,flow,51,0.417369774300039
p06_noise_random_pulse,normal,flow,52,0.326608056770333
p06_noise_random_pulse,normal,flow,53,0.550129661833886
p06_noise_random_pulse,normal,flow,54,0.443026699131675
p06_noise_random_pulse,normal,flow,55,0.396545364137184
p06_noise_random_pulse,normal,flow,56,0.649241757620563
p06_noise_random_pulse,normal,flow,57,0.341677084352690
p06_noise_random_pulse,normal,flow,58,0.559140638611786
p06_noise_random_pulse,normal,flow,59,0.324380790652187
p06_noise_random_pulse,normal,flow,60,0.386676213498044
p06_noise_random_pulse,normal,flow,61,0.402400580282554
p06_noise_random_pulse,normal,flow,62,0.438313697876335
p06_noise_random_pulse,normal,flow,63,0.467254976765130
p06_noise_random_walk,normal,flow,0,0.461467726158484
p06_noise_random_walk,normal,flow,1,0.394745023891066
p06_noise_random_walk,normal,flow,2,0.353684011101273
p06_noise_random_walk,normal,flow,3,0.347920031115148
p06_noise_random_walk,normal,flow,4,0.326724702629665
p06_noise_random_walk,normal,flow,5,0.287711370426306
p06_noise_random_walk,normal,flow,6,0.412830508407044
p06_noise_random_walk,normal,flow,7,0.322010779169555
p06_noise_random_walk,normal,flow,8,0.303764895067452
p06_noise_random_walk,normal,flow,9,0.322238321626808
p06_noise_random_walk,normal,flow,10,0.280969484850510
p06_noise_random_walk,normal,flow,11,0.295528889796263
p06_noise_random_walk,normal,flow,12,0.313326270610272
p06_noise_random_walk,normal,flow,13,0.372102165630032
p06_noise_random_walk,normal,flow,14,0.361939185969222
p06_noise_random_walk,normal,flow,15,0.291535881197379
p06_noise_random_walk,normal,flow,16,0.303278200536621
p06_noise_random_walk,normal,flow,17,0.389822912637237
p06_noise_random_walk,normal,flow,18,0.346808707844148
p06_noise_random_walk,normal,flow,19,0.387328449678323
p06_noise_random_walk,normal,flow,20,0.292043115364653
p06_noise_random_walk,normal,flow,21,0.367192674655709
p06_noise_random_walk,normal,flow,22,0.293857546329331
p06_noise_random_walk,normal,flow,23,0.406854036324843
p06_noise_random_walk,normal,flow,24,0.338957539057275
p06_noise_random_walk,normal,flow,25,0.403551433193515
p06_noise_random_walk,normal,flow,26,0.510732073780564
p06_noise_random_walk,normal,flow,27,0.287977748816463
p06_noise_random_walk,normal,flow,28,0.291023939869974
p06_noise_random_walk,normal,flow,29,0.308495544738356
p06_noise_random_walk,normal,flow,30,0.318528373255537
p06_noise_random_walk,normal,flow,31,0.283963803707470
p06_noise_random_walk,normal,flow,32,0.303145130420974
p06_noise_random_walk,normal,flow,33,0.289215820601425
p06_noise_random_walk,normal,flow,34,0.302576747206458
p06_noise_random_walk,normal,flow,35,0.279071302664858
p06_noise_random_walk,normal,flow,36,0.370959807888105
p06_noise_random_walk,normal,flow,37,0.282994581104612
p06_noise_random_walk,normal,flow,38,0.332831829023585
p06_noise_random_walk,normal,flow,39,0.299603598956425
p06_noise_random_walk,normal,flow,40,0.444335629589638
p06_noise_random_walk,normal,flow,41,0.336930116308612
p06_noise_random_walk,normal,flow,42,0.324779522005154
p06_noise_random_walk,normal,flow,43,0.293424273021962
p06_noise_random_walk,normal,flow,44,0.430576206374281
p06_noise_random_walk,normal,flow,45,0.336412798738332
p06_noise_random_walk,normal,flow,46,0.289544396742079
p06_noise_random_walk,normal,flow,47,0.297550376766632
p06_noise_random_walk,normal,flow,48,0.329428755420031
p06_noise_random_walk,normal,flow,49,0.363007148757025
p06_noise_random_walk,normal,flow,50,0.282835368658317
p06_noise_random_walk,normal,flow,51,0.311535770591815
p06_noise_random_walk,normal,flow,52,0.276889440792984
p06_noise_random_walk,normal,flow,53,0.342618925285137
p06_noise_random_walk,normal,flow,54,0.289736904099460
p06_noise_random_walk,normal,flow,55,0.311749618304966
p06_noise_random_walk,normal,flow,56,0.382646302577412
p06_noise_random_walk,normal,flow,57,0.367121440418996
p06_noise_random_walk,normal,flow,58,0.287539347628762
p06_noise_random_walk,normal,flow,59,0.339652786454480
p06_noise_random_walk,normal,flow,60,0.296750584149252
p06_noise_random_walk,normal,flow,61,0.356360532624129
p06_noise_random_walk,normal,flow,62,0.282179190731885
p06_noise_random_walk,normal,flow,63,0.284438302441165
p06_noise_room,normal,flow,0,0.361221792450359
p06_noise_room,normal,flow,1,0.433283970387072
p06_noise_room,normal,flow,2,0.416128559533440
p06_noise_room,normal,flow,3,0.485820367734407
p06_noise_room,normal,flow,4,0.408289997631743
p06_noise_room,normal,flow,5,0.436451624548592
p06_noise_room,normal,flow,6,0.421867833491135
p06_noise_room,normal,flow,7,0.366391521763522
p06_noise_room,normal,flow,8,0.418836716734730
p06_noise_room,normal,flow,9,0.526439788614086
p06_noise_room,normal,flow,10,0.421507160140741
p06_noise_room,normal,flow,11,0.343640157954032
p06_noise_room,normal,flow,12,0.330072919281116
p06_noise_room,normal,flow,13,0.314807511601067
p06_noise_room,normal,flow,14,0.362521246956342
p06_noise_room,normal,flow,15,0.425959968669708
p06_noise_room,normal,flow,16,0.491223071252602
p06_noise_room,normal,flow,17,0.384289935895772
p06_noise_room,normal,flow,18,0.435565252009157
p06_noise_room,normal,flow,19,0.377529745307052
p06_noise_room,normal,flow,20,0.490159630585570
p06_noise_room,normal,flow,21,0.432605589532733
p06_noise_room,normal,flow,22,0.431044525694240
p06_noise_room,normal,flow,23,0.455366165547649
p06_noise_room,normal,flow,24,0.322642048853458
p06_noise_room,normal,flow,25,0.427367085265948
p06_noise_room,normal,flow,26,0.410988867061153
p06_noise_room,normal,flow,27,0.372495928897045
p06_noise_room,normal,flow,28,0.445905620546310
p06_noise_room,normal,flow,29,0.381272565630630
p06_noise_room,normal,flow,30,0.381482502678664
p06_noise_room,normal,flow,31,0.447462890246224
p06_noise_room,normal,flow,32,0.448289214942459
p06_noise_room,normal,flow,33,0.414412207095040
p06_noise_room,normal,flow,34,0.438197293765537
p06_noise_room,normal,flow,35,0.432267875793148
p06_noise_room,normal,flow,36,0.376027257183352
p06_noise_room,normal,flow,37,0.431990730619221
p06_noise_room,normal,flow,38,0.393674326175513
p06_noise_room,normal,flow,39,0.406574509352547
p06_noise_room,normal,flow,40,0.397533396722825
p06_noise_room,normal,flow,41,0.418159569566846
p06_noise_room,normal,flow,42,0.423356049774297
p06_noise_room,normal,flow,43,0.401984935680867
p06_noise_room,normal,flow,44,0.352294857178453
p06_noise_room,normal,flow,45,0.438835474752077
p06_noise_room,normal,flow,46,0.468233259340881
p06_noise_room,normal,flow,47,0.326715231497058
p06_noise_room,normal,flow,48,0.421697633071119
p06_noise_room,normal,flow,49,0.437785606111096
p06_noise_room,normal,flow,50,0.437937181731335
p06_noise_room,normal,flow,51,0.416139266737758
p06_noise_room,normal,flow,52,0.529217539309675
p06_noise_room,normal,flow,53,0.374932441900198
p06_noise_room,normal,flow,54,0.483323640638443
p06_noise_room,normal,flow,55,0.373810244513300
p06_noise_room,normal,flow,56,0.431555212857504
p06_noise_room,normal,flow,57,0.368419679396511
p06_noise_room,normal,flow,58,0.391005946630184
p06_noise_room,normal,flow,59,0.353906911194389
p06_noise_room,normal,flow,60,0.430457339235307
p06_noise_room,normal,flow,61,0.475016461824813
p06_noise_room,normal,flow,62,0.427822445389440
p06_noise_room,normal,flow,63,0.523203789755515
p06_noise_static,normal,flow,0,0.281348651897872
p06_noise_static,normal,flow,1,0.338001783630975
p06_noise_static,normal,flow,2,0.442677054611274
p06_noise_static,normal,flow,3,0.330519993128229
p06_noise_static,normal,flow,4,0.292653172602445
p06_noise_static,normal,flow,5,0.276273532918020
p06_noise_static,normal,flow,6,0.249778859619033
p06_noise_static,normal,flow,7,0.404074778167239
p06_noise_static,normal,flow,8,0.407603113947689
p06_noise_static,normal,flow,9,0.434856605577174
p06_noise_static,normal,flow,10,0.262738732063966
p06_noise_static,normal,flow,11,0.343543739570765
p06_noise_static,normal,flow,12,0.267453211355340
p06_noise_static,normal,flow,13,0.278858449726034
p06_noise_static,normal,flow,14,0.513777469331591
p06_noise_static,normal,flow,15,0.485397102189626
p06_noise_static,normal,flow,16,0.406905081422458
p06_noise_static,normal,flow,17,0.397880658565506
p06_noise_static,normal,flow,18,0.273082740173798
p06_noise_static,normal,flow,19,0.484067749375760
p06_noise_static,normal,flow,20,0.301693426773346
p06_noise_static,normal,flow,21,0.283517868206178
p06_noise_static,normal,flow,22,0.281099644010169
p06_noise_static,normal,flow,23,0.371728721574238
p06_noise_static,normal,flow,24,0.433132414898134
p06_noise_static,normal,flow,25,0.369601002664411
p06_noise_static,normal,flow,26,0.412905911609039
p06_noise_static,normal,flow,27,0.338593589892051
p06_noise_static,normal,flow,28,0.289527563432412
p06_noise_static,normal,flow,29,0.372447195396757
p06_noise_static,normal,flow,30,0.289352449200237
p06_noise_static,normal,flow,31,0.382659127419835
p06_noise_static,normal,flow,32,0.379106286529409
p06_noise_static,normal,flow,33,0.289601209152234
p06_noise_static,normal,flow,34,0.298460833239716
p06_noise_static,normal,flow,35,0.300888285885492
p06_noise_static,normal,flow,36,0.374747616676469
p06_noise_static,normal,flow,37,0.387733643384788
p06_noise_static,normal,flow,38,0.390187071722182
p06_noise_static,normal,flow,39,0.417820993522806
p06_noise_static,normal,flow,40,0.439410289471043
p06_noise_static,normal,flow,41,0.293075258393374
p06_noise_static,normal,flow,42,0.326814920069328
p06_noise_static,normal,flow,43,0.453546149260227
p06_noise_static,normal,flow,44,0.352619356974687
p06_noise_static,normal,flow,45,0.267609227236505
p06_noise_static,normal,flow,46,0.293577027462193
p06_noise_static,normal,flow,47,0.294251640520105
p06_noise_static,normal,flow,48,0.451864665365741
p06_noise_static,normal,flow,49,0.383682439472745
p06_noise_static,normal,flow,50,0.277912186237475
p06_noise_static,normal,flow,51,0.427652250356960
p06_noise_static,normal,flow,52,0.290507474142792
p06_noise_static,normal,flow,53,0.277173867502136
p06_noise_static,normal,flow,54,0.286468946557567
p06_noise_static,normal,flow,55,0.296731827607295
p06_noise_static,normal,flow,56,0.391756309553021
p06_noise_static,normal,flow,57,0.287896176764102
p06_noise_static,normal,flow,58,0.329604918528096
p06_noise_static,normal,flow,59,0.293487486631152
p06_noise_static,normal,flow,60,0.431193833924999
p06_noise_static,normal,flow,61,0.350467062629369
p06_noise_static,normal,flow,62,0.483428845907667
p06_noise_static,normal,flow,63,0.334189658118934
p06_tone_control,normal,flow,0,0.146127326159958
p06_tone_control,normal,flow,1,0.149834489868722
p06_tone_control,normal,flow,2,0.151568306437140
p06_tone_control,normal,flow,3,0.146969736129634
p06_tone_control,normal,flow,4,0.150132982312708
p06_tone_control,normal,flow,5,0.150072035847434
p06_tone_control,normal,flow,6,0.149840141658659
p06_tone_control,normal,flow,7,0.149070358678610
p06_tone_control,normal,flow,8,0.148301560647074
p06_tone_control,normal,flow,9,0.148609330931211
p06_tone_control,normal,flow,10,0.150029517391165
p06_tone_control,normal,flow,11,0.147662216935339
p06_tone_control,normal,flow,12,0.145610659584163
p06_tone_control,normal,flow,13,0.147203927842991
p06_tone_control,normal,flow,14,0.149682233037408
p06_tone_control,normal,flow,15,0.147158134045248
p06_tone_control,normal,flow,16,0.145270419240246
p06_tone_control,normal,flow,17,0.149651987518381
p06_tone_control,normal,flow,18,0.147533972313741
p06_tone_control,normal,flow,19,0.148357671003424
p06_tone_control,normal,flow,20,0.148402900530109
p06_tone_control,normal,flow,21,0.148976854438819
p06_tone_control,normal,flow,22,0.148486562509566
p06_tone_control,normal,flow,23,0.149273913835351
p06_tone_control,normal,flow,24,0.151963910805492
p06_tone_control,normal,flow,25,0.149330220081815
p06_tone_control,normal,flow,26,0.148630439427055
p06_tone_control,normal,flow,27,0.148438266863656
p06_tone_control,normal,flow,28,0.147396346767927
p06_tone_control,normal,flow,29,0.149766776980459
p06_tone_control,normal,flow,30,0.146825117112989
p06_tone_control,normal,flow,31,0.149684815900264
p06_tone_control,normal,flow,32,0.149687551266601
p06_tone_control,normal,flow,33,0.148045735784563
p06_tone_control,normal,flow,34,0.151121124300842
p06_tone_control,normal,flow,35,0.147795709264232
p06_tone_control,normal,flow,36,0.146184410481952
p06_tone_control,normal,flow,37,0.145760868985831
p06_tone_control,normal,flow,38,0.148642525075756
p06_tone_control,normal,flow,39,0.150719906172323
p06_tone_control,normal,flow,40,0.149308335302763
p06_tone_control,normal,flow,41,0.148590262302819
p06_tone_control,normal,flow,42,0.148264928814163
p06_tone_control,normal,flow,43,0.148053866395768
p06_tone_control,normal,flow,44,0.150312517224750
p06_tone_control,normal,flow,45,0.146380852162558
p06_tone_control,normal,flow,46,0.148365522878871
p06_tone_control,normal,flow,47,0.147516179113328
p06_tone_control,normal,flow,48,0.149659732835122
p06_tone_control,normal,flow,49,0.149589046218076
p06_tone_control,normal,flow,50,0.148568886103339
p06_tone_control,normal,flow,51,0.148188673968221
p06_tone_control,normal,flow,52,0.148973194000153
p06_tone_control,normal,flow,53,0.149058688696962
p06_tone_control,normal,flow,54,0.149729022259646
p06_tone_control,normal,flow,55,0.146727070661628
p06_tone_control,normal,flow,56,0.149199800771422
p06_tone_control,normal,flow,57,0.149706467540675
p06_tone_control,normal,flow,58,0.149404395488143
p06_tone_control,normal,flow,59,0.148278253076892
p06_tone_control,normal,flow,60,0.144964079716957
p06_tone_control,normal,flow,61,0.145781890762481
p06_tone_control,normal,flow,62,0.147105073881470
p06_tone_control,normal,flow,63,0.149406366095434
p06_noise_random_pulse,normal,focus,0,0.478100057222069
p06_noise_random_pulse,normal,focus,1,0.303388722042852
p06_noise_random_pulse,normal,focus,2,0.360117653525217
p06_noise_random_pulse,normal,focus,3,0.299278540619118
p06_noise_random_pulse,normal,focus,4,0.464501302132467
p06_noise_random_pulse,normal,focus,5,0.278852097570417
p06_noise_random_pulse,normal,focus,6,0.350800464963868
p06_noise_random_pulse,normal,focus,7,0.266593133990757
p06_noise_random_pulse,normal,focus,8,0.311786863692692
p06_noise_random_pulse,normal,focus,9,0.263293677914145
p06_noise_random_pulse,normal,focus,10,0.587931751198137
p06_noise_random_pulse,normal,focus,11,0.278017489931710
p06_noise_random_pulse,normal,focus,12,0.275331515703469
p06_noise_random_pulse,normal,focus,13,0.361444273131196
p06_noise_random_pulse,normal,focus,14,0.260110575534891
p06_noise_random_pulse,normal,focus,15,0.296084463808242
p06_noise_random_pulse,normal,focus,16,0.560306644432109
p06_noise_random_pulse,normal,focus,17,0.248914459376498
p06_noise_random_pulse,normal,focus,18,0.344916789055439
p06_noise_random_pulse,normal,focus,19,0.268696864170553
p06_noise_random_pulse,normal,focus,20,0.242890342666278
p06_noise_random_pulse,normal,focus,21,0.297652497559369
p06_noise_random_pulse,normal,focus,22,0.265009194289604
p06_noise_random_pulse,normal,focus,23,0.284184272340437
p06_noise_random_pulse,normal,focus,24,0.235542316480458
p06_noise_random_pulse,normal,focus,25,0.425696884124915
p06_noise_random_pulse,normal,focus,26,0.523440178951124
p06_noise_random_pulse,normal,focus,27,0.266765407413023
p06_noise_random_pulse,normal,focus,28,0.578379486379968
p06_noise_random_pulse,normal,focus,29,0.305935926097599
p06_noise_random_pulse,normal,focus,30,0.214976160213129
p06_noise_random_pulse,normal,focus,31,0.396679978940145
p06_noise_random_pulse,normal,focus,32,0.321582682337913
p06_noise_random_pulse,normal,focus,33,0.324592393389015
p06_noise_random_pulse,normal,focus,34,0.481237856943395
p06_noise_random_pulse,normal,focus,35,0.245262907678368
p06_noise_random_pulse,normal,focus,36,0.470907074451725
p06_noise_random_pulse,normal,focus,37,0.242020638701779
p06_noise_random_pulse,normal,focus,38,0.253089725880474
p06_noise_random_pulse,normal,focus,39,0.441457133066294
p06_noise_random_pulse,normal,focus,40,0.348221635001177
p06_noise_random_pulse,normal,focus,41,0.250170780909878
p06_noise_random_pulse,normal,focus,42,0.208623825035656
p06_noise_random_pulse,normal,focus,43,0.492122643024966
p06_noise_random_pulse,normal,focus,44,0.350142279792151
p06_noise_random_pulse,normal,focus,45,0.339120234834292
p06_noise_random_pulse,normal,focus,46,0.513627883691473
p06_noise_random_pulse,normal,focus,47,0.283466522895648
p06_noise_random_pulse,normal,focus,48,0.271036140414928
p06_noise_random_pulse,normal,focus,49,0.327489717240116
p06_noise_random_pulse,normal,focus,50,0.335044074220184
p06_noise_random_pulse,normal,focus,51,0.325664533095915
p06_noise_random_pulse,normal,focus,52,0.263393824403395
p06_noise_random_pulse,normal,focus,53,0.389494181591394
p06_noise_random_pulse,normal,focus,54,0.357944797476193
p06_noise_random_pulse,normal,focus,55,0.309741831875380
p06_noise_random_pulse,normal,focus,56,0.557885171869795
p06_noise_random_pulse,normal,focus,57,0.256775341103791
p06_noise_random_pulse,normal,focus,58,0.315795692001775
p06_noise_random_pulse,normal,focus,59,0.241646791921412
p06_noise_random_pulse,normal,focus,60,0.332206974478443
p06_noise_random_pulse,normal,focus,61,0.401831073161028
p06_noise_random_pulse,normal,focus,62,0.447809658558112
p06_noise_random_pulse,normal,focus,63,0.548081501191221
p06_noise_random_walk,normal,focus,0,0.245578702145031
p06_noise_random_walk,normal,focus,1,0.239959170394838
p06_noise_random_walk,normal,focus,2,0.240848064100156
p06_noise_random_walk,normal,focus,3,0.247461717210559
p06_noise_random_walk,normal,focus,4,0.221312583483013
p06_noise_random_walk,normal,focus,5,0.193786899948339
p06_noise_random_walk,normal,focus,6,0.243552409375373
p06_noise_random_walk,normal,focus,7,0.210250664370065
p06_noise_random_walk,normal,focus,8,0.195495988896870
p06_noise_random_walk,normal,focus,9,0.258775680996484
p06_noise_random_walk,normal,focus,10,0.193601153073060
p06_noise_random_walk,normal,focus,11,0.185073864777532
p06_noise_random_walk,normal,focus,12,0.204239105458477
p06_noise_random_walk,normal,focus,13,0.246549837592177
p06_noise_random_walk,normal,focus,14,0.189701470267853
p06_noise_random_walk,normal,focus,15,0.179500264861462
p06_noise_random_walk,normal,focus,16,0.181898703152780
p06_noise_random_walk,normal,focus,17,0.263265441522862
p06_noise_random_walk,normal,focus,18,0.243620336610172
p06_noise_random_walk,normal,focus,19,0.253139182039330
p06_noise_random_walk,normal,focus,20,0.178379415982626
p06_noise_random_walk,normal,focus,21,0.340661745048031
p06_noise_random_walk,normal,focus,22,0.184884136395048
p06_noise_random_walk,normal,focus,23,0.346031982293468
p06_noise_random_walk,normal,focus,24,0.229290046185772
p06_noise_random_walk,normal,focus,25,0.187220561388611
p06_noise_random_walk,normal,focus,26,0.307469351993586
p06_noise_random_walk,normal,focus,27,0.179710145067405
p06_noise_random_walk,normal,focus,28,0.180939155204259
p06_noise_random_walk,normal,focus,29,0.200670978108022
p06_noise_random_walk,normal,focus,30,0.184529629613319
p06_noise_random_walk,normal,focus,31,0.170002891536654
p06_noise_random_walk,normal,focus,32,0.183081907158864
p06_noise_random_walk,normal,focus,33,0.179152895718055
p06_noise_random_walk,normal,focus,34,0.175726845210230
p06_noise_random_walk,normal,focus,35,0.177280032821080
p06_noise_random_walk,normal,focus,36,0.273521352873536
p06_noise_random_walk,normal,focus,37,0.167057679916200
p06_noise_random_walk,normal,focus,38,0.172435169144337
p06_noise_random_walk,normal,focus,39,0.185330530931974
p06_noise_random_walk,normal,focus,40,0.255323487779988
p06_noise_random_walk,normal,focus,41,0.231901438602139
p06_noise_random_walk,normal,focus,42,0.244997374520646
p06_noise_random_walk,normal,focus,43,0.165237706892956
p06_noise_random_walk,normal,focus,44,0.280948601215819
p06_noise_random_walk,normal,focus,45,0.255133544939247
p06_noise_random_walk,normal,focus,46,0.176227755684349
p06_noise_random_walk,normal,focus,47,0.196521135341236
p06_noise_random_walk,normal,focus,48,0.268866137255180
p06_noise_random_walk,normal,focus,49,0.286754710854264
p06_noise_random_walk,normal,focus,50,0.181991603290661
p06_noise_random_walk,normal,focus,51,0.199636978104028
p06_noise_random_walk,normal,focus,52,0.166297076943709
p06_noise_random_walk,normal,focus,53,0.217886951753146
p06_noise_random_walk,normal,focus,54,0.183829509925057
p06_noise_random_walk,normal,focus,55,0.288366797792493
p06_noise_random_walk,normal,focus,56,0.305140145269711
p06_noise_random_walk,normal,focus,57,0.228924885692676
p06_noise_random_walk,normal,focus,58,0.180971137620095
p06_noise_random_walk,normal,focus,59,0.261144252405421
p06_noise_random_walk,normal,focus,60,0.207357318711368
p06_noise_random_walk,normal,focus,61,0.263585235339810
p06_noise_random_walk,normal,focus,62,0.140121017426816
p06_noise_random_walk,normal,focus,63,0.176856531578110
p06_noise_room,normal,focus,0,0.148926050643901
p06_noise_room,normal,focus,1,0.200720723482554
p06_noise_room,normal,focus,2,0.199164223380951
p06_noise_room,normal,focus,3,0.295811366430877
p06_noise_room,normal,focus,4,0.174608317838580
p06_noise_room,normal,focus,5,0.187663500755729
p06_noise_room,normal,focus,6,0.221141481938433
p06_noise_room,normal,focus,7,0.193880585126323
p06_noise_room,normal,focus,8,0.200793654768738
p06_noise_room,normal,focus,9,0.256192821544099
p06_noise_room,normal,focus,10,0.339543896423146
p06_noise_room,normal,focus,11,0.192230755052250
p06_noise_room,normal,focus,12,0.187609031950614
p06_noise_room,normal,focus,13,0.211869851262616
p06_noise_room,normal,focus,14,0.250571313580760
p06_noise_room,normal,focus,15,0.226428630181160
p06_noise_room,normal,focus,16,0.269640935817202
p06_noise_room,normal,focus,17,0.227705169323630
p06_noise_room,normal,focus,18,0.196285332564046
p06_noise_room,normal,focus,19,0.247436498110740
p06_noise_room,normal,focus,20,0.255082475290725
p06_noise_room,normal,focus,21,0.121644728570402
p06_noise_room,normal,focus,22,0.221876879968215
p06_noise_room,normal,focus,23,0.157234727465913
p06_noise_room,normal,focus,24,0.200184097664094
p06_noise_room,normal,focus,25,0.275800466065623
p06_noise_room,normal,focus,26,0.313570260865909
p06_noise_room,normal,focus,27,0.237830944534144
p06_noise_room,normal,focus,28,0.210215289089198
p06_noise_room,normal,focus,29,0.330663368668972
p06_noise_room,normal,focus,30,0.324679715959106
p06_noise_room,normal,focus,31,0.362474434744134
p06_noise_room,normal,focus,32,0.268238250628915
p06_noise_room,normal,focus,33,0.186709063178591
p06_noise_room,normal,focus,34,0.288243544312534
p06_noise_room,normal,focus,35,0.230851632227481
p06_noise_room,normal,focus,36,0.185410961912648
p06_noise_room,normal,focus,37,0.184250081148675
p06_noise_room,normal,focus,38,0.236318752749059
p06_noise_room,normal,focus,39,0.131582770252164
p06_noise_room,normal,focus,40,0.301911116594105
p06_noise_room,normal,focus,41,0.176455370110721
p06_noise_room,normal,focus,42,0.333045355458470
p06_noise_room,normal,focus,43,0.273423184354821
p06_noise_room,normal,focus,44,0.123310958333613
p06_noise_room,normal,focus,45,0.253021117892410
p06_noise_room,normal,focus,46,0.209917942824682
p06_noise_room,normal,focus,47,0.175982864791875
p06_noise_room,normal,focus,48,0.147972702142118
p06_noise_room,normal,focus,49,0.237870111142592
p06_noise_room,normal,focus,50,0.183623725938550
p06_noise_room,normal,focus,51,0.244059941127420
p06_noise_room,normal,focus,52,0.272159111924811
p06_noise_room,normal,focus,53,0.217350483681050
p06_noise_room,normal,focus,54,0.307641762319538
p06_noise_room,normal,focus,55,0.314564550687629
p06_noise_room,normal,focus,56,0.216882469570344
p06_noise_room,normal,focus,57,0.174625263614217
p06_noise_room,normal,focus,58,0.183970780411459
p06_noise_room,normal,focus,59,0.229047909785769
p06_noise_room,normal,focus,60,0.207439775206783
p06_noise_room,normal,focus,61,0.283427643299336
p06_noise_room,normal,focus,62,0.149139707640604
p06_noise_room,normal,focus,63,0.266605204330119
p06_noise_static,normal,focus,0,0.140370059491062
p06_noise_static,normal,focus,1,0.234635478628627
p06_noise_static,normal,focus,2,0.200016427952014
p06_noise_static,normal,focus,3,0.159790937769912
p06_noise_static,normal,focus,4,0.147503806072362
p06_noise_static,normal,focus,5,0.111619033418725
p06_noise_static,normal,focus,6,0.109583324380815
p06_noise_static,normal,focus,7,0.235250201022357
p06_noise_static,normal,focus,8,0.150414882551811
p06_noise_static,normal,focus,9,0.165904077026294
p06_noise_static,normal,focus,10,0.130338542147673
p06_noise_static,normal,focus,11,0.203270326830861
p06_noise_static,normal,focus,12,0.158623287722081
p06_noise_static,normal,focus,13,0.156954340428820
p06_noise_static,normal,focus,14,0.316648051262848
p06_noise_static,normal,focus,15,0.236079920628947
p06_noise_static,normal,focus,16,0.223648131058322
p06_noise_static,normal,focus,17,0.238172150335314
p06_noise_static,normal,focus,18,0.135099251193943
p06_noise_static,normal,focus,19,0.247739136812513
p06_noise_static,normal,focus,20,0.160944965271883
p06_noise_static,normal,focus,21,0.137757448036381
p06_noise_static,normal,focus,22,0.137971888961958
p06_noise_static,normal,focus,23,0.240059629669860
p06_noise_static,normal,focus,24,0.189820130700941
p06_noise_static,normal,focus,25,0.249728232508153
p06_noise_static,normal,focus,26,0.123508769527950
p06_noise_static,normal,focus,27,0.254592394120063
p06_noise_static,normal,focus,28,0.153945117101942
p06_noise_static,normal,focus,29,0.238452846432686
p06_noise_static,normal,focus,30,0.169888961006983
p06_noise_static,normal,focus,31,0.275254310314243
p06_noise_static,normal,focus,32,0.247672937809086
p06_noise_static,normal,focus,33,0.142351436729375
p06_noise_static,normal,focus,34,0.133364111001011
p06_noise_static,normal,focus,35,0.158930806426902
p06_noise_static,normal,focus,36,0.183998391934253
p06_noise_static,normal,focus,37,0.144884445769928
p06_noise_static,normal,focus,38,0.216460224325058
p06_noise_static,normal,focus,39,0.189408606539347
p06_noise_static,normal,focus,40,0.219502474696025
p06_noise_static,normal,focus,41,0.140547817712488
p06_noise_static,normal,focus,42,0.197535086934182
p06_noise_static,normal,focus,43,0.212849967456071
p06_noise_static,normal,focus,44,0.219407964102341
p06_noise_static,normal,focus,45,0.162670002749774
p06_noise_static,normal,focus,46,0.164368549805004
p06_noise_static,normal,focus,47,0.159860834846130
p06_noise_static,normal,focus,48,0.200488357195776
p06_noise_static,normal,focus,49,0.156474426804684
p06_noise_static,normal,focus,50,0.135913113311502
p06_noise_static,normal,focus,51,0.227462641713085
p06_noise_static,normal,focus,52,0.164218394832032
p06_noise_static,normal,focus,53,0.137517232631005
p06_noise_static,normal,focus,54,0.143347930549223
p06_noise_static,normal,focus,55,0.154303777553455
p06_noise_static,normal,focus,56,0.219816681197100
p06_noise_static,normal,focus,57,0.164517340436369
p06_noise_static,normal,focus,58,0.203623089016366
p06_noise_static,normal,focus,59,0.137917410961133
p06_noise_static,normal,focus,60,0.229943546485297
p06_noise_static,normal,focus,61,0.226210370786669
p06_noise_static,normal,focus,62,0.219752807037402
p06_noise_static,normal,focus,63,0.276829477391271
p06_tone_control,normal,focus,0,0.044464885895810
p06_tone_control,normal,focus,1,0.044736775740706
p06_tone_control,normal,focus,2,0.047411983424922
p06_tone_control,normal,focus,3,0.044635781843138
p06_tone_control,normal,focus,4,0.045141447356756
p06_tone_control,normal,focus,5,0.044688434210892
p06_tone_control,normal,focus,6,0.046110373781593
p06_tone_control,normal,focus,7,0.046877769187390
p06_tone_control,normal,focus,8,0.045413418073149
p06_tone_control,normal,focus,9,0.045185745242688
p06_tone_control,normal,focus,10,0.047117392641899
p06_tone_control,normal,focus,11,0.047369566466201
p06_tone_control,normal,focus,12,0.043983344143102
p06_tone_control,normal,focus,13,0.044890945580957
p06_tone_control,normal,focus,14,0.046428643602575
p06_tone_control,normal,focus,15,0.044221907630336
p06_tone_control,normal,focus,16,0.043898556167332
p06_tone_control,normal,focus,17,0.044536210864631
p06_tone_control,normal,focus,18,0.045256608187932
p06_tone_control,normal,focus,19,0.043701798621663
p06_tone_control,normal,focus,20,0.045479127660201
p06_tone_control,normal,focus,21,0.047089365814702
p06_tone_control,normal,focus,22,0.043486901261191
p06_tone_control,normal,focus,23,0.044907798328775
p06_tone_control,normal,focus,24,0.050513369027394
p06_tone_control,normal,focus,25,0.046506715052813
p06_tone_control,normal,focus,26,0.045561833129254
p06_tone_control,normal,focus,27,0.044465360745527
p06_tone_control,normal,focus,28,0.045141017917674
p06_tone_control,normal,focus,29,0.045862153902441
p06_tone_control,normal,focus,30,0.043339222563793
p06_tone_control,normal,focus,31,0.045852455275402
p06_tone_control,normal,focus,32,0.046032373665022
p06_tone_control,normal,focus,33,0.045312982724744
p06_tone_control,normal,focus,34,0.045221278382358
p06_tone_control,normal,focus,35,0.044455682540864
p06_tone_control,normal,focus,36,0.044790850671175
p06_tone_control,normal,focus,37,0.045397311479526
p06_tone_control,normal,focus,38,0.043806834032477
p06_tone_control,normal,focus,39,0.048596048389046
p06_tone_control,normal,focus,40,0.046413263983637
p06_tone_control,normal,focus,41,0.044195448978404
p06_tone_control,normal,focus,42,0.045310489451473
p06_tone_control,normal,focus,43,0.045455823403535
p06_tone_control,normal,focus,44,0.046484070831049
p06_tone_control,normal,focus,45,0.043892170325041
p06_tone_control,normal,focus,46,0.046218611037319
p06_tone_control,normal,focus,47,0.045455020628265
p06_tone_control,normal,focus,48,0.044538559329699
p06_tone_control,normal,focus,49,0.045921290849362
p06_tone_control,normal,focus,50,0.045831270846748
p06_tone_control,normal,focus,51,0.044253150231668
p06_tone_control,normal,focus,52,0.045665490297621
p06_tone_control,normal,focus,53,0.046271516691539
p06_tone_control,normal,focus,54,0.044258788121870
p06_tone_control,normal,focus,55,0.045305997206858
p06_tone_control,normal,focus,56,0.046146623934718
p06_tone_control,normal,focus,57,0.046351499674750
p06_tone_control,normal,focus,58,0.045715278540597
p06_tone_control,normal,focus,59,0.046112240255438
p06_tone_control,normal,focus,60,0.045037648529896
p06_tone_control,normal,focus,61,0.044739443262105
p06_tone_control,normal,focus,62,0.045742165914022
p06_tone_control,normal,focus,63,0.045615284838228
p06_noise_random_pulse,normal,ignition,0,0.338164934012652
p06_noise_random_pulse,normal,ignition,1,0.271485425480936
p06_noise_random_pulse,normal,ignition,2,0.403882074134767
p06_noise_random_pulse,normal,ignition,3,0.299424956847969
p06_noise_random_pulse,normal,ignition,4,0.220555548368031
p06_noise_random_pulse,normal,ignition,5,0.251730849308766
p06_noise_random_pulse,normal,ignition,6,0.333734771958650
p06_noise_random_pulse,normal,ignition,7,0.243178647659483
p06_noise_random_pulse,normal,ignition,8,0.271185033904778
p06_noise_random_pulse,normal,ignition,9,0.235206107523069
p06_noise_random_pulse,normal,ignition,10,0.555705859341177
p06_noise_random_pulse,normal,ignition,11,0.245587907360279
p06_noise_random_pulse,normal,ignition,12,0.248654646713895
p06_noise_random_pulse,normal,ignition,13,0.321504240915422
p06_noise_random_pulse,normal,ignition,14,0.231240707297727
p06_noise_random_pulse,normal,ignition,15,0.366890864444389
p06_noise_random_pulse,normal,ignition,16,0.419044042394395
p06_noise_random_pulse,normal,ignition,17,0.239842989114977
p06_noise_random_pulse,normal,ignition,18,0.298321084210000
p06_noise_random_pulse,normal,ignition,19,0.243549982821152
p06_noise_random_pulse,normal,ignition,20,0.188674199517983
p06_noise_random_pulse,normal,ignition,21,0.262461683180405
p06_noise_random_pulse,normal,ignition,22,0.244630936571130
p06_noise_random_pulse,normal,ignition,23,0.260521861851885
p06_noise_random_pulse,normal,ignition,24,0.219674291547155
p06_noise_random_pulse,normal,ignition,25,0.318722277595548
p06_noise_random_pulse,normal,ignition,26,0.354760785392259
p06_noise_random_pulse,normal,ignition,27,0.234470994999887
p06_noise_random_pulse,normal,ignition,28,0.657601983324732
p06_noise_random_pulse,normal,ignition,29,0.373180858984460
p06_noise_random_pulse,normal,ignition,30,0.196378714370251
p06_noise_random_pulse,normal,ignition,31,0.228438192398612
p06_noise_random_pulse,normal,ignition,32,0.347320626390552
p06_noise_random_pulse,normal,ignition,33,0.416843556114836
p06_noise_random_pulse,normal,ignition,34,0.601891547828231
p06_noise_random_pulse,normal,ignition,35,0.233631024260561
p06_noise_random_pulse,normal,ignition,36,0.462724894364982
p06_noise_random_pulse,normal,ignition,37,0.211497210694420
p06_noise_random_pulse,normal,ignition,38,0.240738203313369
p06_noise_random_pulse,normal,ignition,39,0.346403567439183
p06_noise_random_pulse,normal,ignition,40,0.297826798313931
p06_noise_random_pulse,normal,ignition,41,0.221355734789490
p06_noise_random_pulse,normal,ignition,42,0.214671630059552
p06_noise_random_pulse,normal,ignition,43,0.326545035487269
p06_noise_random_pulse,normal,ignition,44,0.302147035115375
p06_noise_random_pulse,normal,ignition,45,0.303267062770933
p06_noise_random_pulse,normal,ignition,46,0.357373393359357
p06_noise_random_pulse,normal,ignition,47,0.286664285392423
p06_noise_random_pulse,normal,ignition,48,0.238363254388417
p06_noise_random_pulse,normal,ignition,49,0.364855888058011
p06_noise_random_pulse,normal,ignition,50,0.327663951834593
p06_noise_random_pulse,normal,ignition,51,0.258629687832492
p06_noise_random_pulse,normal,ignition,52,0.237631684150423
p06_noise_random_pulse,normal,ignition,53,0.380931048667565
p06_noise_random_pulse,normal,ignition,54,0.311581837723988
p06_noise_random_pulse,normal,ignition,55,0.259093909558218
p06_noise_random_pulse,normal,ignition,56,0.376479364767999
p06_noise_random_pulse,normal,ignition,57,0.228249235587262
p06_noise_random_pulse,normal,ignition,58,0.287134190918289
p06_noise_random_pulse,normal,ignition,59,0.211591114876139
p06_noise_random_pulse,normal,ignition,60,0.292679988763230
p06_noise_random_pulse,normal,ignition,61,0.209771759302938
p06_noise_random_pulse,normal,ignition,62,0.231530304617864
p06_noise_random_pulse,normal,ignition,63,0.314490566116114
p06_noise_random_walk,normal,ignition,0,0.191239973147398
p06_noise_random_walk,normal,ignition,1,0.324633140565223
p06_noise_random_walk,normal,ignition,2,0.205610448934705
p06_noise_random_walk,normal,ignition,3,0.297589947458022
p06_noise_random_walk,normal,ignition,4,0.220515170131252
p06_noise_random_walk,normal,ignition,5,0.183379662756332
p06_noise_random_walk,normal,ignition,6,0.244348773314624
p06_noise_random_walk,normal,ignition,7,0.232672465417504
p06_noise_random_walk,normal,ignition,8,0.188112773986833
p06_noise_random_walk,normal,ignition,9,0.315972926908299
p06_noise_random_walk,normal,ignition,10,0.197278826143023
p06_noise_random_walk,normal,ignition,11,0.186067712384016
p06_noise_random_walk,normal,ignition,12,0.274735144087920
p06_noise_random_walk,normal,ignition,13,0.178222740186575
p06_noise_random_walk,normal,ignition,14,0.216083526339981
p06_noise_random_walk,normal,ignition,15,0.182015914337384
p06_noise_random_walk,normal,ignition,16,0.183743467897923
p06_noise_random_walk,normal,ignition,17,0.193880879979993
p06_noise_random_walk,normal,ignition,18,0.217869078935515
p06_noise_random_walk,normal,ignition,19,0.259541584317495
p06_noise_random_walk,normal,ignition,20,0.167352113463248
p06_noise_random_walk,normal,ignition,21,0.379824605340775
p06_noise_random_walk,normal,ignition,22,0.198392085187284
p06_noise_random_walk,normal,ignition,23,0.278371472833333
p06_noise_random_walk,normal,ignition,24,0.357964031531112
p06_noise_random_walk,normal,ignition,25,0.186778868223047
p06_noise_random_walk,normal,ignition,26,0.359458875395909
p06_noise_random_walk,normal,ignition,27,0.173460150472737
p06_noise_random_walk,normal,ignition,28,0.180784801424103
p06_noise_random_walk,normal,ignition,29,0.195272983521848
p06_noise_random_walk,normal,ignition,30,0.222573376994952
p06_noise_random_walk,normal,ignition,31,0.170513290024338
p06_noise_random_walk,normal,ignition,32,0.172856768892688
p06_noise_random_walk,normal,ignition,33,0.167323354229000
p06_noise_random_walk,normal,ignition,34,0.177335826287583
p06_noise_random_walk,normal,ignition,35,0.173236776998442
p06_noise_random_walk,normal,ignition,36,0.264805258206365
p06_noise_random_walk,normal,ignition,37,0.156469576649179
p06_noise_random_walk,normal,ignition,38,0.126742303308051
p06_noise_random_walk,normal,ignition,39,0.175430277782660
p06_noise_random_walk,normal,ignition,40,0.205567609904963
p06_noise_random_walk,normal,ignition,41,0.212494091793824
p06_noise_random_walk,normal,ignition,42,0.227995904535198
p06_noise_random_walk,normal,ignition,43,0.157874210953426
p06_noise_random_walk,normal,ignition,44,0.325074451399338
p06_noise_random_walk,normal,ignition,45,0.232831868993696
p06_noise_random_walk,normal,ignition,46,0.165990575884264
p06_noise_random_walk,normal,ignition,47,0.187019187804340
p06_noise_random_walk,normal,ignition,48,0.236398807600465
p06_noise_random_walk,normal,ignition,49,0.246880102815868
p06_noise_random_walk,normal,ignition,50,0.172670984932793
p06_noise_random_walk,normal,ignition,51,0.202710345088745
p06_noise_random_walk,normal,ignition,52,0.163117395234058
p06_noise_random_walk,normal,ignition,53,0.240121419468086
p06_noise_random_walk,normal,ignition,54,0.175401252127072
p06_noise_random_walk,normal,ignition,55,0.261768296350274
p06_noise_random_walk,normal,ignition,56,0.284328409876344
p06_noise_random_walk,normal,ignition,57,0.193792901474028
p06_noise_random_walk,normal,ignition,58,0.204418881504637
p06_noise_random_walk,normal,ignition,59,0.249749502286804
p06_noise_random_walk,normal,ignition,60,0.199942627635847
p06_noise_random_walk,normal,ignition,61,0.287919694479249
p06_noise_random_walk,normal,ignition,62,0.139619969933460
p06_noise_random_walk,normal,ignition,63,0.166028425252234
p06_noise_room,normal,ignition,0,0.220445938715672
p06_noise_room,normal,ignition,1,0.222306593484781
p06_noise_room,normal,ignition,2,0.190967925825218
p06_noise_room,normal,ignition,3,0.258464006957310
p06_noise_room,normal,ignition,4,0.254152684765694
p06_noise_room,normal,ignition,5,0.130221429827544
p06_noise_room,normal,ignition,6,0.226420127867674
p06_noise_room,normal,ignition,7,0.192510198867945
p06_noise_room,normal,ignition,8,0.190782407063276
p06_noise_room,normal,ignition,9,0.233078275144472
p06_noise_room,normal,ignition,10,0.363361543565739
p06_noise_room,normal,ignition,11,0.221218631537813
p06_noise_room,normal,ignition,12,0.136182502476031
p06_noise_room,normal,ignition,13,0.247341114366982
p06_noise_room,normal,ignition,14,0.185157066413131
p06_noise_room,normal,ignition,15,0.219037587323451
p06_noise_room,normal,ignition,16,0.205406952964404
p06_noise_room,normal,ignition,17,0.307829496486599
p06_noise_room,normal,ignition,18,0.263281730317571
p06_noise_room,normal,ignition,19,0.284249480256370
p06_noise_room,normal,ignition,20,0.301948064700182
p06_noise_room,normal,ignition,21,0.163367938570777
p06_noise_room,normal,ignition,22,0.305462707011761
p06_noise_room,normal,ignition,23,0.175797532494318
p06_noise_room,normal,ignition,24,0.182092757104638
p06_noise_room,normal,ignition,25,0.378053924264193
p06_noise_room,normal,ignition,26,0.330540129750186
p06_noise_room,normal,ignition,27,0.238383336295114
p06_noise_room,normal,ignition,28,0.265476637280275
p06_noise_room,normal,ignition,29,0.347242275436653
p06_noise_room,normal,ignition,30,0.318413890413323
p06_noise_room,normal,ignition,31,0.343912805535200
p06_noise_room,normal,ignition,32,0.191368263586368
p06_noise_room,normal,ignition,33,0.223668490853710
p06_noise_room,normal,ignition,34,0.402018030118378
p06_noise_room,normal,ignition,35,0.194768193226681
p06_noise_room,normal,ignition,36,0.136609498472581
p06_noise_room,normal,ignition,37,0.252494770208353
p06_noise_room,normal,ignition,38,0.197306211844270
p06_noise_room,normal,ignition,39,0.165794355021150
p06_noise_room,normal,ignition,40,0.317437487141123
p06_noise_room,normal,ignition,41,0.160785805397338
p06_noise_room,normal,ignition,42,0.346703646284206
p06_noise_room,normal,ignition,43,0.301791368252492
p06_noise_room,normal,ignition,44,0.146687149345198
p06_noise_room,normal,ignition,45,0.344712411189205
p06_noise_room,normal,ignition,46,0.231449516075117
p06_noise_room,normal,ignition,47,0.190270425416978
p06_noise_room,normal,ignition,48,0.143116526826056
p06_noise_room,normal,ignition,49,0.213607315973252
p06_noise_room,normal,ignition,50,0.179070925387428
p06_noise_room,normal,ignition,51,0.238645270349880
p06_noise_room,normal,ignition,52,0.198668267366830
p06_noise_room,normal,ignition,53,0.249426204654847
p06_noise_room,normal,ignition,54,0.309122696285245
p06_noise_room,normal,ignition,55,0.318304643077351
p06_noise_room,normal,ignition,56,0.247810717283290
p06_noise_room,normal,ignition,57,0.168837003882508
p06_noise_room,normal,ignition,58,0.181366170188237
p06_noise_room,normal,ignition,59,0.205254493343871
p06_noise_room,normal,ignition,60,0.255388740942077
p06_noise_room,normal,ignition,61,0.338240813082484
p06_noise_room,normal,ignition,62,0.160791851151995
p06_noise_room,normal,ignition,63,0.246838035655158
p06_noise_static,normal,ignition,0,0.143165124977355
p06_noise_static,normal,ignition,1,0.228062153312200
p06_noise_static,normal,ignition,2,0.207046556441531
p06_noise_static,normal,ignition,3,0.173091985808248
p06_noise_static,normal,ignition,4,0.156049010623997
p06_noise_static,normal,ignition,5,0.128337246527218
p06_noise_static,normal,ignition,6,0.091938217108485
p06_noise_static,normal,ignition,7,0.222963036869323
p06_noise_static,normal,ignition,8,0.102922899024437
p06_noise_static,normal,ignition,9,0.167171565915918
p06_noise_static,normal,ignition,10,0.129759529777704
p06_noise_static,normal,ignition,11,0.299444374904577
p06_noise_static,normal,ignition,12,0.151767576743556
p06_noise_static,normal,ignition,13,0.146660167513235
p06_noise_static,normal,ignition,14,0.294426712528025
p06_noise_static,normal,ignition,15,0.152826911844645
p06_noise_static,normal,ignition,16,0.246121267676883
p06_noise_static,normal,ignition,17,0.195511078962208
p06_noise_static,normal,ignition,18,0.138387165894847
p06_noise_static,normal,ignition,19,0.223028782403110
p06_noise_static,normal,ignition,20,0.172767744065909
p06_noise_static,normal,ignition,21,0.140116745039950
p06_noise_static,normal,ignition,22,0.157203342424428
p06_noise_static,normal,ignition,23,0.174346020761980
p06_noise_static,normal,ignition,24,0.192839656509755
p06_noise_static,normal,ignition,25,0.319372207607724
p06_noise_static,normal,ignition,26,0.128638009978538
p06_noise_static,normal,ignition,27,0.233922750622717
p06_noise_static,normal,ignition,28,0.141837161213300
p06_noise_static,normal,ignition,29,0.275625246885447
p06_noise_static,normal,ignition,30,0.172164182827548
p06_noise_static,normal,ignition,31,0.173836019630012
p06_noise_static,normal,ignition,32,0.168698592939812
p06_noise_static,normal,ignition,33,0.147866382884708
p06_noise_static,normal,ignition,34,0.132058594620928
p06_noise_static,normal,ignition,35,0.149715649950961
p06_noise_static,normal,ignition,36,0.216019170499828
p06_noise_static,normal,ignition,37,0.190862832391585
p06_noise_static,normal,ignition,38,0.192324403393762
p06_noise_static,normal,ignition,39,0.240552870547884
p06_noise_static,normal,ignition,40,0.206798629703643
p06_noise_static,normal,ignition,41,0.142450774737595
p06_noise_static,normal,ignition,42,0.213856192041443
p06_noise_static,normal,ignition,43,0.154338638932511
p06_noise_static,normal,ignition,44,0.194539463407258
p06_noise_static,normal,ignition,45,0.158355021916321
p06_noise_static,normal,ignition,46,0.159582182735125
p06_noise_static,normal,ignition,47,0.152689080324173
p06_noise_static,normal,ignition,48,0.274579202616164
p06_noise_static,normal,ignition,49,0.105372212113192
p06_noise_static,normal,ignition,50,0.139052846447887
p06_noise_static,normal,ignition,51,0.250666640204115
p06_noise_static,normal,ignition,52,0.157742685388743
p06_noise_static,normal,ignition,53,0.139940732619753
p06_noise_static,normal,ignition,54,0.147448296451481
p06_noise_static,normal,ignition,55,0.165341612780381
p06_noise_static,normal,ignition,56,0.198807410290727
p06_noise_static,normal,ignition,57,0.157447310020842
p06_noise_static,normal,ignition,58,0.206967980098996
p06_noise_static,normal,ignition,59,0.140501656380243
p06_noise_static,normal,ignition,60,0.216704103773794
p06_noise_static,normal,ignition,61,0.187183754361098
p06_noise_static,normal,ignition,62,0.170103480705554
p06_noise_static,normal,ignition,63,0.361325168190873
p06_tone_control,normal,ignition,0,0.066623488561554
p06_tone_control,normal,ignition,1,0.065888193811140
p06_tone_control,normal,ignition,2,0.082975694431983
p06_tone_control,normal,ignition,3,0.058008695003972
p06_tone_control,normal,ignition,4,0.077140626072324
p06_tone_control,normal,ignition,5,0.064581871347795
p06_tone_control,normal,ignition,6,0.061513924909028
p06_tone_control,normal,ignition,7,0.071850346270163
p06_tone_control,normal,ignition,8,0.072185020876239
p06_tone_control,normal,ignition,9,0.063986446938664
p06_tone_control,normal,ignition,10,0.078628521854099
p06_tone_control,normal,ignition,11,0.072486872142781
p06_tone_control,normal,ignition,12,0.074481239157080
p06_tone_control,normal,ignition,13,0.064927668647399
p06_tone_control,normal,ignition,14,0.068765737578404
p06_tone_control,normal,ignition,15,0.059533185133813
p06_tone_control,normal,ignition,16,0.070641848956890
p06_tone_control,normal,ignition,17,0.064557575911775
p06_tone_control,normal,ignition,18,0.074240279397535
p06_tone_control,normal,ignition,19,0.056988691747964
p06_tone_control,normal,ignition,20,0.073004076848955
p06_tone_control,normal,ignition,21,0.088902172197068
p06_tone_control,normal,ignition,22,0.058768821282680
p06_tone_control,normal,ignition,23,0.067535432598518
p06_tone_control,normal,ignition,24,0.081053299489430
p06_tone_control,normal,ignition,25,0.081299393778612
p06_tone_control,normal,ignition,26,0.067363590252206
p06_tone_control,normal,ignition,27,0.067216902945006
p06_tone_control,normal,ignition,28,0.079486047181450
p06_tone_control,normal,ignition,29,0.065912811477649
p06_tone_control,normal,ignition,30,0.057159282989506
p06_tone_control,normal,ignition,31,0.078382379414377
p06_tone_control,normal,ignition,32,0.084132921389406
p06_tone_control,normal,ignition,33,0.055666057117848
p06_tone_control,normal,ignition,34,0.072630948589394
p06_tone_control,normal,ignition,35,0.057705349933101
p06_tone_control,normal,ignition,36,0.058890931172871
p06_tone_control,normal,ignition,37,0.068133137308162
p06_tone_control,normal,ignition,38,0.062318540646552
p06_tone_control,normal,ignition,39,0.077879376046318
p06_tone_control,normal,ignition,40,0.079022508059891
p06_tone_control,normal,ignition,41,0.064236161826071
p06_tone_control,normal,ignition,42,0.068085983876603
p06_tone_control,normal,ignition,43,0.065500921216762
p06_tone_control,normal,ignition,44,0.067379286020218
p06_tone_control,normal,ignition,45,0.056883203976643
p06_tone_control,normal,ignition,46,0.073348278530181
p06_tone_control,normal,ignition,47,0.071315045899464
p06_tone_control,normal,ignition,48,0.067020049771009
p06_tone_control,normal,ignition,49,0.069063316139370
p06_tone_control,normal,ignition,50,0.064466295767743
p06_tone_control,normal,ignition,51,0.071374935727322
p06_tone_control,normal,ignition,52,0.066297369924049
p06_tone_control,normal,ignition,53,0.067668531349194
p06_tone_control,normal,ignition,54,0.066471568904269
p06_tone_control,normal,ignition,55,0.068137766731620
p06_tone_control,normal,ignition,56,0.069818913542676
p06_tone_control,normal,ignition,57,0.077116066864404
p06_tone_control,normal,ignition,58,0.076774607506429
p06_tone_control,normal,ignition,59,0.060396544080219
p06_tone_control,normal,ignition,60,0.070494002983125
p06_tone_control,normal,ignition,61,0.062002369104839
p06_tone_control,normal,ignition,62,0.069523851671899
p06_tone_control,normal,ignition,63,0.065945133754190
p06_noise_random_pulse,normal,isolation,0,0.858495850183124
p06_noise_random_pulse,normal,isolation,1,0.671065212185566
p06_noise_random_pulse,normal,isolation,2,0.883518176648735
p06_noise_random_pulse,normal,isolation,3,0.772387305452583
p06_noise_random_pulse,normal,isolation,4,0.857792984801344
p06_noise_random_pulse,normal,isolation,5,0.658518104282140
p06_noise_random_pulse,normal,isolation,6,0.788060270567541
p06_noise_random_pulse,normal,isolation,7,0.651064644023568
p06_noise_random_pulse,normal,isolation,8,0.692030764163547
p06_noise_random_pulse,normal,isolation,9,0.657082709374794
p06_noise_random_pulse,normal,isolation,10,0.862095597199356
p06_noise_random_pulse,normal,isolation,11,0.669068419632596
p06_noise_random_pulse,normal,isolation,12,0.676356306710479
p06_noise_random_pulse,normal,isolation,13,0.821422944706759
p06_noise_random_pulse,normal,isolation,14,0.636267141814844
p06_noise_random_pulse,normal,isolation,15,0.828681512192134
p06_noise_random_pulse,normal,isolation,16,0.853731072225692
p06_noise_random_pulse,normal,isolation,17,0.644652087107047
p06_noise_random_pulse,normal,isolation,18,0.839757108867655
p06_noise_random_pulse,normal,isolation,19,0.737966430815728
p06_noise_random_pulse,normal,isolation,20,0.654535630498702
p06_noise_random_pulse,normal,isolation,21,0.659165527204277
p06_noise_random_pulse,normal,isolation,22,0.668618819764238
p06_noise_random_pulse,normal,isolation,23,0.811462078477609
p06_noise_random_pulse,normal,isolation,24,0.663358319401518
p06_noise_random_pulse,normal,isolation,25,0.749796809819991
p06_noise_random_pulse,normal,isolation,26,0.834851477032645
p06_noise_random_pulse,normal,isolation,27,0.720038667832102
p06_noise_random_pulse,normal,isolation,28,0.824647452535685
p06_noise_random_pulse,normal,isolation,29,0.611807799320485
p06_noise_random_pulse,normal,isolation,30,0.626747747378690
p06_noise_random_pulse,normal,isolation,31,0.738667968069491
p06_noise_random_pulse,normal,isolation,32,0.785394317351291
p06_noise_random_pulse,normal,isolation,33,0.826465831857936
p06_noise_random_pulse,normal,isolation,34,0.798889122841938
p06_noise_random_pulse,normal,isolation,35,0.669280255261175
p06_noise_random_pulse,normal,isolation,36,0.897670379367685
p06_noise_random_pulse,normal,isolation,37,0.621615137226075
p06_noise_random_pulse,normal,isolation,38,0.755855808982103
p06_noise_random_pulse,normal,isolation,39,0.877842718546352
p06_noise_random_pulse,normal,isolation,40,0.762655980777811
p06_noise_random_pulse,normal,isolation,41,0.594925099047358
p06_noise_random_pulse,normal,isolation,42,0.637631118575786
p06_noise_random_pulse,normal,isolation,43,0.811572195483367
p06_noise_random_pulse,normal,isolation,44,0.742263899966923
p06_noise_random_pulse,normal,isolation,45,0.706645017488353
p06_noise_random_pulse,normal,isolation,46,0.811161027539057
p06_noise_random_pulse,normal,isolation,47,0.713285764307590
p06_noise_random_pulse,normal,isolation,48,0.657011737141796
p06_noise_random_pulse,normal,isolation,49,0.779747997543845
p06_noise_random_pulse,normal,isolation,50,0.693478224303427
p06_noise_random_pulse,normal,isolation,51,0.716784546743866
p06_noise_random_pulse,normal,isolation,52,0.708993614124526
p06_noise_random_pulse,normal,isolation,53,0.874478161438831
p06_noise_random_pulse,normal,isolation,54,0.747194362788877
p06_noise_random_pulse,normal,isolation,55,0.731603854349430
p06_noise_random_pulse,normal,isolation,56,0.919502636789857
p06_noise_random_pulse,normal,isolation,57,0.676024956224685
p06_noise_random_pulse,normal,isolation,58,0.770778639488195
p06_noise_random_pulse,normal,isolation,59,0.628955105379288
p06_noise_random_pulse,normal,isolation,60,0.698849625261729
p06_noise_random_pulse,normal,isolation,61,0.738453043098963
p06_noise_random_pulse,normal,isolation,62,0.774935040469038
p06_noise_random_pulse,normal,isolation,63,0.828770133213498
p06_noise_random_walk,normal,isolation,0,0.506528070366805
p06_noise_random_walk,normal,isolation,1,0.605716272633006
p06_noise_random_walk,normal,isolation,2,0.604737431120494
p06_noise_random_walk,normal,isolation,3,0.761760325416405
p06_noise_random_walk,normal,isolation,4,0.561961506388135
p06_noise_random_walk,normal,isolation,5,0.562552263103341
p06_noise_random_walk,normal,isolation,6,0.535369046559368
p06_noise_random_walk,normal,isolation,7,0.556364783602788
p06_noise_random_walk,normal,isolation,8,0.608103527485779
p06_noise_random_walk,normal,isolation,9,0.721022930155510
p06_noise_random_walk,normal,isolation,10,0.625312001636199
p06_noise_random_walk,normal,isolation,11,0.599314058174351
p06_noise_random_walk,normal,isolation,12,0.605113140747788
p06_noise_random_walk,normal,isolation,13,0.572351633775730
p06_noise_random_walk,normal,isolation,14,0.536930182691873
p06_noise_random_walk,normal,isolation,15,0.584185339617771
p06_noise_random_walk,normal,isolation,16,0.613355138787785
p06_noise_random_walk,normal,isolation,17,0.630672868205290
p06_noise_random_walk,normal,isolation,18,0.592530572121780
p06_noise_random_walk,normal,isolation,19,0.674977096353168
p06_noise_random_walk,normal,isolation,20,0.573937096500298
p06_noise_random_walk,normal,isolation,21,0.769770850413886
p06_noise_random_walk,normal,isolation,22,0.635419886043862
p06_noise_random_walk,normal,isolation,23,0.698504965188379
p06_noise_random_walk,normal,isolation,24,0.693911387534820
p06_noise_random_walk,normal,isolation,25,0.481031890466425
p06_noise_random_walk,normal,isolation,26,0.630445547920940
p06_noise_random_walk,normal,isolation,27,0.551885594321501
p06_noise_random_walk,normal,isolation,28,0.569497409967062
p06_noise_random_walk,normal,isolation,29,0.589693929377433
p06_noise_random_walk,normal,isolation,30,0.647018066490814
p06_noise_random_walk,normal,isolation,31,0.559130073346023
p06_noise_random_walk,normal,isolation,32,0.595913952335702
p06_noise_random_walk,normal,isolation,33,0.575609062163605
p06_noise_random_walk,normal,isolation,34,0.599851665207003
p06_noise_random_walk,normal,isolation,35,0.555775610056075
p06_noise_random_walk,normal,isolation,36,0.608701179097602
p06_noise_random_walk,normal,isolation,37,0.538218817607740
p06_noise_random_walk,normal,isolation,38,0.534418446409789
p06_noise_random_walk,normal,isolation,39,0.581903664326636
p06_noise_random_walk,normal,isolation,40,0.535459773164098
p06_noise_random_walk,normal,isolation,41,0.601322986364097
p06_noise_random_walk,normal,isolation,42,0.578472783299826
p06_noise_random_walk,normal,isolation,43,0.579397412112697
p06_noise_random_walk,normal,isolation,44,0.610884206657853
p06_noise_random_walk,normal,isolation,45,0.514061600012345
p06_noise_random_walk,normal,isolation,46,0.568161261976656
p06_noise_random_walk,normal,isolation,47,0.608654980639442
p06_noise_random_walk,normal,isolation,48,0.599027171668640
p06_noise_random_walk,normal,isolation,49,0.609481502135394
p06_noise_random_walk,normal,isolation,50,0.556477392007278
p06_noise_random_walk,normal,isolation,51,0.569051749558498
p06_noise_random_walk,normal,isolation,52,0.611769433584891
p06_noise_random_walk,normal,isolation,53,0.635401002654500
p06_noise_random_walk,normal,isolation,54,0.608402011898703
p06_noise_random_walk,normal,isolation,55,0.673894574747535
p06_noise_random_walk,normal,isolation,56,0.660323027097407
p06_noise_random_walk,normal,isolation,57,0.564180821869653
p06_noise_random_walk,normal,isolation,58,0.645290028431959
p06_noise_random_walk,normal,isolation,59,0.613028434955352
p06_noise_random_walk,normal,isolation,60,0.619263284167292
p06_noise_random_walk,normal,isolation,61,0.639547198584722
p06_noise_random_walk,normal,isolation,62,0.575084866785925
p06_noise_random_walk,normal,isolation,63,0.573288279003298
p06_noise_room,normal,isolation,0,0.612137575959523
p06_noise_room,normal,isolation,1,0.486899193948680
p06_noise_room,normal,isolation,2,0.526856162546777
p06_noise_room,normal,isolation,3,0.493233232889468
p06_noise_room,normal,isolation,4,0.547626207426664
p06_noise_room,normal,isolation,5,0.555654447619896
p06_noise_room,normal,isolation,6,0.542757266525101
p06_noise_room,normal,isolation,7,0.537685473287063
p06_noise_room,normal,isolation,8,0.516328072806883
p06_noise_room,normal,isolation,9,0.537990253231076
p06_noise_room,normal,isolation,10,0.500487817326076
p06_noise_room,normal,isolation,11,0.598479644691969
p06_noise_room,normal,isolation,12,0.546384688668419
p06_noise_room,normal,isolation,13,0.638767962617439
p06_noise_room,normal,isolation,14,0.592582080154482
p06_noise_room,normal,isolation,15,0.489294341605149
p06_noise_room,normal,isolation,16,0.455072295382847
p06_noise_room,normal,isolation,17,0.606069111333805
p06_noise_room,normal,isolation,18,0.566211847115762
p06_noise_room,normal,isolation,19,0.463437276554090
p06_noise_room,normal,isolation,20,0.569483128341412
p06_noise_room,normal,isolation,21,0.538088595417780
p06_noise_room,normal,isolation,22,0.547425679273306
p06_noise_room,normal,isolation,23,0.494558526630369
p06_noise_room,normal,isolation,24,0.592397779920160
p06_noise_room,normal,isolation,25,0.567851122542676
p06_noise_room,normal,isolation,26,0.470854522810273
p06_noise_room,normal,isolation,27,0.538429506682123
p06_noise_room,normal,isolation,28,0.593007969527473
p06_noise_room,normal,isolation,29,0.496397040228363
p06_noise_room,normal,isolation,30,0.457490875778420
p06_noise_room,normal,isolation,31,0.490637121991445
p06_noise_room,normal,isolation,32,0.551767419334348
p06_noise_room,normal,isolation,33,0.521551481826759
p06_noise_room,normal,isolation,34,0.571554508512610
p06_noise_room,normal,isolation,35,0.573410656568952
p06_noise_room,normal,isolation,36,0.529672925277843
p06_noise_room,normal,isolation,37,0.533851162142739
p06_noise_room,normal,isolation,38,0.538550386907220
p06_noise_room,normal,isolation,39,0.535106883195010
p06_noise_room,normal,isolation,40,0.490503711929036
p06_noise_room,normal,isolation,41,0.480930545597960
p06_noise_room,normal,isolation,42,0.417107707622295
p06_noise_room,normal,isolation,43,0.491356832943974
p06_noise_room,normal,isolation,44,0.535134471746018
p06_noise_room,normal,isolation,45,0.611626335821967
p06_noise_room,normal,isolation,46,0.509026471038018
p06_noise_room,normal,isolation,47,0.590514729707071
p06_noise_room,normal,isolation,48,0.471590357097200
p06_noise_room,normal,isolation,49,0.502205238868975
p06_noise_room,normal,isolation,50,0.484777695109240
p06_noise_room,normal,isolation,51,0.467160673437113
p06_noise_room,normal,isolation,52,0.507235941160107
p06_noise_room,normal,isolation,53,0.566866788601520
p06_noise_room,normal,isolation,54,0.503484929553085
p06_noise_room,normal,isolation,55,0.463285098422463
p06_noise_room,normal,isolation,56,0.538862795607244
p06_noise_room,normal,isolation,57,0.565197164624229
p06_noise_room,normal,isolation,58,0.540133257231754
p06_noise_room,normal,isolation,59,0.591278125538558
p06_noise_room,normal,isolation,60,0.577456949168594
p06_noise_room,normal,isolation,61,0.534697640597451
p06_noise_room,normal,isolation,62,0.513606245181022
p06_noise_room,normal,isolation,63,0.548687618622516
p06_noise_static,normal,isolation,0,0.542640791740595
p06_noise_static,normal,isolation,1,0.590748975018247
p06_noise_static,normal,isolation,2,0.512986128253100
p06_noise_static,normal,isolation,3,0.516292367343409
p06_noise_static,normal,isolation,4,0.551975925669940
p06_noise_static,normal,isolation,5,0.570972178071037
p06_noise_static,normal,isolation,6,0.594152275790222
p06_noise_static,normal,isolation,7,0.395608950712643
p06_noise_static,normal,isolation,8,0.483795027108838
p06_noise_static,normal,isolation,9,0.472930527846181
p06_noise_static,normal,isolation,10,0.542524706943193
p06_noise_static,normal,isolation,11,0.630137904221899
p06_noise_static,normal,isolation,12,0.558040980966905
p06_noise_static,normal,isolation,13,0.572790840559154
p06_noise_static,normal,isolation,14,0.601660157029682
p06_noise_static,normal,isolation,15,0.464293992248329
p06_noise_static,normal,isolation,16,0.544238951059603
p06_noise_static,normal,isolation,17,0.577049433809270
p06_noise_static,normal,isolation,18,0.552253743864626
p06_noise_static,normal,isolation,19,0.531759259975362
p06_noise_static,normal,isolation,20,0.541702234465547
p06_noise_static,normal,isolation,21,0.545209376866277
p06_noise_static,normal,isolation,22,0.607730630149634
p06_noise_static,normal,isolation,23,0.575788158177016
p06_noise_static,normal,isolation,24,0.440164401240241
p06_noise_static,normal,isolation,25,0.622591191563568
p06_noise_static,normal,isolation,26,0.462173085514652
p06_noise_static,normal,isolation,27,0.591336213567099
p06_noise_static,normal,isolation,28,0.568298911643585
p06_noise_static,normal,isolation,29,0.682499102577080
p06_noise_static,normal,isolation,30,0.513980930061741
p06_noise_static,normal,isolation,31,0.574830272740317
p06_noise_static,normal,isolation,32,0.576615105988322
p06_noise_static,normal,isolation,33,0.560678679975013
p06_noise_static,normal,isolation,34,0.565300150064830
p06_noise_static,normal,isolation,35,0.571313766543498
p06_noise_static,normal,isolation,36,0.414539614876800
p06_noise_static,normal,isolation,37,0.524722781151372
p06_noise_static,normal,isolation,38,0.559984694021862
p06_noise_static,normal,isolation,39,0.543219120027110
p06_noise_static,normal,isolation,40,0.551258731350293
p06_noise_static,normal,isolation,41,0.562617914114705
p06_noise_static,normal,isolation,42,0.592558191838918
p06_noise_static,normal,isolation,43,0.457936330180410
p06_noise_static,normal,isolation,44,0.578362223717497
p06_noise_static,normal,isolation,45,0.555662306437296
p06_noise_static,normal,isolation,46,0.580026210907955
p06_noise_static,normal,isolation,47,0.537366706891147
p06_noise_static,normal,isolation,48,0.547358066706889
p06_noise_static,normal,isolation,49,0.490761830966260
p06_noise_static,normal,isolation,50,0.587488143848547
p06_noise_static,normal,isolation,51,0.530010289662526
p06_noise_static,normal,isolation,52,0.575590622286207
p06_noise_static,normal,isolation,53,0.557442814286618
p06_noise_static,normal,isolation,54,0.571379238633289
p06_noise_static,normal,isolation,55,0.572785144043965
p06_noise_static,normal,isolation,56,0.415772147061853
p06_noise_static,normal,isolation,57,0.573461835770469
p06_noise_static,normal,isolation,58,0.630750072502101
p06_noise_static,normal,isolation,59,0.579525270394493
p06_noise_static,normal,isolation,60,0.541109114031152
p06_noise_static,normal,isolation,61,0.536144415970702
p06_noise_static,normal,isolation,62,0.494396241044907
p06_noise_static,normal,isolation,63,0.717513507757636
p06_tone_control,normal,isolation,0,0.570473424596168
p06_tone_control,normal,isolation,1,0.570901354331851
p06_tone_control,normal,isolation,2,0.585679153379552
p06_tone_control,normal,isolation,3,0.565037092537625
p06_tone_control,normal,isolation,4,0.577936287947729
p06_tone_control,normal,isolation,5,0.576968066521506
p06_tone_control,normal,isolation,6,0.568940040706418
p06_tone_control,normal,isolation,7,0.573604156635804
p06_tone_control,normal,isolation,8,0.574278436659725
p06_tone_control,normal,isolation,9,0.568022141434886
p06_tone_control,normal,isolation,10,0.576778574913895
p06_tone_control,normal,isolation,11,0.572065759138130
p06_tone_control,normal,isolation,12,0.576214184461457
p06_tone_control,normal,isolation,13,0.572367016877172
p06_tone_control,normal,isolation,14,0.572954346011400
p06_tone_control,normal,isolation,15,0.567714417184734
p06_tone_control,normal,isolation,16,0.573101619830566
p06_tone_control,normal,isolation,17,0.569325706018017
p06_tone_control,normal,isolation,18,0.575400351190897
p06_tone_control,normal,isolation,19,0.564034374291031
p06_tone_control,normal,isolation,20,0.574590071488019
p06_tone_control,normal,isolation,21,0.582830526047089
p06_tone_control,normal,isolation,22,0.565489267782705
p06_tone_control,normal,isolation,23,0.571151500260136
p06_tone_control,normal,isolation,24,0.581302014386663
p06_tone_control,normal,isolation,25,0.579137971011249
p06_tone_control,normal,isolation,26,0.571036853046085
p06_tone_control,normal,isolation,27,0.570646936907520
p06_tone_control,normal,isolation,28,0.577011907794555
p06_tone_control,normal,isolation,29,0.576451844008937
p06_tone_control,normal,isolation,30,0.563222723588777
p06_tone_control,normal,isolation,31,0.578364861073942
p06_tone_control,normal,isolation,32,0.580320298733690
p06_tone_control,normal,isolation,33,0.564230032678915
p06_tone_control,normal,isolation,34,0.577541345445233
p06_tone_control,normal,isolation,35,0.566536536499259
p06_tone_control,normal,isolation,36,0.566189582225939
p06_tone_control,normal,isolation,37,0.570552683438385
p06_tone_control,normal,isolation,38,0.567059495878183
p06_tone_control,normal,isolation,39,0.578653528913921
p06_tone_control,normal,isolation,40,0.577240447151532
p06_tone_control,normal,isolation,41,0.567926130502552
p06_tone_control,normal,isolation,42,0.575148342100978
p06_tone_control,normal,isolation,43,0.573110289520848
p06_tone_control,normal,isolation,44,0.574667278684225
p06_tone_control,normal,isolation,45,0.565489219016900
p06_tone_control,normal,isolation,46,0.578015788259370
p06_tone_control,normal,isolation,47,0.575182648939335
p06_tone_control,normal,isolation,48,0.575853558456549
p06_tone_control,normal,isolation,49,0.573892677263472
p06_tone_control,normal,isolation,50,0.569409352736481
p06_tone_control,normal,isolation,51,0.574600386614091
p06_tone_control,normal,isolation,52,0.571393693010815
p06_tone_control,normal,isolation,53,0.573297295009715
p06_tone_control,normal,isolation,54,0.571678840014793
p06_tone_control,normal,isolation,55,0.571172455517731
p06_tone_control,normal,isolation,56,0.570996426900977
p06_tone_control,normal,isolation,57,0.579867084958989
p06_tone_control,normal,isolation,58,0.579662493229581
p06_tone_control,normal,isolation,59,0.571052750851404
p06_tone_control,normal,isolation,60,0.573786310190515
p06_tone_control,normal,isolation,61,0.570232343035377
p06_tone_control,normal,isolation,62,0.573771176583099
p06_tone_control,normal,isolation,63,0.571248992447544
p06_noise_random_pulse,normal,meditation,0,0.452888208973566
p06_noise_random_pulse,normal,meditation,1,0.365080473146206
p06_noise_random_pulse,normal,meditation,2,0.625995213741207
p06_noise_random_pulse,normal,meditation,3,0.468811937120951
p06_noise_random_pulse,normal,meditation,4,0.480758806321919
p06_noise_random_pulse,normal,meditation,5,0.377523139744443
p06_noise_random_pulse,normal,meditation,6,0.476285613206669
p06_noise_random_pulse,normal,meditation,7,0.314316289866808
p06_noise_random_pulse,normal,meditation,8,0.369760599798604
p06_noise_random_pulse,normal,meditation,9,0.326345154580461
p06_noise_random_pulse,normal,meditation,10,0.411147058216323
p06_noise_random_pulse,normal,meditation,11,0.351011163209483
p06_noise_random_pulse,normal,meditation,12,0.335456748378725
p06_noise_random_pulse,normal,meditation,13,0.528447719677375
p06_noise_random_pulse,normal,meditation,14,0.315824175235703
p06_noise_random_pulse,normal,meditation,15,0.562919964941888
p06_noise_random_pulse,normal,meditation,16,0.412993768920886
p06_noise_random_pulse,normal,meditation,17,0.382199689379808
p06_noise_random_pulse,normal,meditation,18,0.526710285326492
p06_noise_random_pulse,normal,meditation,19,0.330191361152689
p06_noise_random_pulse,normal,meditation,20,0.352624072132148
p06_noise_random_pulse,normal,meditation,21,0.387549708384585
p06_noise_random_pulse,normal,meditation,22,0.364671255667581
p06_noise_random_pulse,normal,meditation,23,0.423084941235910
p06_noise_random_pulse,normal,meditation,24,0.367549041257032
p06_noise_random_pulse,normal,meditation,25,0.475152845156623
p06_noise_random_pulse,normal,meditation,26,0.404087919965845
p06_noise_random_pulse,normal,meditation,27,0.452903842566848
p06_noise_random_pulse,normal,meditation,28,0.349386748289224
p06_noise_random_pulse,normal,meditation,29,0.535651057501078
p06_noise_random_pulse,normal,meditation,30,0.369560279536613
p06_noise_random_pulse,normal,meditation,31,0.580637856753749
p06_noise_random_pulse,normal,meditation,32,0.450255927385440
p06_noise_random_pulse,normal,meditation,33,0.496286934250819
p06_noise_random_pulse,normal,meditation,34,0.420050994425858
p06_noise_random_pulse,normal,meditation,35,0.362463993155670
p06_noise_random_pulse,normal,meditation,36,0.372476562803777
p06_noise_random_pulse,normal,meditation,37,0.393986292006452
p06_noise_random_pulse,normal,meditation,38,0.411635641712181
p06_noise_random_pulse,normal,meditation,39,0.363215786067487
p06_noise_random_pulse,normal,meditation,40,0.404176449082457
p06_noise_random_pulse,normal,meditation,41,0.368835475921545
p06_noise_random_pulse,normal,meditation,42,0.443148746999301
p06_noise_random_pulse,normal,meditation,43,0.389779613041312
p06_noise_random_pulse,normal,meditation,44,0.372676715372946
p06_noise_random_pulse,normal,meditation,45,0.345216563196845
p06_noise_random_pulse,normal,meditation,46,0.371081487713389
p06_noise_random_pulse,normal,meditation,47,0.404031070651912
p06_noise_random_pulse,normal,meditation,48,0.349855101212617
p06_noise_random_pulse,normal,meditation,49,0.380217664365315
p06_noise_random_pulse,normal,meditation,50,0.478752600577566
p06_noise_random_pulse,normal,meditation,51,0.488212390574479
p06_noise_random_pulse,normal,meditation,52,0.315105515535486
p06_noise_random_pulse,normal,meditation,53,0.476483028870566
p06_noise_random_pulse,normal,meditation,54,0.423598826806881
p06_noise_random_pulse,normal,meditation,55,0.448507782634378
p06_noise_random_pulse,normal,meditation,56,0.538460154717878
p06_noise_random_pulse,normal,meditation,57,0.341323144727828
p06_noise_random_pulse,normal,meditation,58,0.586130681017387
p06_noise_random_pulse,normal,meditation,59,0.418619006599713
p06_noise_random_pulse,normal,meditation,60,0.347417493231055
p06_noise_random_pulse,normal,meditation,61,0.525241105677581
p06_noise_random_pulse,normal,meditation,62,0.582729226925045
p06_noise_random_pulse,normal,meditation,63,0.361173819155109
p06_noise_random_walk,normal,meditation,0,0.679460265679315
p06_noise_random_walk,normal,meditation,1,0.581955960322024
p06_noise_random_walk,normal,meditation,2,0.536388180892196
p06_noise_random_walk,normal,meditation,3,0.421573581772939
p06_noise_random_walk,normal,meditation,4,0.555416791524140
p06_noise_random_walk,normal,meditation,5,0.409799461619270
p06_noise_random_walk,normal,meditation,6,0.575538768269362
p06_noise_random_walk,normal,meditation,7,0.444449239345705
p06_noise_random_walk,normal,meditation,8,0.431692128319453
p06_noise_random_walk,normal,meditation,9,0.450752604580512
p06_noise_random_walk,normal,meditation,10,0.406616502539855
p06_noise_random_walk,normal,meditation,11,0.419386209925002
p06_noise_random_walk,normal,meditation,12,0.503276864832112
p06_noise_random_walk,normal,meditation,13,0.526053090106222
p06_noise_random_walk,normal,meditation,14,0.586391975867745
p06_noise_random_walk,normal,meditation,15,0.408728795745321
p06_noise_random_walk,normal,meditation,16,0.446273094824974
p06_noise_random_walk,normal,meditation,17,0.561842648381129
p06_noise_random_walk,normal,meditation,18,0.444199321877239
p06_noise_random_walk,normal,meditation,19,0.554933642990650
p06_noise_random_walk,normal,meditation,20,0.427736794558556
p06_noise_random_walk,normal,meditation,21,0.422718219285545
p06_noise_random_walk,normal,meditation,22,0.433804745402261
p06_noise_random_walk,normal,meditation,23,0.410071972104664
p06_noise_random_walk,normal,meditation,24,0.523931239611842
p06_noise_random_walk,normal,meditation,25,0.589457725965929
p06_noise_random_walk,normal,meditation,26,0.689971306022608
p06_noise_random_walk,normal,meditation,27,0.414772420347365
p06_noise_random_walk,normal,meditation,28,0.417655951829737
p06_noise_random_walk,normal,meditation,29,0.438011873062822
p06_noise_random_walk,normal,meditation,30,0.447973818496859
p06_noise_random_walk,normal,meditation,31,0.393154279928317
p06_noise_random_walk,normal,meditation,32,0.457496384695584
p06_noise_random_walk,normal,meditation,33,0.421971067087072
p06_noise_random_walk,normal,meditation,34,0.441899662419251
p06_noise_random_walk,normal,meditation,35,0.395946082877710
p06_noise_random_walk,normal,meditation,36,0.558436159414580
p06_noise_random_walk,normal,meditation,37,0.402953368102684
p06_noise_random_walk,normal,meditation,38,0.545485887802844
p06_noise_random_walk,normal,meditation,39,0.422939499601275
p06_noise_random_walk,normal,meditation,40,0.699761998567767
p06_noise_random_walk,normal,meditation,41,0.472437930945524
p06_noise_random_walk,normal,meditation,42,0.431259004613194
p06_noise_random_walk,normal,meditation,43,0.438380074646993
p06_noise_random_walk,normal,meditation,44,0.624836418392335
p06_noise_random_walk,normal,meditation,45,0.499449049380147
p06_noise_random_walk,normal,meditation,46,0.415367256582467
p06_noise_random_walk,normal,meditation,47,0.426692807546162
p06_noise_random_walk,normal,meditation,48,0.447942496938132
p06_noise_random_walk,normal,meditation,49,0.432636800842175
p06_noise_random_walk,normal,meditation,50,0.391649112018940
p06_noise_random_walk,normal,meditation,51,0.503740312551075
p06_noise_random_walk,normal,meditation,52,0.432075266288874
p06_noise_random_walk,normal,meditation,53,0.514017604516931
p06_noise_random_walk,normal,meditation,54,0.420414467670486
p06_noise_random_walk,normal,meditation,55,0.478537330489375
p06_noise_random_walk,normal,meditation,56,0.519232678115021
p06_noise_random_walk,normal,meditation,57,0.547753255749303
p06_noise_random_walk,normal,meditation,58,0.437110708104342
p06_noise_random_walk,normal,meditation,59,0.437028392694182
p06_noise_random_walk,normal,meditation,60,0.414976557416644
p06_noise_random_walk,normal,meditation,61,0.534103441892725
p06_noise_random_walk,normal,meditation,62,0.406761895328147
p06_noise_random_walk,normal,meditation,63,0.396588913691492
p06_noise_room,normal,meditation,0,0.551663424174784
p06_noise_room,normal,meditation,1,0.547980113513503
p06_noise_room,normal,meditation,2,0.572755994585064
p06_noise_room,normal,meditation,3,0.566323479581350
p06_noise_room,normal,meditation,4,0.505584474315714
p06_noise_room,normal,meditation,5,0.495533402280572
p06_noise_room,normal,meditation,6,0.426936138080743
p06_noise_room,normal,meditation,7,0.545125919907595
p06_noise_room,normal,meditation,8,0.556633903430746
p06_noise_room,normal,meditation,9,0.642012160784409
p06_noise_room,normal,meditation,10,0.508872244337036
p06_noise_room,normal,meditation,11,0.505582188848079
p06_noise_room,normal,meditation,12,0.556864454170301
p06_noise_room,normal,meditation,13,0.416566497144453
p06_noise_room,normal,meditation,14,0.545090534116627
p06_noise_room,normal,meditation,15,0.480337221438993
p06_noise_room,normal,meditation,16,0.570980178849108
p06_noise_room,normal,meditation,17,0.538623011821841
p06_noise_room,normal,meditation,18,0.491732905292511
p06_noise_room,normal,meditation,19,0.474026411923139
p06_noise_room,normal,meditation,20,0.564245457077356
p06_noise_room,normal,meditation,21,0.551790062514995
p06_noise_room,normal,meditation,22,0.541502012346026
p06_noise_room,normal,meditation,23,0.573470831980160
p06_noise_room,normal,meditation,24,0.407604733776070
p06_noise_room,normal,meditation,25,0.491365638412706
p06_noise_room,normal,meditation,26,0.492014841869176
p06_noise_room,normal,meditation,27,0.574185969888874
p06_noise_room,normal,meditation,28,0.488156399386967
p06_noise_room,normal,meditation,29,0.462928775520485
p06_noise_room,normal,meditation,30,0.429169957675707
p06_noise_room,normal,meditation,31,0.572819733260070
p06_noise_room,normal,meditation,32,0.625920205521340
p06_noise_room,normal,meditation,33,0.468213915971478
p06_noise_room,normal,meditation,34,0.511042905030954
p06_noise_room,normal,meditation,35,0.550829757211943
p06_noise_room,normal,meditation,36,0.584587168776958
p06_noise_room,normal,meditation,37,0.528494718667292
p06_noise_room,normal,meditation,38,0.638261256255677
p06_noise_room,normal,meditation,39,0.586633605282454
p06_noise_room,normal,meditation,40,0.422038297118561
p06_noise_room,normal,meditation,41,0.521576120462602
p06_noise_room,normal,meditation,42,0.496307853109765
p06_noise_room,normal,meditation,43,0.460706178640750
p06_noise_room,normal,meditation,44,0.579114693162142
p06_noise_room,normal,meditation,45,0.429194954371016
p06_noise_room,normal,meditation,46,0.626954102318771
p06_noise_room,normal,meditation,47,0.524775683030461
p06_noise_room,normal,meditation,48,0.548447846827000
p06_noise_room,normal,meditation,49,0.461969132371970
p06_noise_room,normal,meditation,50,0.533139420213112
p06_noise_room,normal,meditation,51,0.472210259402188
p06_noise_room,normal,meditation,52,0.638925582542664
p06_noise_room,normal,meditation,53,0.636340950902917
p06_noise_room,normal,meditation,54,0.617023296475100
p06_noise_room,normal,meditation,55,0.441052747147347
p06_noise_room,normal,meditation,56,0.501465007211974
p06_noise_room,normal,meditation,57,0.602487849959394
p06_noise_room,normal,meditation,58,0.591536746848918
p06_noise_room,normal,meditation,59,0.540495022601993
p06_noise_room,normal,meditation,60,0.475329931361349
p06_noise_room,normal,meditation,61,0.546494447830086
p06_noise_room,normal,meditation,62,0.564442646032088
p06_noise_room,normal,meditation,63,0.619700412184517
p06_noise_static,normal,meditation,0,0.406563218104306
p06_noise_static,normal,meditation,1,0.464229645092945
p06_noise_static,normal,meditation,2,0.523814425610305
p06_noise_static,normal,meditation,3,0.563442992775604
p06_noise_static,normal,meditation,4,0.436611434322494
p06_noise_static,normal,meditation,5,0.422196907487900
p06_noise_static,normal,meditation,6,0.381626689411168
p06_noise_static,normal,meditation,7,0.434078233817417
p06_noise_static,normal,meditation,8,0.585396896524979
p06_noise_static,normal,meditation,9,0.547379875795004
p06_noise_static,normal,meditation,10,0.388256936590547
p06_noise_static,normal,meditation,11,0.498934818650431
p06_noise_static,normal,meditation,12,0.391859448866085
p06_noise_static,normal,meditation,13,0.434651157920670
p06_noise_static,normal,meditation,14,0.616698367966630
p06_noise_static,normal,meditation,15,0.600892411451910
p06_noise_static,normal,meditation,16,0.589892152676858
p06_noise_static,normal,meditation,17,0.605790451404804
p06_noise_static,normal,meditation,18,0.413687087423698
p06_noise_static,normal,meditation,19,0.582129580015556
p06_noise_static,normal,meditation,20,0.455991602836305
p06_noise_static,normal,meditation,21,0.451614450069624
p06_noise_static,normal,meditation,22,0.404762326040308
p06_noise_static,normal,meditation,23,0.546956355346543
p06_noise_static,normal,meditation,24,0.545588795461908
p06_noise_static,normal,meditation,25,0.439928729813027
p06_noise_static,normal,meditation,26,0.508389639571257
p06_noise_static,normal,meditation,27,0.441575097391323
p06_noise_static,normal,meditation,28,0.425664009173865
p06_noise_static,normal,meditation,29,0.535230910680427
p06_noise_static,normal,meditation,30,0.500771595022877
p06_noise_static,normal,meditation,31,0.463757459744642
p06_noise_static,normal,meditation,32,0.556325940404374
p06_noise_static,normal,meditation,33,0.410757589228493
p06_noise_static,normal,meditation,34,0.439212309299068
p06_noise_static,normal,meditation,35,0.433995144628333
p06_noise_static,normal,meditation,36,0.475230224616088
p06_noise_static,normal,meditation,37,0.585772649499916
p06_noise_static,normal,meditation,38,0.655899424963908
p06_noise_static,normal,meditation,39,0.511764913160028
p06_noise_static,normal,meditation,40,0.573366257459088
p06_noise_static,normal,meditation,41,0.428037471984110
p06_noise_static,normal,meditation,42,0.477288170026853
p06_noise_static,normal,meditation,43,0.533909340775800
p06_noise_static,normal,meditation,44,0.497151488751334
p06_noise_static,normal,meditation,45,0.396835781165477
p06_noise_static,normal,meditation,46,0.430252855820846
p06_noise_static,normal,meditation,47,0.476177760694094
p06_noise_static,normal,meditation,48,0.520371435948683
p06_noise_static,normal,meditation,49,0.595885435006514
p06_noise_static,normal,meditation,50,0.438590523216318
p06_noise_static,normal,meditation,51,0.592440167347548
p06_noise_static,normal,meditation,52,0.433241419610862
p06_noise_static,normal,meditation,53,0.406332332618580
p06_noise_static,normal,meditation,54,0.425684657148775
p06_noise_static,normal,meditation,55,0.429349737986968
p06_noise_static,normal,meditation,56,0.422368056891033
p06_noise_static,normal,meditation,57,0.430076039153923
p06_noise_static,normal,meditation,58,0.485684758417764
p06_noise_static,normal,meditation,59,0.465163078458458
p06_noise_static,normal,meditation,60,0.501423309268215
p06_noise_static,normal,meditation,61,0.547168528231065
p06_noise_static,normal,meditation,62,0.668167989992532
p06_noise_static,normal,meditation,63,0.340697705523357
p06_tone_control,normal,meditation,0,0.350268269833756
p06_tone_control,normal,meditation,1,0.353752909986712
p06_tone_control,normal,meditation,2,0.342707052414392
p06_tone_control,normal,meditation,3,0.348121187027255
p06_tone_control,normal,meditation,4,0.354319963051495
p06_tone_control,normal,meditation,5,0.362975674934571
p06_tone_control,normal,meditation,6,0.340294118926479
p06_tone_control,normal,meditation,7,0.335272306842525
p06_tone_control,normal,meditation,8,0.344943404887845
p06_tone_control,normal,meditation,9,0.343037780397470
p06_tone_control,normal,meditation,10,0.335230132867226
p06_tone_control,normal,meditation,11,0.329443683795162
p06_tone_control,normal,meditation,12,0.366030983344275
p06_tone_control,normal,meditation,13,0.348203684360644
p06_tone_control,normal,meditation,14,0.339382253657016
p06_tone_control,normal,meditation,15,0.355951921905524
p06_tone_control,normal,meditation,16,0.364449553873414
p06_tone_control,normal,meditation,17,0.353167035019355
p06_tone_control,normal,meditation,18,0.345369329796933
p06_tone_control,normal,meditation,19,0.365835704093506
p06_tone_control,normal,meditation,20,0.343379970589838
p06_tone_control,normal,meditation,21,0.337454626112062
p06_tone_control,normal,meditation,22,0.372601803374020
p06_tone_control,normal,meditation,23,0.349304280613112
p06_tone_control,normal,meditation,24,0.327445185093332
p06_tone_control,normal,meditation,25,0.338623796683292
p06_tone_control,normal,meditation,26,0.342891743827710
p06_tone_control,normal,meditation,27,0.353593454075561
p06_tone_control,normal,meditation,28,0.346255339937494
p06_tone_control,normal,meditation,29,0.346924260845819
p06_tone_control,normal,meditation,30,0.371029869675509
p06_tone_control,normal,meditation,31,0.345866584723850
p06_tone_control,normal,meditation,32,0.345218451195592
p06_tone_control,normal,meditation,33,0.343256923144739
p06_tone_control,normal,meditation,34,0.353391057869565
p06_tone_control,normal,meditation,35,0.353653652224955
p06_tone_control,normal,meditation,36,0.345577033114692
p06_tone_control,normal,meditation,37,0.337663348630266
p06_tone_control,normal,meditation,38,0.363777880763858
p06_tone_control,normal,meditation,39,0.331983218615736
p06_tone_control,normal,meditation,40,0.338625729813907
p06_tone_control,normal,meditation,41,0.356438797830654
p06_tone_control,normal,meditation,42,0.348487902055663
p06_tone_control,normal,meditation,43,0.345610364097818
p06_tone_control,normal,meditation,44,0.342137584173465
p06_tone_control,normal,meditation,45,0.359222505155168
p06_tone_control,normal,meditation,46,0.342439900877032
p06_tone_control,normal,meditation,47,0.344539357687212
p06_tone_control,normal,meditation,48,0.360465071943778
p06_tone_control,normal,meditation,49,0.342687151025864
p06_tone_control,normal,meditation,50,0.340936969816477
p06_tone_control,normal,meditation,51,0.361622434404383
p06_tone_control,normal,meditation,52,0.343362081124986
p06_tone_control,normal,meditation,53,0.340838590802688
p06_tone_control,normal,meditation,54,0.360636053078985
p06_tone_control,normal,meditation,55,0.342242481873255
p06_tone_control,normal,meditation,56,0.337447150914252
p06_tone_control,normal,meditation,57,0.342577632181204
p06_tone_control,normal,meditation,58,0.347644128714556
p06_tone_control,normal,meditation,59,0.340186450490012
p06_tone_control,normal,meditation,60,0.342872336074699
p06_tone_control,normal,meditation,61,0.349218374579072
p06_tone_control,normal,meditation,62,0.339965630218322
p06_tone_control,normal,meditation,63,0.342963185403991
p06_noise_random_pulse,normal,shield,0,0.506101491972881
p06_noise_random_pulse,normal,shield,1,0.364583697142775
p06_noise_random_pulse,normal,shield,2,0.390958697394167
p06_noise_random_pulse,normal,shield,3,0.434588042542636
p06_noise_random_pulse,normal,shield,4,0.418656621152694
p06_noise_random_pulse,normal,shield,5,0.362728368034531
p06_noise_random_pulse,normal,shield,6,0.463865344234258
p06_noise_random_pulse,normal,shield,7,0.354223618767702
p06_noise_random_pulse,normal,shield,8,0.387418011019388
p06_noise_random_pulse,normal,shield,9,0.347228189866086
p06_noise_random_pulse,normal,shield,10,0.540363448945905
p06_noise_random_pulse,normal,shield,11,0.353441875829641
p06_noise_random_pulse,normal,shield,12,0.360951828893657
p06_noise_random_pulse,normal,shield,13,0.528405662127684
p06_noise_random_pulse,normal,shield,14,0.340312008810724
p06_noise_random_pulse,normal,shield,15,0.467451127732212
p06_noise_random_pulse,normal,shield,16,0.473344458925646
p06_noise_random_pulse,normal,shield,17,0.353584678784081
p06_noise_random_pulse,normal,shield,18,0.613292842841039
p06_noise_random_pulse,normal,shield,19,0.359024790341561
p06_noise_random_pulse,normal,shield,20,0.379694084460544
p06_noise_random_pulse,normal,shield,21,0.370267710256514
p06_noise_random_pulse,normal,shield,22,0.351618922196209
p06_noise_random_pulse,normal,shield,23,0.384512810974190
p06_noise_random_pulse,normal,shield,24,0.341834784234340
p06_noise_random_pulse,normal,shield,25,0.576370067861427
p06_noise_random_pulse,normal,shield,26,0.495371640686824
p06_noise_random_pulse,normal,shield,27,0.363578438536797
p06_noise_random_pulse,normal,shield,28,0.460510720936356
p06_noise_random_pulse,normal,shield,29,0.356795195112331
p06_noise_random_pulse,normal,shield,30,0.317911173116072
p06_noise_random_pulse,normal,shield,31,0.401806263505682
p06_noise_random_pulse,normal,shield,32,0.357713951167040
p06_noise_random_pulse,normal,shield,33,0.429579623384597
p06_noise_random_pulse,normal,shield,34,0.545614986529311
p06_noise_random_pulse,normal,shield,35,0.348622711871899
p06_noise_random_pulse,normal,shield,36,0.587205155193538
p06_noise_random_pulse,normal,shield,37,0.330284886527138
p06_noise_random_pulse,normal,shield,38,0.372528040779221
p06_noise_random_pulse,normal,shield,39,0.566164741969634
p06_noise_random_pulse,normal,shield,40,0.444273467840572
p06_noise_random_pulse,normal,shield,41,0.325185607563473
p06_noise_random_pulse,normal,shield,42,0.310116462594702
p06_noise_random_pulse,normal,shield,43,0.571398930372788
p06_noise_random_pulse,normal,shield,44,0.456758654060189
p06_noise_random_pulse,normal,shield,45,0.397860851383303
p06_noise_random_pulse,normal,shield,46,0.479245346068696
p06_noise_random_pulse,normal,shield,47,0.358312871773024
p06_noise_random_pulse,normal,shield,48,0.350213666807472
p06_noise_random_pulse,normal,shield,49,0.396049030843333
p06_noise_random_pulse,normal,shield,50,0.344074001365737
p06_noise_random_pulse,normal,shield,51,0.320671697982764
p06_noise_random_pulse,normal,shield,52,0.350569044922481
p06_noise_random_pulse,normal,shield,53,0.607521108688456
p06_noise_random_pulse,normal,shield,54,0.442608574328878
p06_noise_random_pulse,normal,shield,55,0.332348665250881
p06_noise_random_pulse,normal,shield,56,0.559122360735952
p06_noise_random_pulse,normal,shield,57,0.361172593733121
p06_noise_random_pulse,normal,shield,58,0.579623914981605
p06_noise_random_pulse,normal,shield,59,0.331458304223192
p06_noise_random_pulse,normal,shield,60,0.399020678263358
p06_noise_random_pulse,normal,shield,61,0.401131016270391
p06_noise_random_pulse,normal,shield,62,0.334248740057338
p06_noise_random_pulse,normal,shield,63,0.437663563884995
p06_noise_random_walk,normal,shield,0,0.280304768407297
p06_noise_random_walk,normal,shield,1,0.340288195132449
p06_noise_random_walk,normal,shield,2,0.286329048213212
p06_noise_random_walk,normal,shield,3,0.265804605815012
p06_noise_random_walk,normal,shield,4,0.341651397547413
p06_noise_random_walk,normal,shield,5,0.293019146543054
p06_noise_random_walk,normal,shield,6,0.340349438777020
p06_noise_random_walk,normal,shield,7,0.308743361301178
p06_noise_random_walk,normal,shield,8,0.306823499617369
p06_noise_random_walk,normal,shield,9,0.328470058293351
p06_noise_random_walk,normal,shield,10,0.299063652978204
p06_noise_random_walk,normal,shield,11,0.310476042601739
p06_noise_random_walk,normal,shield,12,0.298947625177996
p06_noise_random_walk,normal,shield,13,0.274053500248637
p06_noise_random_walk,normal,shield,14,0.329765700643032
p06_noise_random_walk,normal,shield,15,0.305721154194122
p06_noise_random_walk,normal,shield,16,0.302771381792699
p06_noise_random_walk,normal,shield,17,0.267076425934102
p06_noise_random_walk,normal,shield,18,0.289067544527336
p06_noise_random_walk,normal,shield,19,0.279112183396209
p06_noise_random_walk,normal,shield,20,0.292137572400752
p06_noise_random_walk,normal,shield,21,0.343905317326019
p06_noise_random_walk,normal,shield,22,0.317554278609640
p06_noise_random_walk,normal,shield,23,0.304165069088696
p06_noise_random_walk,normal,shield,24,0.314677488700752
p06_noise_random_walk,normal,shield,25,0.326277738015329
p06_noise_random_walk,normal,shield,26,0.327527547579726
p06_noise_random_walk,normal,shield,27,0.293362798112503
p06_noise_random_walk,normal,shield,28,0.304683683692477
p06_noise_random_walk,normal,shield,29,0.318589924453518
p06_noise_random_walk,normal,shield,30,0.314160646641040
p06_noise_random_walk,normal,shield,31,0.290288165381513
p06_noise_random_walk,normal,shield,32,0.295748222951261
p06_noise_random_walk,normal,shield,33,0.286727526726347
p06_noise_random_walk,normal,shield,34,0.306370462065938
p06_noise_random_walk,normal,shield,35,0.296214292229597
p06_noise_random_walk,normal,shield,36,0.311279467776663
p06_noise_random_walk,normal,shield,37,0.274227797585190
p06_noise_random_walk,normal,shield,38,0.230860905787903
p06_noise_random_walk,normal,shield,39,0.296763467923779
p06_noise_random_walk,normal,shield,40,0.290626352257093
p06_noise_random_walk,normal,shield,41,0.324838054023492
p06_noise_random_walk,normal,shield,42,0.297174810504925
p06_noise_random_walk,normal,shield,43,0.288378541489894
p06_noise_random_walk,normal,shield,44,0.315905509307626
p06_noise_random_walk,normal,shield,45,0.297882843411497
p06_noise_random_walk,normal,shield,46,0.286715965952229
p06_noise_random_walk,normal,shield,47,0.304083517461137
p06_noise_random_walk,normal,shield,48,0.339790473082776
p06_noise_random_walk,normal,shield,49,0.300709013324714
p06_noise_random_walk,normal,shield,50,0.291666788339023
p06_noise_random_walk,normal,shield,51,0.323414232328880
p06_noise_random_walk,normal,shield,52,0.281140329923648
p06_noise_random_walk,normal,shield,53,0.312379179720635
p06_noise_random_walk,normal,shield,54,0.292398305836969
p06_noise_random_walk,normal,shield,55,0.320708959383753
p06_noise_random_walk,normal,shield,56,0.314876620113726
p06_noise_random_walk,normal,shield,57,0.283476459980397
p06_noise_random_walk,normal,shield,58,0.293223585966861
p06_noise_random_walk,normal,shield,59,0.345422969339056
p06_noise_random_walk,normal,shield,60,0.313049259795671
p06_noise_random_walk,normal,shield,61,0.253671284028941
p06_noise_random_walk,normal,shield,62,0.274824437060484
p06_noise_random_walk,normal,shield,63,0.288915454097088
p06_noise_room,normal,shield,0,0.214113638969760
p06_noise_room,normal,shield,1,0.438526658746905
p06_noise_room,normal,shield,2,0.299522542570992
p06_noise_room,normal,shield,3,0.415070678294314
p06_noise_room,normal,shield,4,0.363707176035201
p06_noise_room,normal,shield,5,0.246364268543778
p06_noise_room,normal,shield,6,0.407341016496051
p06_noise_room,normal,shield,7,0.297950856823006
p06_noise_room,normal,shield,8,0.315150414766547
p06_noise_room,normal,shield,9,0.324427758910255
p06_noise_room,normal,shield,10,0.406732158776308
p06_noise_room,normal,shield,11,0.332817828723936
p06_noise_room,normal,shield,12,0.225162735495853
p06_noise_room,normal,shield,13,0.318807352098869
p06_noise_room,normal,shield,14,0.274017376276625
p06_noise_room,normal,shield,15,0.413299130998250
p06_noise_room,normal,shield,16,0.360301226491652
p06_noise_room,normal,shield,17,0.337265432709928
p06_noise_room,normal,shield,18,0.407350854650975
p06_noise_room,normal,shield,19,0.395383881132873
p06_noise_room,normal,shield,20,0.346943785006366
p06_noise_room,normal,shield,21,0.261238216818727
p06_noise_room,normal,shield,22,0.433853591098243
p06_noise_room,normal,shield,23,0.344384164988702
p06_noise_room,normal,shield,24,0.303358559942714
p06_noise_room,normal,shield,25,0.451196576861123
p06_noise_room,normal,shield,26,0.439237841045570
p06_noise_room,normal,shield,27,0.323325036486151
p06_noise_room,normal,shield,28,0.328548710747073
p06_noise_room,normal,shield,29,0.414694515222652
p06_noise_room,normal,shield,30,0.401143335928401
p06_noise_room,normal,shield,31,0.394839568496224
p06_noise_room,normal,shield,32,0.279809501717434
p06_noise_room,normal,shield,33,0.381219087234241
p06_noise_room,normal,shield,34,0.459824372089909
p06_noise_room,normal,shield,35,0.290658926987662
p06_noise_room,normal,shield,36,0.227274406338849
p06_noise_room,normal,shield,37,0.346959292071636
p06_noise_room,normal,shield,38,0.278836457800955
p06_noise_room,normal,shield,39,0.241642313793304
p06_noise_room,normal,shield,40,0.427197941384176
p06_noise_room,normal,shield,41,0.364148724809594
p06_noise_room,normal,shield,42,0.417129648546131
p06_noise_room,normal,shield,43,0.419522997458379
p06_noise_room,normal,shield,44,0.227024601371676
p06_noise_room,normal,shield,45,0.430323230075300
p06_noise_room,normal,shield,46,0.336684645616276
p06_noise_room,normal,shield,47,0.290438431803609
p06_noise_room,normal,shield,48,0.320855904319931
p06_noise_room,normal,shield,49,0.427938474115770
p06_noise_room,normal,shield,50,0.357102439484158
p06_noise_room,normal,shield,51,0.419099205305842
p06_noise_room,normal,shield,52,0.347793553385858
p06_noise_room,normal,shield,53,0.303697708147647
p06_noise_room,normal,shield,54,0.417067925823477
p06_noise_room,normal,shield,55,0.402591414291362
p06_noise_room,normal,shield,56,0.394454798838661
p06_noise_room,normal,shield,57,0.219152485279202
p06_noise_room,normal,shield,58,0.302615974979870
p06_noise_room,normal,shield,59,0.290680429761676
p06_noise_room,normal,shield,60,0.331910639549002
p06_noise_room,normal,shield,61,0.439228239260004
p06_noise_room,normal,shield,62,0.321533382602719
p06_noise_room,normal,shield,63,0.377672815040489
p06_noise_static,normal,shield,0,0.278247149058747
p06_noise_static,normal,shield,1,0.293475762813228
p06_noise_static,normal,shield,2,0.349252680189843
p06_noise_static,normal,shield,3,0.319914635837523
p06_noise_static,normal,shield,4,0.290004534774004
p06_noise_static,normal,shield,5,0.198811233714771
p06_noise_static,normal,shield,6,0.192461343826431
p06_noise_static,normal,shield,7,0.419811182821871
p06_noise_static,normal,shield,8,0.218551887793308
p06_noise_static,normal,shield,9,0.399561066021510
p06_noise_static,normal,shield,10,0.259042106973804
p06_noise_static,normal,shield,11,0.291600829390261
p06_noise_static,normal,shield,12,0.274713152897031
p06_noise_static,normal,shield,13,0.276429491943175
p06_noise_static,normal,shield,14,0.302723299036059
p06_noise_static,normal,shield,15,0.290982784280596
p06_noise_static,normal,shield,16,0.317441356869034
p06_noise_static,normal,shield,17,0.264597112632984
p06_noise_static,normal,shield,18,0.273359268311317
p06_noise_static,normal,shield,19,0.364111900335703
p06_noise_static,normal,shield,20,0.316301780531779
p06_noise_static,normal,shield,21,0.278144544810937
p06_noise_static,normal,shield,22,0.278341199449635
p06_noise_static,normal,shield,23,0.265785912013981
p06_noise_static,normal,shield,24,0.331516539394322
p06_noise_static,normal,shield,25,0.296322286110355
p06_noise_static,normal,shield,26,0.293108475960029
p06_noise_static,normal,shield,27,0.322642978175483
p06_noise_static,normal,shield,28,0.271126419653038
p06_noise_static,normal,shield,29,0.255165574156855
p06_noise_static,normal,shield,30,0.295316716702322
p06_noise_static,normal,shield,31,0.257145005323626
p06_noise_static,normal,shield,32,0.261483775610090
p06_noise_static,normal,shield,33,0.282018802806951
p06_noise_static,normal,shield,34,0.270209083341686
p06_noise_static,normal,shield,35,0.280219281791301
p06_noise_static,normal,shield,36,0.341772940376907
p06_noise_static,normal,shield,37,0.269595245857946
p06_noise_static,normal,shield,38,0.274403243622083
p06_noise_static,normal,shield,39,0.299131498127284
p06_noise_static,normal,shield,40,0.233405263012857
p06_noise_static,normal,shield,41,0.283231378670487
p06_noise_static,normal,shield,42,0.306289121478496
p06_noise_static,normal,shield,43,0.355511807249138
p06_noise_static,normal,shield,44,0.281529783396087
p06_noise_static,normal,shield,45,0.281775895923720
p06_noise_static,normal,shield,46,0.290050802874955
p06_noise_static,normal,shield,47,0.282128041564236
p06_noise_static,normal,shield,48,0.348705588120053
p06_noise_static,normal,shield,49,0.220415581738150
p06_noise_static,normal,shield,50,0.275274053321894
p06_noise_static,normal,shield,51,0.304642849409826
p06_noise_static,normal,shield,52,0.289723389595746
p06_noise_static,normal,shield,53,0.273200073352108
p06_noise_static,normal,shield,54,0.288426071251240
p06_noise_static,normal,shield,55,0.305004803208676
p06_noise_static,normal,shield,56,0.393560442281356
p06_noise_static,normal,shield,57,0.290221943900844
p06_noise_static,normal,shield,58,0.235959013855946
p06_noise_static,normal,shield,59,0.278454801331128
p06_noise_static,normal,shield,60,0.313768596196830
p06_noise_static,normal,shield,61,0.274577445434297
p06_noise_static,normal,shield,62,0.277867957525617
p06_noise_static,normal,shield,63,0.315615853633742
p06_tone_control,normal,shield,0,0.066942865297271
p06_tone_control,normal,shield,1,0.067003424838144
p06_tone_control,normal,shield,2,0.067552663780649
p06_tone_control,normal,shield,3,0.066959686340539
p06_tone_control,normal,shield,4,0.067306014400447
p06_tone_control,normal,shield,5,0.067409023436511
p06_tone_control,normal,shield,6,0.067066644165029
p06_tone_control,normal,shield,7,0.066708999074531
p06_tone_control,normal,shield,8,0.066838258777601
p06_tone_control,normal,shield,9,0.066677495113587
p06_tone_control,normal,shield,10,0.066681224021990
p06_tone_control,normal,shield,11,0.066562134394916
p06_tone_control,normal,shield,12,0.066834132537613
p06_tone_control,normal,shield,13,0.067043866986841
p06_tone_control,normal,shield,14,0.066809030836461
p06_tone_control,normal,shield,15,0.067109463055978
p06_tone_control,normal,shield,16,0.066890095612799
p06_tone_control,normal,shield,17,0.066774120719667
p06_tone_control,normal,shield,18,0.066900074801094
p06_tone_control,normal,shield,19,0.067003442766690
p06_tone_control,normal,shield,20,0.066874799234500
p06_tone_control,normal,shield,21,0.066617736009004
p06_tone_control,normal,shield,22,0.066795462485904
p06_tone_control,normal,shield,23,0.066826873427690
p06_tone_control,normal,shield,24,0.067289130793298
p06_tone_control,normal,shield,25,0.066931228398992
p06_tone_control,normal,shield,26,0.066861743260762
p06_tone_control,normal,shield,27,0.066581005505960
p06_tone_control,normal,shield,28,0.066625561028860
p06_tone_control,normal,shield,29,0.067724893516258
p06_tone_control,normal,shield,30,0.066534030149729
p06_tone_control,normal,shield,31,0.067195881123275
p06_tone_control,normal,shield,32,0.067186243647005
p06_tone_control,normal,shield,33,0.067025119455717
p06_tone_control,normal,shield,34,0.067196811906064
p06_tone_control,normal,shield,35,0.067165686192855
p06_tone_control,normal,shield,36,0.066979819243247
p06_tone_control,normal,shield,37,0.066684772964916
p06_tone_control,normal,shield,38,0.066729991687511
p06_tone_control,normal,shield,39,0.066727515288534
p06_tone_control,normal,shield,40,0.066573330122802
p06_tone_control,normal,shield,41,0.066651246921443
p06_tone_control,normal,shield,42,0.067368971732206
p06_tone_control,normal,shield,43,0.067187211561523
p06_tone_control,normal,shield,44,0.067364839720143
p06_tone_control,normal,shield,45,0.066979164906720
p06_tone_control,normal,shield,46,0.067025536126700
p06_tone_control,normal,shield,47,0.067248790427682
p06_tone_control,normal,shield,48,0.067275940220180
p06_tone_control,normal,shield,49,0.066793880355677
p06_tone_control,normal,shield,50,0.067232352886025
p06_tone_control,normal,shield,51,0.066920210956048
p06_tone_control,normal,shield,52,0.067347104544209
p06_tone_control,normal,shield,53,0.067127574876665
p06_tone_control,normal,shield,54,0.067057280548523
p06_tone_control,normal,shield,55,0.066859787070624
p06_tone_control,normal,shield,56,0.066650440788564
p06_tone_control,normal,shield,57,0.067145585912970
p06_tone_control,normal,shield,58,0.067004391887333
p06_tone_control,normal,shield,59,0.067547480619427
p06_tone_control,normal,shield,60,0.066688296740449
p06_tone_control,normal,shield,61,0.067200176854624
p06_tone_control,normal,shield,62,0.066822319746141
p06_tone_control,normal,shield,63,0.066752097215430
p06_noise_random_pulse,normal,sleep,0,0.504895188922306
p06_noise_random_pulse,normal,sleep,1,0.509559462873221
p06_noise_random_pulse,normal,sleep,2,0.470083707569975
p06_noise_random_pulse,normal,sleep,3,0.528008115772074
p06_noise_random_pulse,normal,sleep,4,0.318630683411116
p06_noise_random_pulse,normal,sleep,5,0.401566847056489
p06_noise_random_pulse,normal,sleep,6,0.523512027572884
p06_noise_random_pulse,normal,sleep,7,0.297148062734303
p06_noise_random_pulse,normal,sleep,8,0.433740676913506
p06_noise_random_pulse,normal,sleep,9,0.429293540867003
p06_noise_random_pulse,normal,sleep,10,0.446153793967130
p06_noise_random_pulse,normal,sleep,11,0.436023409345888
p06_noise_random_pulse,normal,sleep,12,0.379667129348541
p06_noise_random_pulse,normal,sleep,13,0.424778142414982
p06_noise_random_pulse,normal,sleep,14,0.323140612839807
p06_noise_random_pulse,normal,sleep,15,0.522389953801414
p06_noise_random_pulse,normal,sleep,16,0.452334465544477
p06_noise_random_pulse,normal,sleep,17,0.383644859475283
p06_noise_random_pulse,normal,sleep,18,0.551144326418781
p06_noise_random_pulse,normal,sleep,19,0.468361685347742
p06_noise_random_pulse,normal,sleep,20,0.452269398125908
p06_noise_random_pulse,normal,sleep,21,0.474856732325018
p06_noise_random_pulse,normal,sleep,22,0.341297119223323
p06_noise_random_pulse,normal,sleep,23,0.542529715652003
p06_noise_random_pulse,normal,sleep,24,0.401557003406269
p06_noise_random_pulse,normal,sleep,25,0.467913109773454
p06_noise_random_pulse,normal,sleep,26,0.407866444339869
p06_noise_random_pulse,normal,sleep,27,0.379858644795186
p06_noise_random_pulse,normal,sleep,28,0.373991411226434
p06_noise_random_pulse,normal,sleep,29,0.437389159077162
p06_noise_random_pulse,normal,sleep,30,0.481656533285493
p06_noise_random_pulse,normal,sleep,31,0.386349330506076
p06_noise_random_pulse,normal,sleep,32,0.484320196165321
p06_noise_random_pulse,normal,sleep,33,0.416423395816550
p06_noise_random_pulse,normal,sleep,34,0.447576541188622
p06_noise_random_pulse,normal,sleep,35,0.421865588316964
p06_noise_random_pulse,normal,sleep,36,0.296362965148580
p06_noise_random_pulse,normal,sleep,37,0.409126580906791
p06_noise_random_pulse,normal,sleep,38,0.530198205510706
p06_noise_random_pulse,normal,sleep,39,0.281081109979611
p06_noise_random_pulse,normal,sleep,40,0.529483403738351
p06_noise_random_pulse,normal,sleep,41,0.403770568840151
p06_noise_random_pulse,normal,sleep,42,0.518280769988519
p06_noise_random_pulse,normal,sleep,43,0.472574799154765
p06_noise_random_pulse,normal,sleep,44,0.494493662664379
p06_noise_random_pulse,normal,sleep,45,0.463965212689609
p06_noise_random_pulse,normal,sleep,46,0.383283883452758
p06_noise_random_pulse,normal,sleep,47,0.374042584401908
p06_noise_random_pulse,normal,sleep,48,0.390018408717291
p06_noise_random_pulse,normal,sleep,49,0.509138477723054
p06_noise_random_pulse,normal,sleep,50,0.441375105453791
p06_noise_random_pulse,normal,sleep,51,0.482330519420366
p06_noise_random_pulse,normal,sleep,52,0.424704029249123
p06_noise_random_pulse,normal,sleep,53,0.443113654859664
p06_noise_random_pulse,normal,sleep,54,0.350167260876698
p06_noise_random_pulse,normal,sleep,55,0.442923616080602
p06_noise_random_pulse,normal,sleep,56,0.398435124515892
p06_noise_random_pulse,normal,sleep,57,0.318923706052165
p06_noise_random_pulse,normal,sleep,58,0.516907353296412
p06_noise_random_pulse,normal,sleep,59,0.433865230884640
p06_noise_random_pulse,normal,sleep,60,0.335304818442962
p06_noise_random_pulse,normal,sleep,61,0.343065684499994
p06_noise_random_pulse,normal,sleep,62,0.410623655496874
p06_noise_random_pulse,normal,sleep,63,0.486272298419567
p06_noise_random_walk,normal,sleep,0,0.440780366838967
p06_noise_random_walk,normal,sleep,1,0.393575256245311
p06_noise_random_walk,normal,sleep,2,0.607014134396282
p06_noise_random_walk,normal,sleep,3,0.530319309680571
p06_noise_random_walk,normal,sleep,4,0.393784515423907
p06_noise_random_walk,normal,sleep,5,0.398115959320224
p06_noise_random_walk,normal,sleep,6,0.407679568354053
p06_noise_random_walk,normal,sleep,7,0.521808680685817
p06_noise_random_walk,normal,sleep,8,0.491847533710211
p06_noise_random_walk,normal,sleep,9,0.398519929992510
p06_noise_random_walk,normal,sleep,10,0.572193679330270
p06_noise_random_walk,normal,sleep,11,0.522970524272643
p06_noise_random_walk,normal,sleep,12,0.392742970994768
p06_noise_random_walk,normal,sleep,13,0.520729759222164
p06_noise_random_walk,normal,sleep,14,0.492202162043519
p06_noise_random_walk,normal,sleep,15,0.518073563560284
p06_noise_random_walk,normal,sleep,16,0.519922284237844
p06_noise_random_walk,normal,sleep,17,0.674217548005225
p06_noise_random_walk,normal,sleep,18,0.532626169475978
p06_noise_random_walk,normal,sleep,19,0.485555916312089
p06_noise_random_walk,normal,sleep,20,0.392798942066082
p06_noise_random_walk,normal,sleep,21,0.321089656656275
p06_noise_random_walk,normal,sleep,22,0.597968171889390
p06_noise_random_walk,normal,sleep,23,0.427284615236579
p06_noise_random_walk,normal,sleep,24,0.470996491995130
p06_noise_random_walk,normal,sleep,25,0.363764188750451
p06_noise_random_walk,normal,sleep,26,0.366208701845163
p06_noise_random_walk,normal,sleep,27,0.480949677540369
p06_noise_random_walk,normal,sleep,28,0.517737223637193
p06_noise_random_walk,normal,sleep,29,0.438517213549296
p06_noise_random_walk,normal,sleep,30,0.382036492007124
p06_noise_random_walk,normal,sleep,31,0.467417328022196
p06_noise_random_walk,normal,sleep,32,0.523518210747446
p06_noise_random_walk,normal,sleep,33,0.471354771272577
p06_noise_random_walk,normal,sleep,34,0.528259255500490
p06_noise_random_walk,normal,sleep,35,0.464883609499283
p06_noise_random_walk,normal,sleep,36,0.421869040722873
p06_noise_random_walk,normal,sleep,37,0.435498733952643
p06_noise_random_walk,normal,sleep,38,0.532427356625794
p06_noise_random_walk,normal,sleep,39,0.496681844879127
p06_noise_random_walk,normal,sleep,40,0.438817668391660
p06_noise_random_walk,normal,sleep,41,0.281792398225465
p06_noise_random_walk,normal,sleep,42,0.530328307456911
p06_noise_random_walk,normal,sleep,43,0.519929116721341
p06_noise_random_walk,normal,sleep,44,0.383521958185406
p06_noise_random_walk,normal,sleep,45,0.369857875703282
p06_noise_random_walk,normal,sleep,46,0.484597411223896
p06_noise_random_walk,normal,sleep,47,0.515784299230245
p06_noise_random_walk,normal,sleep,48,0.404544742269768
p06_noise_random_walk,normal,sleep,49,0.336235990348401
p06_noise_random_walk,normal,sleep,50,0.435119191914499
p06_noise_random_walk,normal,sleep,51,0.415453212999059
p06_noise_random_walk,normal,sleep,52,0.527061116812234
p06_noise_random_walk,normal,sleep,53,0.554594213132391
p06_noise_random_walk,normal,sleep,54,0.510949279424454
p06_noise_random_walk,normal,sleep,55,0.309050668242568
p06_noise_random_walk,normal,sleep,56,0.519971345837126
p06_noise_random_walk,normal,sleep,57,0.512947553509735
p06_noise_random_walk,normal,sleep,58,0.555758852687379
p06_noise_random_walk,normal,sleep,59,0.345673476488506
p06_noise_random_walk,normal,sleep,60,0.487985361252042
p06_noise_random_walk,normal,sleep,61,0.459423200229671
p06_noise_random_walk,normal,sleep,62,0.517813297917951
p06_noise_random_walk,normal,sleep,63,0.468846890759915
p06_noise_room,normal,sleep,0,0.381302915026737
p06_noise_room,normal,sleep,1,0.472372285174064
p06_noise_room,normal,sleep,2,0.438633345439486
p06_noise_room,normal,sleep,3,0.411678508643143
p06_noise_room,normal,sleep,4,0.439636088874874
p06_noise_room,normal,sleep,5,0.413074530113236
p06_noise_room,normal,sleep,6,0.274963320226902
p06_noise_room,normal,sleep,7,0.408287772278612
p06_noise_room,normal,sleep,8,0.349765142375768
p06_noise_room,normal,sleep,9,0.520620916915507
p06_noise_room,normal,sleep,10,0.330905380962620
p06_noise_room,normal,sleep,11,0.342501597776668
p06_noise_room,normal,sleep,12,0.538328964876213
p06_noise_room,normal,sleep,13,0.328867551668317
p06_noise_room,normal,sleep,14,0.530619067897271
p06_noise_room,normal,sleep,15,0.407927054563518
p06_noise_room,normal,sleep,16,0.367061378039164
p06_noise_room,normal,sleep,17,0.309148386435586
p06_noise_room,normal,sleep,18,0.298606560059507
p06_noise_room,normal,sleep,19,0.431849871004858
p06_noise_room,normal,sleep,20,0.333419927208892
p06_noise_room,normal,sleep,21,0.480280908846935
p06_noise_room,normal,sleep,22,0.403408481677509
p06_noise_room,normal,sleep,23,0.428422594142704
p06_noise_room,normal,sleep,24,0.281840309115925
p06_noise_room,normal,sleep,25,0.337390716660927
p06_noise_room,normal,sleep,26,0.392859243475263
p06_noise_room,normal,sleep,27,0.413883120925759
p06_noise_room,normal,sleep,28,0.291059957096136
p06_noise_room,normal,sleep,29,0.371000897237853
p06_noise_room,normal,sleep,30,0.357088602393818
p06_noise_room,normal,sleep,31,0.367337587600541
p06_noise_room,normal,sleep,32,0.330384477970581
p06_noise_room,normal,sleep,33,0.408755823433192
p06_noise_room,normal,sleep,34,0.328260158275956
p06_noise_room,normal,sleep,35,0.351185668547031
p06_noise_room,normal,sleep,36,0.503404229374447
p06_noise_room,normal,sleep,37,0.418766732664863
p06_noise_room,normal,sleep,38,0.401370071020530
p06_noise_room,normal,sleep,39,0.523203018027286
p06_noise_room,normal,sleep,40,0.270704433937115
p06_noise_room,normal,sleep,41,0.323077265854489
p06_noise_room,normal,sleep,42,0.339720388086110
p06_noise_room,normal,sleep,43,0.412341147386212
p06_noise_room,normal,sleep,44,0.494980624297482
p06_noise_room,normal,sleep,45,0.203056443436816
p06_noise_room,normal,sleep,46,0.458117746494885
p06_noise_room,normal,sleep,47,0.324446750101476
p06_noise_room,normal,sleep,48,0.391533781535078
p06_noise_room,normal,sleep,49,0.251780280536630
p06_noise_room,normal,sleep,50,0.390781950184709
p06_noise_room,normal,sleep,51,0.389174927682425
p06_noise_room,normal,sleep,52,0.515036364777202
p06_noise_room,normal,sleep,53,0.472968140929899
p06_noise_room,normal,sleep,54,0.472246487230955
p06_noise_room,normal,sleep,55,0.373508871899319
p06_noise_room,normal,sleep,56,0.380720964119228
p06_noise_room,normal,sleep,57,0.518182052954220
p06_noise_room,normal,sleep,58,0.337030191350983
p06_noise_room,normal,sleep,59,0.572050714489826
p06_noise_room,normal,sleep,60,0.269294670026903
p06_noise_room,normal,sleep,61,0.417329850831474
p06_noise_room,normal,sleep,62,0.370917359310058
p06_noise_room,normal,sleep,63,0.455558529232204
p06_noise_static,normal,sleep,0,0.442530659912317
p06_noise_static,normal,sleep,1,0.468251701379455
p06_noise_static,normal,sleep,2,0.418091709357956
p06_noise_static,normal,sleep,3,0.425362647540317
p06_noise_static,normal,sleep,4,0.491688764484247
p06_noise_static,normal,sleep,5,0.592334152921543
p06_noise_static,normal,sleep,6,0.506327698443004
p06_noise_static,normal,sleep,7,0.319238786240332
p06_noise_static,normal,sleep,8,0.504563076462628
p06_noise_static,normal,sleep,9,0.429478302796786
p06_noise_static,normal,sleep,10,0.446546705237882
p06_noise_static,normal,sleep,11,0.263683764075102
p06_noise_static,normal,sleep,12,0.456358153637182
p06_noise_static,normal,sleep,13,0.491037394277481
p06_noise_static,normal,sleep,14,0.303959119836753
p06_noise_static,normal,sleep,15,0.434315889671813
p06_noise_static,normal,sleep,16,0.419114594506740
p06_noise_static,normal,sleep,17,0.565969425235425
p06_noise_static,normal,sleep,18,0.415836071661283
p06_noise_static,normal,sleep,19,0.462871706805658
p06_noise_static,normal,sleep,20,0.444460775346060
p06_noise_static,normal,sleep,21,0.422343287559782
p06_noise_static,normal,sleep,22,0.500557351916940
p06_noise_static,normal,sleep,23,0.583569324889431
p06_noise_static,normal,sleep,24,0.327004823991487
p06_noise_static,normal,sleep,25,0.192629804197822
p06_noise_static,normal,sleep,26,0.463213261548115
p06_noise_static,normal,sleep,27,0.379623408474526
p06_noise_static,normal,sleep,28,0.491087245617957
p06_noise_static,normal,sleep,29,0.497476310292211
p06_noise_static,normal,sleep,30,0.386090300684048
p06_noise_static,normal,sleep,31,0.564208439640353
p06_noise_static,normal,sleep,32,0.589631564562609
p06_noise_static,normal,sleep,33,0.531223447261556
p06_noise_static,normal,sleep,34,0.549241727667164
p06_noise_static,normal,sleep,35,0.514082255498412
p06_noise_static,normal,sleep,36,0.458989275859595
p06_noise_static,normal,sleep,37,0.569475206287140
p06_noise_static,normal,sleep,38,0.501467700004587
p06_noise_static,normal,sleep,39,0.387963307049116
p06_noise_static,normal,sleep,40,0.546210446588756
p06_noise_static,normal,sleep,41,0.520883462420296
p06_noise_static,normal,sleep,42,0.472675887067232
p06_noise_static,normal,sleep,43,0.539884124944899
p06_noise_static,normal,sleep,44,0.567669045579036
p06_noise_static,normal,sleep,45,0.409952649506704
p06_noise_static,normal,sleep,46,0.526599812104098
p06_noise_static,normal,sleep,47,0.400576416754327
p06_noise_static,normal,sleep,48,0.391645774827346
p06_noise_static,normal,sleep,49,0.515595673044600
p06_noise_static,normal,sleep,50,0.581085254100621
p06_noise_static,normal,sleep,51,0.437393603446713
p06_noise_static,normal,sleep,52,0.508964481794188
p06_noise_static,normal,sleep,53,0.483570156609660
p06_noise_static,normal,sleep,54,0.525483896902839
p06_noise_static,normal,sleep,55,0.572598726077136
p06_noise_static,normal,sleep,56,0.327269737819034
p06_noise_static,normal,sleep,57,0.507540218646737
p06_noise_static,normal,sleep,58,0.525190804891084
p06_noise_static,normal,sleep,59,0.586153359246078
p06_noise_static,normal,sleep,60,0.329178758044565
p06_noise_static,normal,sleep,61,0.443564671826545
p06_noise_static,normal,sleep,62,0.475053511068306
p06_noise_static,normal,sleep,63,0.319887329041459
p06_tone_control,normal,sleep,0,0.466029560566091
p06_tone_control,normal,sleep,1,0.472883151285619
p06_tone_control,normal,sleep,2,0.467033453620682
p06_tone_control,normal,sleep,3,0.460327447699847
p06_tone_control,normal,sleep,4,0.476089033255577
p06_tone_control,normal,sleep,5,0.474596695526436
p06_tone_control,normal,sleep,6,0.459895666831903
p06_tone_control,normal,sleep,7,0.464100657834417
p06_tone_control,normal,sleep,8,0.468401884127639
p06_tone_control,normal,sleep,9,0.462979015934544
p06_tone_control,normal,sleep,10,0.464681875190870
p06_tone_control,normal,sleep,11,0.460663727176540
p06_tone_control,normal,sleep,12,0.479541589214026
p06_tone_control,normal,sleep,13,0.462370421592685
p06_tone_control,normal,sleep,14,0.465728205967417
p06_tone_control,normal,sleep,15,0.464006584531676
p06_tone_control,normal,sleep,16,0.478338631116966
p06_tone_control,normal,sleep,17,0.470128108276530
p06_tone_control,normal,sleep,18,0.467021750263207
p06_tone_control,normal,sleep,19,0.470257803294015
p06_tone_control,normal,sleep,20,0.465657235945821
p06_tone_control,normal,sleep,21,0.464338343135633
p06_tone_control,normal,sleep,22,0.477784358772952
p06_tone_control,normal,sleep,23,0.469549956623809
p06_tone_control,normal,sleep,24,0.459889313498610
p06_tone_control,normal,sleep,25,0.463810722421555
p06_tone_control,normal,sleep,26,0.466439412838496
p06_tone_control,normal,sleep,27,0.473316012664811
p06_tone_control,normal,sleep,28,0.468137932302897
p06_tone_control,normal,sleep,29,0.462563905836099
p06_tone_control,normal,sleep,30,0.475860338125966
p06_tone_control,normal,sleep,31,0.470394480142353
p06_tone_control,normal,sleep,32,0.470162830891547
p06_tone_control,normal,sleep,33,0.454820417352722
p06_tone_control,normal,sleep,34,0.472480584710356
p06_tone_control,normal,sleep,35,0.462356913233856
p06_tone_control,normal,sleep,36,0.458164262181069
p06_tone_control,normal,sleep,37,0.458747910446498
p06_tone_control,normal,sleep,38,0.476349859798743
p06_tone_control,normal,sleep,39,0.463812291357962
p06_tone_control,normal,sleep,40,0.465998710777813
p06_tone_control,normal,sleep,41,0.474231877692806
p06_tone_control,normal,sleep,42,0.466384394984154
p06_tone_control,normal,sleep,43,0.463969359457344
p06_tone_control,normal,sleep,44,0.465367774350237
p06_tone_control,normal,sleep,45,0.461991234813135
p06_tone_control,normal,sleep,46,0.466959672799234
p06_tone_control,normal,sleep,47,0.464932947627571
p06_tone_control,normal,sleep,48,0.472075380956893
p06_tone_control,normal,sleep,49,0.466209202947364
p06_tone_control,normal,sleep,50,0.463481475890196
p06_tone_control,normal,sleep,51,0.478470740492935
p06_tone_control,normal,sleep,52,0.464620671605183
p06_tone_control,normal,sleep,53,0.465370880890731
p06_tone_control,normal,sleep,54,0.474776808693217
p06_tone_control,normal,sleep,55,0.464568977415073
p06_tone_control,normal,sleep,56,0.464214529504840
p06_tone_control,normal,sleep,57,0.466153581122298
p06_tone_control,normal,sleep,58,0.470029684185257
p06_tone_control,normal,sleep,59,0.454216018951239
p06_tone_control,normal,sleep,60,0.462046898653911
p06_tone_control,normal,sleep,61,0.462443986921318
p06_tone_control,normal,sleep,62,0.461870841496541
p06_tone_control,normal,sleep,63,0.464263286389556
